ID,titles,origin_clean,date,topic
3171313081.0,"Q+A: What do you want to know about the Ontario election? Submit your questions now:   Queen’s Park reporter Laura Stone and columnist Robyn Urback will be answering reader questions about the election, U.S. tariffs and what it means for the province",The Globe and Mail,2025-02-26,0
3171253100.0,"Ontario’s election is Thursday. Here’s what you need to know about party platforms and how to vote:   On Feb. 27, Doug Ford’s PCs seek a new majority as the NDP, Liberals and Greens hope to gain ground. Learn more about what’s at stake",The Globe and Mail,2025-02-26,0
3171210696.0,What you need to know about the Ontario election:   Doug Ford called a snap election in wake of Trump tariffs,The Globe and Mail,2025-02-26,0
3171135998.0,"Weather, timing could take toll on Ontario turnout:   Experts are divided on whether low voter numbers signal an ailing democracy or a temporary lack of interest by the public",The Globe and Mail,2025-02-26,0
3170675736.0,Ontario opposition parties face uphill fight:   Liberals’ Crombie and NDP’s Stiles lag behind PC Leader Doug Ford in snap winter election amid Trump tariff crisis,The Globe and Mail,2025-02-25,0
3170675732.0,"On housing, does Ford have the answers – and the guts to act?",The Globe and Mail,2025-02-25,10
3170675544.0,Ontarians should focus on the miserable state of our schools,The Globe and Mail,2025-02-25,3
3169905537.0,"Ontario workers worse off now than before Ford was elected, critics say",The Globe and Mail,2025-02-24,20
3169311091.0,"Ford’s office warned about electioneering on D.C. trip:   Video of the mission should not be used for campaign purposes, said Cabinet Secretary letter",The Globe and Mail,2025-02-22,0
3169310964.0,"Ford’s education funding vow isn’t enough: opposition:   Ontario NDP, Liberals say provincial Tories have left too many schools in need of repair",The Globe and Mail,2025-02-22,3
3168929515.0,Concerns rise over plans to shut Ontario drug-use sites:   Doug Ford says a PC government will create 27 addiction recovery treatment hubs,The Globe and Mail,2025-02-21,8
3168928996.0,"Ford defends sponsoring interview with Trump, Musk as way to reach Americans",The Globe and Mail,2025-02-21,0
3168509588.0,Ontario government sponsors Hannity’s show on Fox News for Trump and Musk interview,The Globe and Mail,2025-02-20,0
3168449680.0,"Ontario government sponsors Sean Hannity’s show on Fox News for Trump and Musk interview:   The sponsorship is part of an ad buy costing tens of millions of dollars, but the government won’t reveal the full cost",The Globe and Mail,2025-02-19,0
3168234351.0,"Morning Update: The different sides of Doug Ford:   Also in today’s edition: Passengers reflect on the Toronto plane crash, and provinces plan an economic future with tariffs",The Globe and Mail,2025-02-19,0
3168155563.0,Greenbelt scandal hangs over Ford as Ontario election nears:   The PC Leader is sending voters to the polls during probe into his government’s aborted plan to develop the protected area,The Globe and Mail,2025-02-19,0
3167802494.0,The premiers need to be challenged on the notwithstanding clause,The Globe and Mail,2025-02-18,14
3167802491.0,"Five takeaways from final Ontario debate:   Ford, Crombie, Stiles and Schreiner battle each other as province’s election day nears",The Globe and Mail,2025-02-18,0
3166911476.0,Ontario election shows supporting Canada requires more than selective grocery shopping,The Globe and Mail,2025-02-15,0
3166897328.0,"Ford ‘ripped up’ housing rules, critics say:   Developers praise PCs, but housing starts are down and Ontario is buildi ng less per capita than B.C., Alberta and Quebec",The Globe and Mail,2025-02-15,10
3166893599.0,Provincial leaders face off in northern debate:   PC Leader Doug Ford was targeted for his housing record and calling an early election,The Globe and Mail,2025-02-15,0
3166403727.0,A big election with three small visions,The Globe and Mail,2025-02-14,0
3166403715.0,What the data say about the state of Ontario’s health care,The Globe and Mail,2025-02-14,1
3166403712.0,Ontario NDP files ethics complaint over Ford’s Washington trip,The Globe and Mail,2025-02-14,0
3165606257.0,"Ford calls for tighter U.S.-Canada trade ties:   Premiers from across the country arrive in Washington to meet lawmakers, business groups to prevent Trump tariffs",The Globe and Mail,2025-02-12,0
3165350871.0,"Doug Ford arrives in Washington as Donald Trump announces 25% steel, aluminum tariffs:   Ford is travelling to the U.S. Capitol in his capacity as Ontario Premier during the provincial campaign, an unusual detour for a politician seeking re-election",The Globe and Mail,2025-02-11,0
3165232343.0,"Mr. Ford, end the deal with Elon Musk",The Globe and Mail,2025-02-11,0
3165232329.0,Ford heads to Washington before election:   Ontario Premier to visit the U.S. Capitol in an effort to promote Canada-U.S. relations,The Globe and Mail,2025-02-11,0
3164879160.0,"Ontario Liberals, PCs air duelling ads during Super Bowl",The Globe and Mail,2025-02-10,0
3164647351.0,"Ontario Liberals to air ads attacking Doug Ford during Super Bowl:   The two 30-second campaign ads target the Premier’s comments on Donald Trump’s election, as well as his record on health care",The Globe and Mail,2025-02-08,0
3164534356.0,Tariffs top of mind as Ontario election gets under way:   Opposition party leaders seek to switch focus as Ford positions himself as best option to take on Trump,The Globe and Mail,2025-02-08,0
3164459657.0,"Ontario election kicks off with tariffs – but will it end up being about something else?:   Doug Ford says he needs a ‘strong mandate’ to deal with Donald Trump, but opposition parties hope to turn the spotlight onto provincial issues",The Globe and Mail,2025-02-07,0
3164184497.0,Ford says he hasn’t been interviewed by RCMP in Greenbelt investigation,The Globe and Mail,2025-02-07,18
3164184487.0,"As election nears, Ontario colleges sound alarm on financial impact of foreign-student shortfall",The Globe and Mail,2025-02-07,3
3163311619.0,"Ontario Progressive Conservatives, Liberals promise to cover capital costs of Ottawa LRT",The Globe and Mail,2025-02-05,17
3163240954.0,"Ontario Progressive Conservatives and Liberals promise to cover capital costs of Ottawa’s LRT:   Doug Ford made his commitment at a news conference in Ottawa, while Ontario Liberal Leader Bonnie Crombie promised her support in a statement that also committed to other transportation measures",The Globe and Mail,2025-02-04,17
3163035835.0,"Ford, Kinew pause U.S. liquor ban as levies held off:   The Ontario Premier also postponed cancelling the $100-million deal for Elon Musk’s Starlink satellite provider",The Globe and Mail,2025-02-04,0
3162746478.0,"Ontario to cancel $100-million contract with Elon Musk’s Starlink, Premier Ford says:   Ford also said he was banning all U.S. companies from bidding on Ontario government contracts until tariffs are removed",The Globe and Mail,2025-02-03,0
3162680397.0,"Premiers place bans on U.S. booze sales:   B.C., Quebec announce additional measures while Ontario’s Ford is expected to outline more plans on campaign trail Monday",The Globe and Mail,2025-02-03,0
3162068773.0,Ontario Premier’s election call is unnecessary and cynical,The Globe and Mail,2025-02-01,0
3161397936.0,Doug Ford’s big election gamble:   Ontario election day set for Feb. 27,The Globe and Mail,2025-01-30,0
3161312555.0,Ontario election campaigns launch as Ford vows to fight Trump’s tariffs threat:   Chief Electoral Officer says going to the polls Feb. 27 will cost about $189-million,The Globe and Mail,2025-01-30,0
3160899429.0,Ontario election campaigns launch as Ford vows to fight tariffs and opposition parties aim at health care:   Province’s top vote official says going to the polls Feb. 27 will cost $189-million,The Globe and Mail,2025-01-29,0
3160676979.0,The sobering cost of Doug Ford’s bar tab,The Globe and Mail,2025-01-29,6
3160676974.0,"Ford triggers early Ontario election:   Premier cites Trump threats, need to secure strong mandate to protect province from tariffs",The Globe and Mail,2025-01-29,0
3160340670.0,Doug Ford set to formally trigger early Ontario election:   Ontario Premier will meet province’s Lieutenant-Governor Tuesday afternoon,The Globe and Mail,2025-01-28,0
3160231636.0,"Ontario’s corner-store booze deal to cost $1.4-billion, watchdog says",The Globe and Mail,2025-01-28,6
3160231418.0,Here are the actual reasons Ford is calling an early election in Ontario,The Globe and Mail,2025-01-28,0
3160231414.0,Ontario pitches health care spending ahead of election:   PCs unofficially begin their campaign by pledging $1.8-billion toward primary care,The Globe and Mail,2025-01-28,1
3160043417.0,Ontario pledges $1.8-billion to get more residents access to family doctors or nurse practitioners:   The goal of the plan is to attach two million more Ontarians to interdisciplinary health teams that include family doctors and other health professionals,The Globe and Mail,2025-01-27,1
3159985530.0,"Ontario Premier Doug Ford’s plan to expand alcohol sales to cost $1.4-billion, financial watchdog says:   Price is much higher than the numbers the government disclosed last year, report finds",The Globe and Mail,2025-01-27,6
3159976031.0,"Morning Update: Ontario prepares for an election:   Also in today’s edition: Saint John’s punk scene, and lessons from Holocaust survivors",The Globe and Mail,2025-01-27,0
3159929965.0,Ontario Liberals and labour groups criticize Ford’s early election campaign,The Globe and Mail,2025-01-27,0
3159929962.0,Doug Ford calls for snap election before his record catches up to him:   Premier is in a sweet spot where he can use Trump’s tariff threats and the hat-wearing Captain Canada shtick to his advantage,The Globe and Mail,2025-01-27,0
3159582281.0,"Ford announces early election as tariffs loom:   Ontario Premier says he needs new mandate, insists opposition would be a ‘disaster’ facing Donald Trump",The Globe and Mail,2025-01-25,0
3159271154.0,"Ontario Premier Doug Ford confirms early election call:   Ontario Premier says he is triggering an election, with the campaign starting next Wednesday, to win a mandate to fight U.S. tariffs",The Globe and Mail,2025-01-24,0
3159008484.0,"Ford to call snap election next week:   Ontario Premier insists move won’t distract from governing, trying to fend off Trump threat",The Globe and Mail,2025-01-24,0
3158900150.0,Ontario voters to head to the polls Feb. 27: source:   Progressive Conservative party source says Premier Ford will launch a provincial election campaign next week,The Globe and Mail,2025-01-23,0
3158270107.0,"Ontario PCs invite members to ‘super caucus’ meeting:   Doug Ford won’t rule out an early election, says he’ll need a new mandate to protect against Trump’s tariff",The Globe and Mail,2025-01-23,0
3158097404.0,"Ford calls for dollar-for-dollar tariffs, says premiers discussed internal trade barriers:   Ford said premiers were united on the ‘positive approach’ to convince Trump to abandon his tariffs",The Globe and Mail,2025-01-22,0
3157906380.0,"Is the LCBO the largest purchaser of alcohol in the world?:   It may rank among the biggest global buyers, but it has been decades since the LCBO could lay claim to the top spot",The Globe and Mail,2025-01-22,6
3157769379.0,Ford could call early Ontario election soon:   Premier’s chief of staff sent an internal memo about the need for a strong mandate to deal with U.S. tariff threat,The Globe and Mail,2025-01-22,0
3157478153.0,"Ontario needs ‘strong mandate’ to fight tariffs, top Ford staffer said in internal email, indicating early election plans:   The Premier recently used similar language while discussing a potential response to Trump’s proposed tariffs",The Globe and Mail,2025-01-21,0
3158270105.0,Ford’s proposed ‘Fortress Am-Can’ response to Trump’s tariff threat lacks credibility,The Globe and Mail,2025-01-20,0
3156708333.0,Canada’s unlikely champion has stepped up to combat Trump,The Globe and Mail,2025-01-18,0
3156289847.0,Ethics watchdog declines to investigate minister over Ontario Place deal,The Globe and Mail,2025-01-17,16
3156289843.0,"‘Stay tuned’ on early election call, Ford says:   Ontario Premier says he doesn’t have mandate to spend the billions it may cost to respond to Trump tariffs",The Globe and Mail,2025-01-17,0
3155895296.0,Ontario teachers’ union launches satirical ‘Ford High’ ad campaign,The Globe and Mail,2025-01-16,3
3155483592.0,"Trump tariffs could threaten a half-million Ontario jobs, Ford warns",The Globe and Mail,2025-01-15,0
3155268066.0,"Donald Trump’s tariffs could cost Ontario 500,000 jobs, Doug Ford warns:   Ontario Premier says he expects Ottawa to help province with billions in pandemic-style relief efforts",The Globe and Mail,2025-01-14,0
3155482949.0,"For the new year, Ford should resolve to target broken promises",The Globe and Mail,2025-01-10,2
3152417097.0,Ontario enhances security at U.S. border:   Province’s move aims to convince president-elect Donald Trump to spare Canadian imports from tariffs,The Globe and Mail,2025-01-08,0
3151826217.0,Ontario colleges at risk of faculty strike or work-to-rule as labour negotiations continue,The Globe and Mail,2025-01-06,20
3150200861.0,"Will Ontario update property assessments?:   Provincial legislation mandates appraisals take place every four years, but taxes are still based on values from 2016",The Globe and Mail,2024-12-31,10
3147278380.0,"With Ottawa in chaos, Ford must do better at tackling U.S. trade woes",The Globe and Mail,2024-12-18,0
3146465303.0,"Doug Ford says he wants to sit down with Donald Trump to talk trade:   Ontario Premier made a series of U.S. media appearances outlining trade, border security as key topics he’d like to tackle with the president-elect",The Globe and Mail,2024-12-18,0
3143469975.0,Ontario proposes ban on public drug use:   Critics say measures will ‘criminalize’ homeless; changes also come with new funding for shelters and housing,The Globe and Mail,2024-12-13,4
3143253997.0,"Ontario introduces bills that would toughen trespass penalties, ban drug use in effort to tackle encampments:   Proposals come with additional $75.5-million in shelter and housing funding",The Globe and Mail,2024-12-12,4
3142742671.0,Ontario colleges cut budgets after limits placed on international student enrolment,The Globe and Mail,2024-12-11,3
3142466434.0,Doug Ford’s plan to dismantle homeless encampments:   The Ontario Premier said he’s ready to use the notwithstanding clause to ensure that police and municipalities have the power to dismantle homeless encampments,The Globe and Mail,2024-12-10,4
3142111078.0,Is Doug Ford really getting it done?,The Globe and Mail,2024-12-09,16
3141647161.0,Ford government is blighting Ontario Place at a huge cost,The Globe and Mail,2024-12-07,16
3141235182.0,Ford warns notwithstanding clause if courts block encampment crackdown,The Globe and Mail,2024-12-06,4
3138374162.0,"Ontario Place revamp to cost billions, bid process unfair, audit finds",The Globe and Mail,2024-12-04,16
3138374147.0,"Toronto rideshare drivers often earn far less than minimum wage: report:   After accounting for costs, total time on the road, median hourly wage was $5.97 for workers who are mostly young and racialized",The Globe and Mail,2024-12-04,5
3135085221.0,"Ontario Place redevelopment now estimated at $2.2-billion as Auditor-General notes ‘irregular’ bid process:   The audit concludes that the process used to select Therme for the Ontario Place site was not ‘fair, transparent or accountable to all participants’ as required by the province’s own rules for real estate transactions",The Globe and Mail,2024-12-03,16
3134994787.0,Metrolinx CEO leaving as critics call for accountability on delays,The Globe and Mail,2024-12-03,17
3134888725.0,Metrolinx CEO Phil Verster to leave Ontario transportation agency after seven years:   Verster’s departure comes as Eglinton Crosstown LRT project is without an opening date despite being first announced in 2009,The Globe and Mail,2024-12-02,17
3134280386.0,"Doug Ford needs to build more toll highways to solve Toronto’s traffic crisis, not buy back the 407:   Tolling makes drivers consider when they drive and what routes they take, shifting some traffic off the most heavily used routes at the busiest times of day",The Globe and Mail,2024-11-30,13
3134234613.0,Don’t buy back the 407,The Globe and Mail,2024-11-30,13
3134231150.0,The bike lane debate isn’t a war on cycling – it’s a war on data,The Globe and Mail,2024-11-28,5
3134231149.0,"To counter tariffs, listen to Doug Ford – but not for the reason you’d think",The Globe and Mail,2024-11-28,0
3133412899.0,"Ontario to spend tens of millions on U.S. ad campaign as Trump pledges tariffs:   The ads will highlight the strong trading relationship between Ontario and the United States, focusing job creation, critical minerals and energy",The Globe and Mail,2024-11-27,0
3132755433.0,"Doctors warn Doug Ford that ripping out bike lanes will lead to more ‘brutal’ injuries:   When it comes to prevention, the research is clear: Bike lanes reduce collisions between vehicles and bicycles",The Globe and Mail,2024-11-26,5
3133074008.0,Closing supervised drug-use sites hurts us all:   Doug Ford’s decision to close nearly half of Ontario’s locations will lead to higher demands on our overtaxed ERs,The Globe and Mail,2024-11-25,8
3131694168.0,Why you should pay attention to this Ontario court ruling on a climate-change case,The Globe and Mail,2024-11-21,11
3131040466.0,"Provinces back cutting Mexico from U.S. trade talks, Ford says:   While Ontario Premier touts consensus, industry group criticizes call for separate bilateral deals",The Globe and Mail,2024-11-21,0
3130781366.0,"Doug Ford says Canada’s premiers back call for bilateral trade deal with U.S.:   The Ontario Premier floated the idea last week, echoing the incoming Trump administration’s concerns that Mexico is a ‘backdoor’ for cheap Chinese auto parts",The Globe and Mail,2024-11-20,0
3130501541.0,Country’s largest bottled-water producer exits Ontario,The Globe and Mail,2024-11-20,6
3129876161.0,Ontario tables supervised consumption site bill:   Legislation bans locations near schools and child-care centres and means 10 sites will have to close,The Globe and Mail,2024-11-19,8
3128470505.0,"Kingston ‘health homes’ put Philpott’s bold vision of primary care to the test:   A former federal health minister wants family medicine to look more like public schools, with catchment areas to reach people where they live. In Ontario, a lucky few can now try it out for themselves",The Globe and Mail,2024-11-15,1
3127173071.0,Doug Ford’s plan to rip up Toronto bike lanes is a dangerous political stunt,The Globe and Mail,2024-11-13,5
3126882747.0,"Doug Ford calls Mexico ‘backdoor’ for Chinese goods, proposes Canada-U.S. free trade deal:   Ontario premier urges Mexico to match trade tariffs on Chinese imports",The Globe and Mail,2024-11-12,0
3126820401.0,Tribunal dismisses 93% of complaints:   Watchdog accuses Ontario Human Rights Tribunal of ‘using legal technicalities’ to push applicants into abandoning claims,The Globe and Mail,2024-11-12,9
3126271132.0,Doug Ford needs a reminder that he’s Premier of Ontario – not mayor of Toronto,The Globe and Mail,2024-11-09,0
3124809054.0,"Ford government extends subsidies for political parties, fueling early Ontario election speculation:   The per-vote subsidies, which Doug Ford once called ‘political welfare’ and were to be phased out at the end of this year, have been extended until January, 2027",The Globe and Mail,2024-11-06,2
3124135393.0,"Ottawa’s Carleton University to open nursing school, the first to open in the province in two decades:   The program will operate on a compressed, year-round schedule to graduate in three years, as part of national effort to train more nurses to support the health system",The Globe and Mail,2024-11-05,1
3123985191.0,"Drivers, bike lanes are not the enemy. Ripping them out will only make commutes worse:   Overwhelming evidence shows bikes lanes help to ease congestion rather than cause it, but Doug Ford’s government wants to rip out bike lanes because it plays to his base",The Globe and Mail,2024-11-05,5
3123615412.0,Ontario urges Ottawa to pause digital tax:   Premier says new levy aimed at tech giants could damage trade relationship between Canada and the U.S.,The Globe and Mail,2024-11-04,0
3123199173.0,Ontario could remove key bike lanes in Toronto,The Globe and Mail,2024-11-02,5
3122853701.0,Ontario mayors want ruling on encampments,The Globe and Mail,2024-11-01,4
3122396962.0,Ontario deficit down in fiscal update:   Fall economic statement also includes province’s plan to hand out $200 cheques,The Globe and Mail,2024-10-31,2
3122169203.0,"Ontario projects lower deficit amid early election speculation:   The province’s fall economic statement projects a deficit in the current fiscal year of $6.6-billion, down from $9.8-billion, and raises the prospect of a balanced budget as early as next year",The Globe and Mail,2024-10-30,2
3121865110.0,Ontario Premier cites high cost of living in $200-cheque pledge,The Globe and Mail,2024-10-30,2
3121571674.0,Ontario Premier Doug Ford announces $200 tax-free rebate cheques:   The move will cost $3-billion as the Progressive Conservative government mulls an early election call,The Globe and Mail,2024-10-29,2
3121149803.0,Toronto Mayor wants to discuss bike lanes with Ford:   Chow faces pressure to respond after Ontario Premier declares war on bicycle infrastructure,The Globe and Mail,2024-10-28,5
3121066165.0,Ford government should stop the $200-cheque gimmick and finally cut taxes:   Premier plans to send a onetime tax rebate to all Ontarians in an effort to ‘stimulate the economy.’ Media reports suggest it will be at least $200,The Globe and Mail,2024-10-27,2
3120750818.0,Are we pretending Doug Ford’s $200 ‘rebate’ isn’t a pre-election bribe?,The Globe and Mail,2024-10-26,2
3120750817.0,"A lesson Doug Ford could learn from Robert Moses:   The pharaonic builder shaped modern New York, building expressways which filled up almost as soon as they opened",The Globe and Mail,2024-10-26,-1
3120746566.0,"Ontario plans to prioritize provincial residents for medical school spots:   In bid to retain doctors, province would reserve 95% of undergraduate seats for Ontarians and prohibit international students by 2026",The Globe and Mail,2024-10-26,1
3120266730.0,Highway 413 to be exempt from Environmental Assessment Act:   Critics call on Ottawa to intervene after bill to speed up construction puts species at risk,The Globe and Mail,2024-10-25,-1
3118980439.0,Philpott tapped to fix Ontario’s doctor gap:   Former federal health minister appointed by province to lead new team that will link providers with patients,The Globe and Mail,2024-10-22,1
3118771094.0,"Doug Ford appoints Jane Philpott to lead Ontario’s new primary care action team:   The appointment of Philpott, a former federal Liberal cabinet minister, is intended to ‘close the gap’ for the estimated ten per cent of Ontarians who aren’t linked to a primary health care team, the government says",The Globe and Mail,2024-10-21,1
3118591776.0,"Ontario Legislature returns from break:   Progressive Conservative government plans to address gridlock, affordability amid early election speculation",The Globe and Mail,2024-10-21,2
3117809400.0,Provincial NDP Leader seeks probe of Ontario Place lease:   Marit Stiles alleges spa operator received ‘preferential treatment’ over parking spaces,The Globe and Mail,2024-10-18,16
3117294269.0,Doug Ford’s Vegas-style vision for Niagara Falls may be a bad bet:   Dreams of a Canadian Vegas are past their expiration date as millennials and Gen Z are less apt to visit casinos and the rise of online gambling means some players avoid them altogether,The Globe and Mail,2024-10-17,16
3116834810.0,Ontario to require municipalities to get approval before converting road space into bicycle lanes,The Globe and Mail,2024-10-16,5
3116834803.0,"Three million Ontarians will be living with major illnesses by 2040, report says",The Globe and Mail,2024-10-16,1
3116611750.0,"Ontario set to ban new bike lanes without provincial approval:   The government, which has made gridlock a priority, intends to introduce legislation next week to change the process for installing bike lanes across the province",The Globe and Mail,2024-10-15,5
3115673300.0,"Ontario Liberals look to gear up their fundraising machine:   Crombie’s leadership campaign touted her ability to raise money, but Ford’s PCs are well ahead in donations this year",The Globe and Mail,2024-10-12,0
3112709034.0,Ontario unveils 95-year lease for waterfront spa:   Document shows little detail on how many public dollars are being used to prepare the site,The Globe and Mail,2024-10-04,16
3112495698.0,Province’s Therme Canada lease for Ontario Place includes as much as $25-million to prep site for redevelopment:   The government estimates the Therme deal will bring it nearly $2-billion in revenue for the province over the life of the lease,The Globe and Mail,2024-10-03,16
3112184176.0,"Ontario Premier won’t rule out buyback of Highway 407, valued at $29-billion:   Doug Ford says ‘all options are on the table’ to fight congestion",The Globe and Mail,2024-10-02,13
3111407575.0,Ford’s Highway 401 tunnel idea shows we’ve dug ourselves into serious car dependency:   You cannot move a population the size of the Greater Toronto Area primarily by automobile. No major city does,The Globe and Mail,2024-10-01,13
3110661828.0,"Doug Ford’s Highway 401 tunnel could cost $60-billion or more – and wouldn’t solve congestion, say experts:   Tunnelling would start around $1-billion a kilometre, but could even be double or triple that, depending on how many traffic lanes go underground",The Globe and Mail,2024-09-28,13
3110609462.0,Underground highway is Digger Doug’s pharaonic folly:   Ford’s proposed tunnel under the 401 tries to pander to drivers ahead of next election,The Globe and Mail,2024-09-28,13
3110029321.0,Doug Ford develops tunnel vision in pondering an election:   The Ontario Premier’s pitch to speed up traffic by tunnelling under Highway 401 is politically brilliant and otherwise dunderheaded,The Globe and Mail,2024-09-26,13
3109567313.0,Ford pledges world’s longest tunnel under Hwy. 401:   Ontario Premier says the project is needed to ease traffic congestion but wouldn’t provide a price,The Globe and Mail,2024-09-26,13
3109567289.0,Toronto school board wants province to speed up probe into field trip,The Globe and Mail,2024-09-26,3
3109565824.0,Doug Ford is driving in the wrong lane,The Globe and Mail,2024-09-26,13
3109187572.0,"Premier Doug Ford vows to dig massive tunnel under Highway 401 to address congestion:   Dismissing questions about costs, Ford unveils plans for a study of a new tunnel which would run from Mississauga to Markham",The Globe and Mail,2024-09-25,13
3108931253.0,"Delays, municipal fees still throttling housing starts in Ontario, report says:   Gap between new home construction and province’s population growth has never been wider, developer group warns",The Globe and Mail,2024-09-25,10
3108817520.0,"Ontario orders review into TDSB field trip where videos appear to show students marching in pro-Palestinian protest:   The school board ‘has failed to take swift and decisive action on this matter,’ Education Minister Jill Dunlop said",The Globe and Mail,2024-09-24,3
3108476043.0,Why Doug Ford won his by-elections and Justin Trudeau lost his,The Globe and Mail,2024-09-24,0
3108476033.0,Ford decries rally visit by Toronto students:   Ontario Premier calls for investigation into apparent participation in pro-Palestinian march,The Globe and Mail,2024-09-24,3
3107864793.0,"Early Ontario election still an option for Ford: sources:   Province would need a compelling reason, strategists say, or risk voter backlash",The Globe and Mail,2024-09-23,0
3106900133.0,"In Ontario, the race for industrial megasites meets farmers’ fury",The Globe and Mail,2024-09-20,21
3104374975.0,"Chill out, Ontario: Don’t fear booze in corner stores. Just talk to a Quebecker",The Globe and Mail,2024-09-14,6
3101449467.0,"Corner-store liquor sales a belated reform, not a disaster:   Ontario’s government is right to let smaller players sell liquor; it’s time to catch up",The Globe and Mail,2024-09-07,6
3099978520.0,"Alcohol set to hit Ontario corner stores:   Transition brings headaches over recycling, $225-million in payments to the Beer Store, warnings about increased drinking",The Globe and Mail,2024-09-03,6
3100736712.0,Doug Ford is making a fatal mistake:   Supervised consumption sites are about more than harm reduction. They are about saving lives,The Globe and Mail,2024-08-26,8
3096765009.0,Finding a balance in drug policy,The Globe and Mail,2024-08-26,8
3095390651.0,"Morning Update: Ontario’s controversial stand on the overdose crisis:   Also in today’s edition: Tim Walz speaks, Swifties save and grizzly bears are spotted",The Globe and Mail,2024-08-22,8
3095344292.0,Ford labels drug-use sites a ‘failed policy’ as he defends shutdowns,The Globe and Mail,2024-08-22,8
3095180017.0,"Doug Ford calls supervised consumption sites ‘worst things’ to happen to communities:   The Premier said he doesn’t believe in the sites and has heard numerous complaints from people about needles in parks, schools and by daycares. Instead, he said, the focus should be on treatment",The Globe and Mail,2024-08-21,8
3095024072.0,Ontario’s new planning policy requires cities to set minimum targets for affordable housing,The Globe and Mail,2024-08-21,10
3094625457.0,Ontario to unveil its new approach to supervised drug-consumption sites:   Province to announce update Tuesday at annual meeting for 444 municipalities,The Globe and Mail,2024-08-20,8
3093738740.0,"ONTARIO EDUCATION MINISTER TODD SMITH RESIGNS AFTER 10 WEEKS, WILL BE REPLACED BY JILL DUNLOP",The Globe and Mail,2024-08-17,3
3093566125.0,"Ontario Education Minister Todd Smith resigns two weeks before start of school year after being appointed in June:   Smith, who served as energy minister before he was shuffled into education, said he’s taking a job in the private sector",The Globe and Mail,2024-08-16,3
3093381540.0,Ontario to cap daycare fees at $22 a day,The Globe and Mail,2024-08-16,-1
3093011514.0,Ontario hires firm to lobby next president:   The province’s contract with Washington-based consulting firm is worth up to $1.3-million,The Globe and Mail,2024-08-15,0
3091092609.0,Ford staffers under investigation over Greenbelt:   Ontario Premier says he and his colleagues have ‘nothing to hide’ as RCMP probes rescinded development plans,The Globe and Mail,2024-08-10,18
3090096657.0,Ontario Place documentary and Gaza-filmed anthology lead TIFF’S 2024 non-fiction slate,The Globe and Mail,2024-08-08,16
3085042913.0,"Ontario’s new Energy Minister touts clean-energy ambition:   Stephen Lecce placing focus on renewables, battery storage and expanded nuclear power in his new cabinet role",The Globe and Mail,2024-07-27,11
3083350309.0,Doug Ford blames union for last-minute LCBO dispute,The Globe and Mail,2024-07-23,7
3083053387.0,LCBO stores to reopen Tuesday after union ratifies tentative deal,The Globe and Mail,2024-07-22,7
3079716389.0,First Nation’s court action could threaten Ontario mining claims,The Globe and Mail,2024-07-13,-1
3079707538.0,Province has duty to preserve science centre: Chow:   Toronto mayor says lease agreement with city means Ontario cannot relinquish responsibility over the building,The Globe and Mail,2024-07-13,12
3079707524.0,"Ontario Science Centre’s abrupt closing evokes nostalgia:   Disappointed families say facility ignited a love of learning in their kids, made leading-edge science accessible to everyone",The Globe and Mail,2024-07-13,12
3078880224.0,Ford government reaffirms decision to close Ontario Science Centre,The Globe and Mail,2024-07-12,12
3078580868.0,"Closing Ontario Science Centre was difficult decision but the rig ht one, Infrastructure Minister says:   Infrastructure Minister Kinga Surma said repairing the science centre would have required nearly half a billion dollars",The Globe and Mail,2024-07-11,12
3078325756.0,"Business Brief: Now is the summer of our (labour) discontent:   Also in today’s edition: AI on whether there’s an AI bubble, and what’s a Toronto office tower worth, anyway",The Globe and Mail,2024-07-11,7
3078245366.0,Ford says he won’t revisit plan to expand alcohol sales,The Globe and Mail,2024-07-11,7
3078245365.0,"Ontario mining claims violate Constitution, First Nation says:   Grassy Narrows to launch legal challenge against province over its current staking system",The Globe and Mail,2024-07-11,-1
3078095862.0,Doug Ford defends his government’s decision to close Ontario Science Centre:   The government plans to release the findings of a second technical report about the state of the science centre on Thursday,The Globe and Mail,2024-07-10,12
3077895308.0,"Doug Ford says ‘ship has sailed’ on pre-mixed drinks in corner stores amid LCBO strike:   The decision to expand alcohol sales – particularly ready-to-drink beverages – is at the heart of the dispute between the government and the union representing more than 9,000 workers",The Globe and Mail,2024-07-10,7
3077610238.0,Doug Ford’s hierarchy of needs starts with beer first,The Globe and Mail,2024-07-10,7
3076853311.0,Ontario’s plan to expand alcohol sales ‘irreversible’: Finance Minister,The Globe and Mail,2024-07-09,7
3076853318.0,LCBO strike could herald a longer battle:   There have been simmering tensions for decades between the Liquor Control Board of Ontario and workers,The Globe and Mail,2024-07-08,7
3076138486.0,"LCBO strike spells opportunity, uncertainty for Ontario businesses that sell alcohol",The Globe and Mail,2024-07-06,7
3075836685.0,"LCBO workers to begin strike as talks with Crown corporation break down, union says",The Globe and Mail,2024-07-05,7
3075749236.0,"LCBO strike imminent after talks between Crown corporation, union break down:   Ontario’s Finance Minister said that the government is disappointed by OPSEU’s decision to walk away from the bar gaining table hours before the deadline",The Globe and Mail,2024-07-04,7
3074929919.0,"Ontario Place’s food, beverage plan scrapped:   Contract to design and deliver restaurants and bars at site previously handed to group with links to the Premier",The Globe and Mail,2024-07-03,16
3072971191.0,"Ontario has left urban planning to developers, and the results aren’t great",The Globe and Mail,2024-06-27,10
3072893711.0,"Toronto councillors approve motion urging city to take control of Ontario Science Centre:   The province abruptly announced the permanent shuttering of the facility, citing roof problems, but critics argue those issues can be fixed without closing the building",The Globe and Mail,2024-06-27,12
3072617552.0,AI pioneer offers $1-million to fix Science Centre roof:   Geoffrey Hinton calls on Ontario government to keep 55-year-old facility in its current home,The Globe and Mail,2024-06-27,12
3072290144.0,‘Godfather’ of AI offers $1-million for Ontario Science Centre roof:   World-renowned scientist Geoffrey Hinton says government must abandon plan to relocate facility,The Globe and Mail,2024-06-26,12
3071674758.0,"Science Centre must be fixed: Toronto mayor:   Olivia Chow rules out a city takeover of repair bill, urges province to meet to discuss future of 55-year-old facility",The Globe and Mail,2024-06-25,12
3071386791.0,"An EV tariff reckoning is coming to Canada:   Even if it slows their climate goals, the Liberals can’t let the country look like a backdoor for Chinese-made imports",The Globe and Mail,2024-06-24,0
3071386779.0,"Shameless spin aside, closing the Ontario Science Centre is a choice",The Globe and Mail,2024-06-24,12
3070938997.0,Ontario Science Centre closed over roof collapse risk,The Globe and Mail,2024-06-22,12
3070724508.0,"Ontario Science Centre forced to close immediately over roof collapse risk, says Ford government:   An engineering firm report has concluded that “significant roof areas” require attention before the end of October, Infrastructure Ontario says",The Globe and Mail,2024-06-21,12
3070040951.0,Politics Briefing: Ontario premier calls on Ottawa to match U.S. tariffs on Chinese EVs:   Plus: Trudeau preparing to apologize for First Nations child welfare harms; PM calls federal contracting abuse allegations ‘unacceptable’; and visa processing delays cost Calgary a major conference,The Globe and Mail,2024-06-20,0
3068306709.0,Costs of Ontario Beer Store deal still unclear,The Globe and Mail,2024-06-15,6
3068306704.0,"Ontario NDP Leader says party primed to fight Ford:   As speculation over an early election continues, Stiles looks to share her vision with voters",The Globe and Mail,2024-06-15,0
3066620007.0,LCBO contract talks stalled after uncertainty caused by Ontario beer deal,The Globe and Mail,2024-06-12,7
3066620004.0,Mississauga’s next mayor vows to work with province on housing,The Globe and Mail,2024-06-12,10
3065532411.0,Mississauga to elect new mayor on Monday:   Voters will elect city’s third leader in nearly five decades in tight race focused on future ideals,The Globe and Mail,2024-06-08,0
3065159934.0,"Ford unveils ‘renewed cabinet’ ahead of break:   Ontario Premier expands front bench to 36 people, affecting 15 different portfolios",The Globe and Mail,2024-06-07,3
3065062981.0,"Premier Doug Ford unveils cabinet shuffle as Ontario legislature breaks until October:   The reset – dubbed a ‘renewed cabinet’ by the government, with a focus on economic development – includes new ministers for energy and education, and several new associate minister posts",The Globe and Mail,2024-06-06,3
3064712952.0,"As TTC strike deadline looms, people fear spike in traffic, lack of transportation:   Less than 36 hours before the deadline, the union head said he was frustrated with negotiations, and the TTC pointed to major issues still to be resolved",The Globe and Mail,2024-06-05,20
3064006012.0,Historic speech from Ontario NDP’s Sol Mamakwa shined light on North’s unmet long-term care needs,The Globe and Mail,2024-06-04,0
3063320881.0,Breaking up the ‘quasi-monopoly’ of beer in Ontario:   Ontario Premier Doug Ford recently announced that beer and wine will soon be available for purchase in convenience stores and big-box stores across the province,The Globe and Mail,2024-06-03,6
3062325669.0,Ford condemned for comments linking immigrants to Jewish school shooting without evidence,The Globe and Mail,2024-05-31,3
3061567094.0,The age of the Beer Store is over. The time for a better system has come,The Globe and Mail,2024-05-30,6
3060959964.0,"MPP uses Indigenous language in Ontario Legislature for the first time:   In Oji-Cree, Sol Mamakwa asks about promised long-term care home in Sioux Lookout, prompting renewed pledge from Premier Doug Ford",The Globe and Mail,2024-05-29,0
3060670028.0,Ontario privacy watchdog to issue rep ort on Greenbelt e-mail allegations,The Globe and Mail,2024-05-28,18
3060670015.0,Advocates press Ontario to approve supervised consumption site applications,The Globe and Mail,2024-05-28,8
3060670012.0,Ontario using $225-million to cancel its Beer Store contract is a scandal,The Globe and Mail,2024-05-28,6
3060670097.0,How many more need to die before we see change in Ontario’s corrections system?,The Globe and Mail,2024-05-27,9
3059728697.0,Ontario to pay to speed up corner-store beer sales:   Ford announces deal to give Beer Store chain $225-million to help expand alcohol sales to convenience stores,The Globe and Mail,2024-05-25,6
3059275371.0,Ontario to allow beer in corner stores by September – at a cost:   Deal expedites move to liberalize alcohol sales but requires a $225-million payment to big-brewery-owned Beer Store chain,The Globe and Mail,2024-05-24,6
3059161396.0,"CEO pay is up at Hydro One – but not enough:   Ontario’s mandated caps have expired, yet the power company has a way to go before its compensation is on par with that of its pe ers",The Globe and Mail,2024-05-24,-1
3057574682.0,Blocking safe supply isn’t a solution:   Ontario Premier Doug Ford’s ‘war on drugs’ mentality isn’t helping solve the toxic drug crisis,The Globe and Mail,2024-05-22,8
3057574690.0,"Despite their differences, Ottawa and Queen’s Park share an affection for spending and taxes",The Globe and Mail,2024-05-21,2
3055876557.0,Doug Ford calls on Ottawa to stop approving ‘safe supply’ sites and review existing ones in Ontario:   Ontario premier sends letter to Prime Minister Trudeau expressing opposition to Toronto’s request to decriminalize small amounts of hard drugs,The Globe and Mail,2024-05-17,8
3055797191.0,"TTC eyes possible strike as union clashes over wages, job security",The Globe and Mail,2024-05-17,20
3054545164.0,"Ontario EV battery separator plant will employ small number of ‘short-term’ foreign workers, officials say:   Number of workers will be revealed in the near future, said Ontario Economic Development Minister Vic Fedeli",The Globe and Mail,2024-05-14,-1
3051262799.0,Protest encampments must clear: Ford:   Ontario Premier says he’s receiving messages from parents asking if students will be safe on campus or will be harassed,The Globe and Mail,2024-05-07,3
3050987814.0,"Ontario Premier Doug Ford says universities should remove pro-Palestin ian encampments:   Last week, Prime Minister Justin Trudeau said universities are places of free speech and debate but that everyone must feel safe on campus",The Globe and Mail,2024-05-06,3
3049105325.0,"Experts decry ruling to keep health staffing data secret:   Journalists sought information on Ontario’s shortage of personal support staff, doctors and nurses",The Globe and Mail,2024-05-01,1
3048282317.0,Ford vows to fight Toronto’s push to ease restrictions on illicit drugs,The Globe and Mail,2024-04-30,8
3047827800.0,Is Doug Ford really a conservative?:   The Ontario government’s high-spending budget has cast doubt over its leader’s conservative bona fides. But the Premier is blue through and through,The Globe and Mail,2024-04-29,0
3047756119.0,The ‘gentle density’ strategy promises big housing solutions in backyards and multiplexes. Can it measure up?,The Globe and Mail,2024-04-29,10
3047756113.0,B.C.’s retreat on drug policy spurs concern about fates of similar plans,The Globe and Mail,2024-04-29,8
3047756107.0,"It’s a mistake to confuse tax breaks with doctors’ pay:   If Doug Ford and other premiers want to train and retain family physicians, the tools to do so are in their hands",The Globe and Mail,2024-04-29,1
3047078079.0,"Bonnie Crombie works to prove she’s not ‘Ford lite’:   The Liberal leader says she wasn’t born wealthy, didn’t inherit a family business or ‘have things handed to me’",The Globe and Mail,2024-04-27,0
3045175548.0,"Honda deal is good publicity for Liberals, but who will buy all those EVs?:   The federal government and Ontario inked a multibillion-dollar deal with Honda that will see the company build an electric-vehicle chain in the province",The Globe and Mail,2024-04-25,-1
3044886563.0,Ontario will limit physician paperwork in bid to attract family doctors,The Globe and Mail,2024-04-25,1
3044137783.0,Several PC MPPs block lifting of keffiyeh ban,The Globe and Mail,2024-04-24,14
3043584737.0,OPP to review Toronto police after red flags raised in case of officer death,The Globe and Mail,2024-04-23,9
3043320607.0,Evening Update: Ottawa and Ontario set to announce multibillion-dollar Honda EV deal:   Premier Doug Ford said the investment will surpass other electric-vehicle deals such as with Volkswagen and Stellantis,The Globe and Mail,2024-04-22,-1
3043083030.0,"Ottawa, Ontario to announce multibillion-dollar Honda EV deal this week:   Automaker to build a comprehensive electric vehicle chain in the province, sources say",The Globe and Mail,2024-04-22,-1
3042794439.0,Lawyer calls on Ontario government to ‘stop delaying’ basic-income lawsuit,The Globe and Mail,2024-04-22,11
3041074799.0,"Motion to override keffiyeh scarf ban fails in Ontario:   At least one PC MPP defies Premier, blocks unanimous consent required to overturn Speaker’s ruling in the legislature",The Globe and Mail,2024-04-19,14
3040386641.0,Ontario Legislature upholds keffiyeh scarf ban:   Premier and party leaders had called for Speaker to reconsider prohibition on Palestinian scarf as a political symbol,The Globe and Mail,2024-04-18,14
3040069402.0,"Ontario Premier calls on Speaker to reverse keffiyeh scarf ban:   Ford says he does not support Speaker Ted Arnott’s decision, adding that it ‘needlessly divides the people of our province’",The Globe and Mail,2024-04-17,14
3039067431.0,"Ontario, Ottawa reach agreement on controversial Highway 413 project",The Globe and Mail,2024-04-16,-1
3037741654.0,"No family doctor? Here’s a paper bag:   Ontario Premier Doug Ford might not be able to find you a general physician, but he has a mastery of the small stuff",The Globe and Mail,2024-04-13,19
3035370555.0,"Ontario to back NDP domestic violence bill:   Legislation sent to committee for study, but advocates, opposition members urge province to fast-track it into law",The Globe and Mail,2024-04-11,-1
3035133469.0,"Ontario housing bill would bring in ‘use it or lose it’ rules to spur construction:   Universities would be exempt from rules, while third parties such as residents or environmental groups would be barred from land tribunal appeals",The Globe and Mail,2024-04-10,10
3034921004.0,Four Ontario cities exceeded housing goals only after care beds included,The Globe and Mail,2024-04-10,10
3034588300.0,LCBO to reintroduce free paper bags after request from Doug Ford,The Globe and Mail,2024-04-09,19
3033803775.0,Wanted: a fiscal conservative Ontario party,The Globe and Mail,2024-04-06,2
3031506911.0,Ontario court voids parts of law targeting animal-rights activists,The Globe and Mail,2024-04-04,4
3030971040.0,Ford v Crombie: Ontario’s race for new homes,The Globe and Mail,2024-04-03,10
3028057538.0,Ontario Attorney-General declines meeting over naming ‘like-minded’ judges,The Globe and Mail,2024-04-02,9
3011410803.0,"Doug Ford calls for federal workers to return to downtown Ottawa offices:   The Ontario Premier made the point Thursday as he announced a ‘new deal for Ottawa,’ a financial package of up to $543-million in operating and capital funding to help the city on a number of fronts",The Globe and Mail,2024-03-28,-1
3009197247.0,Politics Briefing: Ontario Premier wants Ottawa public servants back in the office. They’re already mandated to return:   Also: Conservatives’ Israel-Hamas views said to be complicating relationship with Muslim voters; RCMP says larger ArriveCan investigation under way,The Globe and Mail,2024-03-28,-1
2989025190.0,"Ontario to give 96% of international study permits to public colleges and universities, shuts out career colleges:   In January, federal Immigration Minister Marc Miller imposed a cap on the number of applications for international study visas. The cap applies across provinces on a per-capita basis, which means Ontario, which has more foreign students than others, would have to cut its intake of them by about 50 per cent",The Globe and Mail,2024-03-27,3
2986751694.0,"Ontario budget projects deficit of $9.8-billion, pushes ahead with spending",The Globe and Mail,2024-03-27,2
2984777941.0,"Ontario extends gas tax cut to end of year:   Extension is among affordability measures contained in Tuesday’s budget, Premier says",The Globe and Mail,2024-03-26,2
2973827218.0,"Ontario budget to target municipalities: Ford:   Premier says province’s fiscal blueprint will take balanced approach, but it’s not expected to eliminate the deficit",The Globe and Mail,2024-03-25,2
2973010527.0,Fourplex policy a ‘massive mistake’: Ford:   Ontario Premier criticizes Ottawa’s push for cities to change zoning laws,The Globe and Mail,2024-03-22,10
2963081571.0,Crombie rules out Ontario carbon tax for 2026 election platform,The Globe and Mail,2024-03-19,15
2957646272.0,Amped up: Windsor eyes new electrical strategy to drive its industrial future,The Globe and Mail,2024-03-16,11
2956974213.0,"Ford calls for more infrastructure, transit funds ahead of federal budget",The Globe and Mail,2024-03-15,-1
2956285337.0,"Letting 16-year-olds quit school to go into skilled trades? What can go wrong?:   Ontario’s housing problem isn’t going to be solved overnight, nor will it be solved by a full-time skilled trades program alone",The Globe and Mail,2024-03-13,3
2955975663.0,Ontario lawyers’ group calls for meeting over Ford government’s judicial appointments,The Globe and Mail,2024-03-13,9
2955116224.0,Ex-prosecutors make up 71% of Ontario judges selected under Ford,The Globe and Mail,2024-03-12,9
2937510429.0,How to build a better bench in Canada,The Globe and Mail,2024-03-06,9
2933676564.0,Ford’s vow to pick ‘like-minded’ judges is dangerous,The Globe and Mail,2024-03-02,9
2931863687.0,Ontario’s postsecondary funding falls short of expert panel’s advice,The Globe and Mail,2024-02-27,3
2931771565.0,"Ontario’s ‘One Fare’ program adds TTC to most other GTA transit operators. Here’s how it works:   The program eliminates the double fare for riders transitioning between GO Transit, the TTC, Brampton Transit, Durham Region Transit, MiWay, and York Region Transit",The Globe and Mail,2024-02-26,17
2931757975.0,"Ontario boosts postsecondary education funding by more than $1-billion over three years:   Spending on so-called sustainability fund, along with extension of tuition freeze, falls short of recommendations from expert panel",The Globe and Mail,2024-02-26,3
2931053625.0,Doug Ford says it’s his right to appoint ‘like-minded’ judges,The Globe and Mail,2024-02-24,9
2930367261.0,Ontario awards Toronto with $114-million in bonus funding for exceeding its housing target,The Globe and Mail,2024-02-23,10
2928738201.0,Ontario omnibus bill restores some plans for development on farmland,The Globe and Mail,2024-02-21,21
2928687996.0,"Changes to Ontario species law would speed loss of protected habitat, scientists say:   More than 60 conservation groups have submitted their joint response to changes the province has proposed to its Endangered Species Act",The Globe and Mail,2024-02-20,-1
2927759854.0,"Doug Ford goes back to his bag of tricks:   Ontario’s gimmick government presents another set of easy, red-meat diversions",The Globe and Mail,2024-02-17,0
2926232362.0,"‘A broader zone of protection’: The CBC’s lawyer on Supreme Court cabinet secrecy ruling:   Earlier this month, the Supreme Court of Canada finally issued ...",The Globe and Mail,2024-02-14,-1
2926181353.0,Environment Minister tries to clarify remark that federal government will ‘stop investing in new road infrastructure’:   Steven Guilbeault criticized by political rivals in Ottawa and two premiers,The Globe and Mail,2024-02-14,5
2925777910.0,Ontario to require referendum on carbon taxes:   Premier Doug Ford announces legislation that would manda te public input on any future emissions-pricing plans,The Globe and Mail,2024-02-14,15
2925777896.0,Group seeks judicial review of licence extension for Ontario nursing home hit hard by pandemic,The Globe and Mail,2024-02-14,1
2925521694.0,"Ontario to require referendum on any future ‘carbon tax’ plan:   Premier Ford pledges legislation next week, calls Liberal rival Bonnie Crombie the ‘Queen of the carbon tax’",The Globe and Mail,2024-02-13,15
2925317820.0,Ontario drops fight to restore wage caps after appeal court upholds prior ruling,The Globe and Mail,2024-02-13,20
2925060333.0,"Doug Ford’s caps on wage increases unconstitutional, Ontario Court of Appeal rules:   Justices uphold lower-court ruling that Ford government’s Bill 124 violates right to collective bargaining",The Globe and Mail,2024-02-12,20
2924829191.0,Ford government’s moves to evade court scrutiny face challenges,The Globe and Mail,2024-02-12,4
2923397037.0,"Secret Canada: An ‘ill-founded setback’ for freedom of information at the Supreme Court:   The Supreme Court of Canada issues a long-awaited decision on whether Doug Ford was allowed to keep mandate letters from the public. Plus, the province with one of the most restrictive access regimes",The Globe and Mail,2024-02-08,-1
2921363154.0,Top court rules Ontario Premier doesn’t have to make mandate letters public:   Decision met with disappointment by advocates for stronger protections for public’s access to information,The Globe and Mail,2024-02-03,-1
2921113475.0,"Doug Ford does not need to make 2018 mandate letters public, Supreme Court of Canada rules:   The ruling ends a battle that lasted more than five years over where the bounds of cabinet confidentiality end and the public’s right to know begins",The Globe and Mail,2024-02-02,-1
3299374852.0,"Ford says he doesn't want to raise tuition in Ontario despite colleges, universities struggling financially:   A government-commissioned panel recommended Ontario unfreeze tuition, raise student aid and increase operating grants to the schools",The Globe and Mail,2024-01-31,3
2918677381.0,Ontario unveils measures for international students,The Globe and Mail,2024-01-27,3
2918424570.0,Ontario cabinet minister quits to run for Poilievre,The Globe and Mail,2024-01-26,0
2918047591.0,End the runaround on the Ring of Fire,The Globe and Mail,2024-01-25,-1
2917438369.0,"Ottawa finally acts, giving Ford a challenge:   Federal cap on foreign students will fall most heavily on Ontario",The Globe and Mail,2024-01-23,3
2916533003.0,"Doug Ford’s policy reversal habit is his best or worst virtue, depending on who you ask",The Globe and Mail,2024-01-20,0
2914136645.0,When will Doug Ford rein in Ontario’s foreign-student industry?,The Globe and Mail,2024-01-16,3
2911683162.0,Doug Ford’s clean power conversion,The Globe and Mail,2024-01-09,11
2910767141.0,"How reconciliation is tied up in the Ring of Fire:   In remote Ontario, Marten Falls First Nation hopes to move past more than 100 years of subjugation, as it opens the door to critical-minerals development and an all-season road that will change lives",The Globe and Mail,2024-01-06,-1
3107395297.0,Doug Ford's nephew Michael Ford takes leave from cabinet for health reasons,The Hamilton Spectator,2024-09-20,0
3107139659.0,Ford government to restrict new bike lanes in bid to ease gridlock,The Hamilton Spectator,2024-09-20,5
3106719072.0,"Ford government's deficit down to $600 million, revenues up in 2023-24",The Hamilton Spectator,2024-09-19,-1
3106446474.0,"Believe the numbers, not the premier: Doug Ford's unemployment numbers are worse than when he took over from Kathleen Wynne",The Hamilton Spectator,2024-09-18,-1
3105628799.0,Watchdog probes cost of stocking stores early:   Critics say tab could be 3 or 4 times Ford's estimated $225M,The Hamilton Spectator,2024-09-17,6
3105628675.0,Downtown LTC home to close as part of asylum lands deal:   Hamilton Continuing Care beds will move to Mountain brow,The Hamilton Spectator,2024-09-17,1
3104951062.0,More stores selling beer? How about more doctors?,The Hamilton Spectator,2024-09-16,1
3105518942.0,"More child-care supports coming for women in trades, Ford government says",The Hamilton Spectator,2024-09-15,-1
3104427833.0,Premier shows indifference to his MPPs,The Hamilton Spectator,2024-09-14,2
3104427585.0,This Ford only goes in reverse,The Hamilton Spectator,2024-09-14,6
3104599525.0,A jury found Umar Zameer not guilty of murder. His case raises tougher questions about all of us,The Hamilton Spectator,2024-09-13,9
3103745964.0,Not much to see at Ford's beer utopia,The Hamilton Spectator,2024-09-13,6
3104160561.0,Doug Ford pledges jobs for uprooted Ontario Science Centre workers,The Hamilton Spectator,2024-09-12,12
3103594352.0,Doug Ford says child protection system 'failed' girl whose body was found in Toronto dumpster,The Hamilton Spectator,2024-09-11,-1
3102859007.0,Port Lands gas plant emissions seven times too high for new development at mouth of Don River,The Hamilton Spectator,2024-09-11,11
3102453893.0,Doug Ford's beer boondoggle is nothing to brag about,The Hamilton Spectator,2024-09-10,6
3102303841.0,Stigma never reversed an overdose,The Hamilton Spectator,2024-09-10,8
3102303252.0,Hamilton Health Sciences short cash third year in a row:   Union sounds the alarm about mounting deficits at area hospitals,The Hamilton Spectator,2024-09-10,1
3102543073.0,Doug Ford says Jagmeet Singh is a 'greedy politician' who won't topple Trudeau government,The Hamilton Spectator,2024-09-09,0
3101548761.0,Sept. 7 editorial cartoon,The Hamilton Spectator,2024-09-07,6
3101493499.0,Strip searches of children must stop now,The Hamilton Spectator,2024-09-07,-1
3101338884.0,"'People finally have more options': Beer, wine, cider and coolers now on the shelves at Ontario convenience stores",The Hamilton Spectator,2024-09-05,6
3100901998.0,Delivering on a six-year-old campaign promise gives Doug Ford something to run on in a snap election,The Hamilton Spectator,2024-09-05,6
3100901976.0,"My sister was tireless. If ALS hadn't claimed her life, I'm sure she'd be knocking on Doug Ford's door",The Hamilton Spectator,2024-09-05,1
3100782023.0,Ford's trying to beat the clock,The Hamilton Spectator,2024-09-05,0
3100457469.0,national briefs:   Suspended cop facing charges,The Hamilton Spectator,2024-09-04,0
3100256223.0,Doug Ford rejects comparison of booze sales in corner stores to safe-injection sites,The Hamilton Spectator,2024-09-03,8
3099790561.0,Booze is coming to corner stores this week. Who's in charge of policing the new rules?,The Hamilton Spectator,2024-09-02,6
3099054590.0,"Ontario liquor sales set for expansion:   More than 4,000 corner stores approved to sell alcohol next week as new rules take effect Sept. 5",The Hamilton Spectator,2024-08-31,6
3098891733.0,Doug Ford has faced controversy after controversy - yet remains as popular as ever. Here's why Ontarians say they still like him,The Hamilton Spectator,2024-08-29,0
3098162538.0,"Hallway diplomacy for Haldimand County mayor, MPP at municipal conference:   Transport minister buttonholed to talk about crumbling Caledonia bridge reconstruction",The Hamilton Spectator,2024-08-29,0
3098162288.0,Province plans to boost electricity production,The Hamilton Spectator,2024-08-29,11
3097838891.0,Ford government plans to boost electricity production to keep up with demand,The Hamilton Spectator,2024-08-28,11
3097381412.0,Does Ford want drug users dead?,The Hamilton Spectator,2024-08-27,8
3097541703.0,Doug Ford's Greenbelt scandal and health-care neglect has Liberals and NDP talking upset in Conservative stronghold,The Hamilton Spectator,2024-08-26,0
3096852726.0,Ontario parties spend summer preparing for the possibility of an early election,The Hamilton Spectator,2024-08-26,0
3096520054.0,Shipyard gets piece of $10M for skills training:   Ontario Shipyards gets a boost from fund that cuts risk for employers,The Hamilton Spectator,2024-08-24,-1
3095903476.0,"Closure of supervised drug-use site 'raises many concerns,' operator says:   But Urban Core says despite setback, it's 'well positioned' to take on the province's new homelessness and addiction hub model",The Hamilton Spectator,2024-08-23,8
3095393743.0,Taking away life-saving programs cruel,The Hamilton Spectator,2024-08-22,8
3095750072.0,Doug Ford finally got his way on safe injection sites. That doesn't solve our bigger problem,The Hamilton Spectator,2024-08-21,8
3095750037.0,Doug Ford says safe injection sites are a 'failed policy' that harms communities and people with addictions,The Hamilton Spectator,2024-08-21,8
3095159340.0,"Ontario Liberals to meet in London, Ont. to plot election strategy",The Hamilton Spectator,2024-08-21,0
3095021037.0,Ford's Greenbelt woes are no laughing matter,The Hamilton Spectator,2024-08-21,18
3095247985.0,Doug Ford to ban safe injection sites within 200 metres of schools and child-care centres,The Hamilton Spectator,2024-08-20,8
3095247982.0,"Behind on its housing target, Ford government takes more steps to boost construction",The Hamilton Spectator,2024-08-20,10
3094811026.0,Ontario municipalities want new funding framework to address crises,The Hamilton Spectator,2024-08-20,4
3094886049.0,Doug Ford touts Tory achievements to municipal leaders in Ottawa,The Hamilton Spectator,2024-08-19,-1
3093808659.0,Preserving our history shouldn't been viewed as just more red tape:   We cannot go back to the time when Indigenous archaeological sites and burials could be bulldozed away for the sake of progress,The Hamilton Spectator,2024-08-17,10
3093808633.0,Education minister departs for private sector,The Hamilton Spectator,2024-08-17,3
3093582554.0,Doug Ford's 'Don't be pooping on the beach' comment met with laughs on Stephen Colbert show,The Hamilton Spectator,2024-08-16,18
3093582522.0,Doug Ford's education minister resigns after just 10 weeks on the job,The Hamilton Spectator,2024-08-16,3
3093425713.0,Provincial changes 'undermine' Hamilton's frozen urban boundary:   City aims to defend growth strategy against developer tribunal challenges,The Hamilton Spectator,2024-08-16,21
3093427098.0,Doug Ford hints at changes around safe injection sites as municipalities urge help for mental health and addiction services,The Hamilton Spectator,2024-08-15,8
3093161661.0,"Waterloo Region purchased farm land for development, then destroyed the corn crop. Now, councillors want answers",The Hamilton Spectator,2024-08-15,21
3093084773.0,National briefs,The Hamilton Spectator,2024-08-15,1
3093240106.0,Opposition slams Doug Ford for joke about animal hospital,The Hamilton Spectator,2024-08-14,1
3092922518.0,"As RCMP investigates Greenbelt scandal, finance minister says Ford government is 'an open book'",The Hamilton Spectator,2024-08-13,18
3091195669.0,RCMP interviewing potential witnesses linked to Doug Ford's government in Greenbelt criminal probe,The Hamilton Spectator,2024-08-09,18
3091195640.0,"Constituency worker was sexually harassed by former NDP MPP, arbiter says",The Hamilton Spectator,2024-08-09,-1
3090986497.0,"When the Greenbelt scandal broke, Doug Ford was all apologies. What a difference a year makes",The Hamilton Spectator,2024-08-08,18
3089865120.0,Doug Ford says he's 'happy as punch' Kamala Harris picked Tim Walz,The Hamilton Spectator,2024-08-07,0
3089919239.0,Doug Ford's football friend Tim Walz is Kamala Harris's running mate,The Hamilton Spectator,2024-08-06,0
3089467145.0,Environmental and residents groups call new provincial rules barring OLT third-party appeals an attack on 'citizen rights',The Hamilton Spectator,2024-08-06,21
3087695887.0,How Rob and Doug Ford's police helicopter hopes finally took off in Toronto,The Hamilton Spectator,2024-08-04,9
3087526102.0,Ontario won't adopt new federal riding boundaries,The Hamilton Spectator,2024-08-03,0
3087188095.0,"Wastewater testing for flu, RSV ends in Haldimand-Norfolk:   Amid criticism, province 'winds down' early-warning system to identify disease outbreaks",The Hamilton Spectator,2024-08-02,1
3087188019.0,Libel lawsuit threat against Ford expires,The Hamilton Spectator,2024-08-02,14
3087402057.0,Doug Ford promised to end the King's Counsel controversy. Now he says no one cares,The Hamilton Spectator,2024-08-01,9
3085841362.0,"Province to buy five police helicopters for $134 million:   New fleet to help keep highways and roadways safe, Ford says",The Hamilton Spectator,2024-07-30,9
3085840887.0,Letters,The Hamilton Spectator,2024-07-30,6
3086111082.0,Doug Ford may be getting ready for an early election - but it's not clear how many ridings Ontario will have,The Hamilton Spectator,2024-07-29,0
3085668976.0,"IF BONNIE CROMBIE IS PREMIER: Ontario Liberal leader says 'downloading has to stop' on municipalities, will 're-evaluate strong-mayor powers,' bring back co-op solutions for housing crisis:   She said she's ready to look at new revenue opportunities for Ontario municipalities, try new approaches on housing crisis",The Hamilton Spectator,2024-07-29,15
3085668952.0,"Worried about car theft? Ford government says five new helicopters will help - but experts say 'they're not the end all, be all'",The Hamilton Spectator,2024-07-29,9
3085131498.0,'Ford Fest' is back as Doug Ford considers an early election,The Hamilton Spectator,2024-07-26,0
3084748511.0,"Province pushing for above ground garage at Ontario Place due to cost, says head of CNE",The Hamilton Spectator,2024-07-26,16
3084748504.0,"LCBO strike seems to have given Doug Ford's Tories a boost, but government's poor approval rating is a warning sign, survey shows",The Hamilton Spectator,2024-07-26,7
3084747984.0,Doug Ford is correct to commit advertising dollars to local media but he's wrong to use tax dollars to promote his party,The Hamilton Spectator,2024-07-26,-1
3084675495.0,"A year in, most leaders have used strong mayor powers sparingly:   Ford government framed authority as way to help boost housing",The Hamilton Spectator,2024-07-26,4
3083998251.0,"Is the King's Counsel dead - again? One year on from patronage scandal, Ford government silent on future of controversial lawyers' title",The Hamilton Spectator,2024-07-24,9
3083998244.0,Doug Ford adds to confusion surrounding plans for Ontario Place's contentious parking garage,The Hamilton Spectator,2024-07-24,16
3083835874.0,Premier urges BoC to cut interest rate:   Ford wants figure slashed down to 3% to help build homes,The Hamilton Spectator,2024-07-24,10
3084061795.0,LCBO stores reopen in Ontario today; here's where you can buy and strike details,The Hamilton Spectator,2024-07-23,7
3083666060.0,Green MPPs' summer tour of Ontario finds unhappy voters,The Hamilton Spectator,2024-07-23,-1
3083464578.0,"LCBO has bright future, Ford says:   'Great quality, great people serving you and at a competitive price,' Premier says as strike ends",The Hamilton Spectator,2024-07-23,7
3083464101.0,"Ford pledges $260M for skills training:   Province boosting fund to help employers fill nearly 300,000 open jobs",The Hamilton Spectator,2024-07-23,-1
3083726992.0,Doug Ford says the 18-day LCBO strike could have been avoided,The Hamilton Spectator,2024-07-22,7
3083200808.0,"'This law has nothing to do with housing': Doug Ford gave mayors more power to build homes. Instead, some are using it to tighten their grip on staff",The Hamilton Spectator,2024-07-22,4
3082798129.0,Dispute throws LCBO deal into question,The Hamilton Spectator,2024-07-20,7
3082844059.0,Striking LCBO workers tried to make the fight about Doug Ford. They picked a losing battle,The Hamilton Spectator,2024-07-19,7
3082519484.0,How will Ford do in leadership role?,The Hamilton Spectator,2024-07-19,0
3082688058.0,Leger poll finds not many people concerned the LCBO strike will be costly for booze purchases,The Hamilton Spectator,2024-07-18,7
3082292022.0,"Ford bringing truck production to Oakville in 2026, future unclear for EVs at the plant",The Hamilton Spectator,2024-07-18,-1
3082121477.0,LCBO strike affecting 15% of poll respondants:   About half are supportive of union's demands,The Hamilton Spectator,2024-07-18,7
3082121294.0,Public input is no longer a high priority,The Hamilton Spectator,2024-07-18,4
3082348320.0,Doug Ford tells the Star he won't rule out an early election and vows to defend Ontario 'like a pit bull' against Ottawa,The Hamilton Spectator,2024-07-17,0
3081756253.0,'North America first': Doug Ford has a message for America as premiers discuss U.S. relations,The Hamilton Spectator,2024-07-17,4
3081756219.0,Doug Ford optimistic as contract talks resume in LCBO strike,The Hamilton Spectator,2024-07-17,7
3081867105.0,Internal poll for Doug Ford finds strong support for booze liberalization plan - and striking LCBO workers,The Hamilton Spectator,2024-07-16,7
3081242721.0,Fewer than 4% of grocery stores have applied for Ontario's new alcohol license - here's why many don't want one,The Hamilton Spectator,2024-07-16,6
3081242680.0,Doug Ford appeals to LCBO union to return to bargaining,The Hamilton Spectator,2024-07-16,7
3080953426.0,"Province speeds up alcohol expansion:   'Our government is keeping our promise to give people in Ontario choice,' finance minister says",The Hamilton Spectator,2024-07-16,7
3081423324.0,Doug Ford wants Canada to approve drugs faster. Is that possible?,The Hamilton Spectator,2024-07-15,8
3081419917.0,"LCBO strike continues, stores won't open Friday as planned but customers can order online",The Hamilton Spectator,2024-07-15,7
3080596119.0,Doug Ford's changes will allow 'ready-to-drink' cocktails in 450 supermarkets by next week,The Hamilton Spectator,2024-07-15,7
3080587898.0,Alcohol is to Doug Ford as gold was to Midas,The Hamilton Spectator,2024-07-15,6
3080194220.0,Privatization sins committed by Ford,The Hamilton Spectator,2024-07-15,0
3080841295.0,Doug Ford to focus on getting medications approved faster at annual premiers' conference,The Hamilton Spectator,2024-07-14,1
3079114227.0,Pressure mounting on Doug Ford to resolve LCBO strike,The Hamilton Spectator,2024-07-12,7
3078937308.0,Ford's push to privatize booze will be costly,The Hamilton Spectator,2024-07-12,6
3078681302.0,Rally for striking LCBO workers on Upper James today,The Hamilton Spectator,2024-07-11,7
3078680711.0,"'If the apples can get sunburn, what about us?' Migrant farm workers demand protection from dangerous heat",The Hamilton Spectator,2024-07-11,-1
3078680704.0,LCBO urges union to return to the bargaining table ASAP,The Hamilton Spectator,2024-07-11,7
3078680659.0,"Failing infrastructure, damaged roof: Here's what a second report on the Ontario Science Centre found",The Hamilton Spectator,2024-07-11,12
3078299503.0,"Ford remains behind plan to sell RTD cocktails at corner stores:   The sales of ready-to-drink products is a done deal, insists premier",The Hamilton Spectator,2024-07-11,7
3078299298.0,It'd be 'foolish' to repair science centre building: premier,The Hamilton Spectator,2024-07-11,12
3078770961.0,'You'll fall off your chair': Doug Ford says second report confirms problems with Ontario Science Centre,The Hamilton Spectator,2024-07-10,12
3077975037.0,'This is chaos': Bars and restaurants already struggling to order favourites as LCBO strike continues,The Hamilton Spectator,2024-07-10,7
3077974633.0,"Doug Ford slams union over LCBO strike, says workers 'want a deal'",The Hamilton Spectator,2024-07-10,7
3077690433.0,Doug Ford doesn't have a climate plan for Ontario,The Hamilton Spectator,2024-07-10,11
3077690426.0,Union ramps up pressure in LCBO strike talks,The Hamilton Spectator,2024-07-10,7
3078098418.0,"LCBO won't be left behind when booze sales are expanded, Ford government says",The Hamilton Spectator,2024-07-09,7
3076927944.0,Ford taps new map for hunters of alcohol:   Premier directs drinkers to online guide to outlets,The Hamilton Spectator,2024-07-09,7
3077410767.0,LCBO workers are on strike. Has anyone noticed?,The Hamilton Spectator,2024-07-08,7
3077410763.0,Doug Ford reveals new road map around the LCBO strike,The Hamilton Spectator,2024-07-08,7
3076459538.0,"Will independent stores, restaurants and bars run out of wine and liquor if LCBO strike drags on? Here's what you need to know",The Hamilton Spectator,2024-07-06,7
3076227309.0,"Urban boundary expansion fight heads to tribunal:   Builders want permission to add 2,000-plus homes on rural land along Twenty Road West",The Hamilton Spectator,2024-07-06,21
3076227306.0,"LCBO closed for two weeks:   Employees hit picket line, arguing plan to open up booze market is a threat to workers' jobs",The Hamilton Spectator,2024-07-06,7
3076300111.0,Union says 'we can weather a strike as long as necessary' as all LCBO locations shut down,The Hamilton Spectator,2024-07-05,7
3076062817.0,"With early election looming, Doug Ford is promoting the controversial Highway 413",The Hamilton Spectator,2024-07-04,-1
3075328472.0,Doug Ford did a good thing for Canadian media. Justin Trudeau should follow his lead,The Hamilton Spectator,2024-07-03,-1
3075328243.0,"Doug Ford promises 25 per cent of government agency, provincial advertising budgets to local media outlets",The Hamilton Spectator,2024-07-03,-1
3075418971.0,"Ejected by Doug Ford, MPP Goldie Ghamari breaks her silence",The Hamilton Spectator,2024-07-02,-1
3074314132.0,The re-education of Sarah Jama,The Hamilton Spectator,2024-07-02,14
3074126024.0,He depends on his power wheelchair - but is frustrated he can't count on the Ontario government to service it,The Hamilton Spectator,2024-07-01,1
3074125598.0,The Ontario Science Centre never should have been Doug Ford's to close,The Hamilton Spectator,2024-07-01,12
3073792335.0,Developer seeks designation change for Grimsby property in Greenbelt,The Hamilton Spectator,2024-06-29,21
3073641989.0,"Doug Ford would upset nearly half of all Ontarians with an early $150M election, poll suggests",The Hamilton Spectator,2024-06-29,0
3073217107.0,Doug Ford removes MPP Goldie Ghamari from caucus after she met with British far-right figure,The Hamilton Spectator,2024-06-28,-1
3073305940.0,Doug Ford calls Tory MPP's meeting with British far-right figure 'deeply regrettable',The Hamilton Spectator,2024-06-27,-1
3073305912.0,"Ford government slammed over decision to close science centre as workers laid off, opposition argues it's cheaper to repair it",The Hamilton Spectator,2024-06-27,12
3072640487.0,"Province seeks much smaller home for temporary Ontario Science Centre:   'No one is buying Ford's excuses for permanently closing,' NDP leader says",The Hamilton Spectator,2024-06-27,12
3072638870.0,MPP has support of residents as she sounds off against council:   Haldimand councillors ratify a motion to bar MPP Bobbi Ann Brady from provincial meetings,The Hamilton Spectator,2024-06-27,0
3072638693.0,"Simple science and complex politics:   Some refuse to believe science centre should be closed, despite safety concerns or declining attendance",The Hamilton Spectator,2024-06-27,12
3072877256.0,Ontario launches automatic licence plate renewals on Monday,The Hamilton Spectator,2024-06-26,-1
3072877220.0,'Poor living conditions' in Ontario's overcrowded jails top complaints to ombudsman,The Hamilton Spectator,2024-06-26,9
3072638874.0,'Time-saving': Ontario Premier Doug Ford government introducing automatic licence plate renewals on Canada Day July 1 and people are reacting online,The Hamilton Spectator,2024-06-26,-1
3072281517.0,Public will have input if GRCA sells off land for housing,The Hamilton Spectator,2024-06-26,21
3072281208.0,The Science Centre was an ugly grey box in Don Mills. We have bigger things to worry about than keeping it alive,The Hamilton Spectator,2024-06-26,12
3072196864.0,The latest casualty of Ford's policy of neglect,The Hamilton Spectator,2024-06-26,12
3072326242.0,How Scotland started to kick its alcohol problem - and what Ontario could learn from it,The Hamilton Spectator,2024-06-25,8
3071773940.0,Is this the Ontario we actually want?,The Hamilton Spectator,2024-06-25,0
3072043735.0,How the Ontario Science Centre was suddenly shut down - and why,The Hamilton Spectator,2024-06-24,12
3071490714.0,"We're staying the workforce longer, but this law isn't keeping up with the times",The Hamilton Spectator,2024-06-24,20
3071391421.0,"Fearing reprisal from Ford, Haldimand bars local MPP from meetings with province:   Councillors vote to exclude independent MPP Bobbi Ann Brady over criticism of the government",The Hamilton Spectator,2024-06-24,0
3071391372.0,Community rallies for Science Centre:   Facility's fate has now become a political issue,The Hamilton Spectator,2024-06-24,12
3071391401.0,"'Something smells bad here': Politicians, leaders hold rally to save Ontario Science Centre and promise to pressure Ford government to reverse decision",The Hamilton Spectator,2024-06-23,12
3070997235.0,Ontario considers revisions to data:   Mayors say undercounting homes by CMHC costs them millions in funding,The Hamilton Spectator,2024-06-22,10
3070724662.0,Ford government closing Ontario Science Centre today after report found roof in danger of collapsing,The Hamilton Spectator,2024-06-21,12
3070403645.0,Financial literacy push long overdue,The Hamilton Spectator,2024-06-21,3
3069990068.0,Doug Ford urges Justin Trudeau to match the U.S. and place tariffs on 'artificially cheap' Chinese EVs,The Hamilton Spectator,2024-06-20,0
3070060377.0,"As Doug Ford contemplates early Ontario election, Bonnie Crombie makes moves to ready the Liberals",The Hamilton Spectator,2024-06-19,0
3069488457.0,national briefs:   Police identify shooting victims,The Hamilton Spectator,2024-06-19,-1
3068702468.0,Union-busting by stealth:   Ontario's expansion of alcohol to convenience stores is a covert strategy,The Hamilton Spectator,2024-06-17,7
3068361722.0,Privacy issues slow down digital wallets initiative,The Hamilton Spectator,2024-06-15,2
3068465896.0,"Families are fuming as Guelph U residence wait-list tops 1,300 - sending students scrambling to find housing",The Hamilton Spectator,2024-06-14,3
3067797157.0,High lead levels found in water at 40-plus Hamilton schools:   Report shows drinking water readings vastly higher than safety thresholds allow at many institutions,The Hamilton Spectator,2024-06-14,3
3067423016.0,Ontario's new energy minister rejects 'ideological' push to scrap natural gas-fired power plants,The Hamilton Spectator,2024-06-13,11
3067261083.0,The Greenbelt fight is far from over,The Hamilton Spectator,2024-06-13,3
3067261030.0,Family won't pay $26K hospital bill for refusing move:   More than 400 Ontarians have been put in nursing homes not of their own choosing,The Hamilton Spectator,2024-06-13,1
3067510366.0,The Beer Store is now allowed to sell lottery tickets. Can that save it?,The Hamilton Spectator,2024-06-12,6
3066460409.0,Doug Ford commiserates with Illinois governor over one common pain: 'gridlock traffic',The Hamilton Spectator,2024-06-11,13
3066238754.0,Trudeau is Ford's 'political sunscreen',The Hamilton Spectator,2024-06-11,0
3066238590.0,Ontario expanding prisons by hundreds of beds due to overflow:   Province says 81% of inmates are awaiting trial and presumptively innocent,The Hamilton Spectator,2024-06-11,9
3066238588.0,Premier ignores lessons of our past at our peril,The Hamilton Spectator,2024-06-11,1
3066238568.0,Doug Ford wants to steal Pierre Poilievre's thunder for his own re-election bid,The Hamilton Spectator,2024-06-11,15
3066558846.0,Doug Ford quietly disbands ministry overseeing $1B Queen's Park renovation,The Hamilton Spectator,2024-06-10,12
3065577507.0,"Teacher unions welcome new minister:   Educators say they were 'misled, dismissed, and undervalued' by Stephen Lecce for six years",The Hamilton Spectator,2024-06-08,3
3065620500.0,"Insiders say Doug Ford's cabinet shuffle reveals anger at surprise kaffiyeh ban, confidence he'll be exonerated in RCMP Greenbelt probe",The Hamilton Spectator,2024-06-07,3
3065222921.0,Ford shuffles cabinet as legislature set to break,The Hamilton Spectator,2024-06-07,3
3065620377.0,Oosterhoff charged up about cabinet promotion,The Hamilton Spectator,2024-06-07,3
3065467294.0,Doug Ford's Tories end legislative session early and extend break till October,The Hamilton Spectator,2024-06-06,-1
3064875096.0,Doug Ford isn't the only one who has fumbled on antisemitism,The Hamilton Spectator,2024-06-06,3
3064715269.0,Opposition parties say they're ready if Doug Ford calls a snap election,The Hamilton Spectator,2024-06-04,6
3064067690.0,National briefs:   One dead after shooting outside Toronto schoolClimate change fund to help cities adapt,The Hamilton Spectator,2024-06-04,1
3064067143.0,Taxpayers will be soaked,The Hamilton Spectator,2024-06-04,6
3064067112.0,Is Premier Ford drunk on power?,The Hamilton Spectator,2024-06-04,6
3064299804.0,Bonnie Crombie slams Doug Ford for 'wrong-headed' comments about attack on Jewish school,The Hamilton Spectator,2024-06-03,3
3064299580.0,'Terrible deal': Doug Ford attacked over possible $1B price tag for liberalized booze sales,The Hamilton Spectator,2024-06-03,6
3064299563.0,Financial watchdog launches review of Ford government's ServiceOntario deal with Staples,The Hamilton Spectator,2024-06-03,19
3064298944.0,Ford government issues call to private clinics to help ease MRI and CT backlogs,The Hamilton Spectator,2024-06-03,1
3063326929.0,We can't afford the premier's vanity projects,The Hamilton Spectator,2024-06-03,6
3063326629.0,We need to define affordable housing,The Hamilton Spectator,2024-06-03,10
3063326569.0,'A lot of people are very angry:' How a Doug Ford promise set off a health-care fight in cottage country,The Hamilton Spectator,2024-06-03,1
3062845339.0,No need to rush booze to corner stores,The Hamilton Spectator,2024-06-01,6
3062923704.0,Doug Ford unrepentant after furor over comments suggesting immigrants were behind school shooting: 'I stick with what I said',The Hamilton Spectator,2024-05-31,3
3062390427.0,Ford suggests immigrants are behind T.O. school shooting,The Hamilton Spectator,2024-05-31,3
3061993083.0,Doug Ford slammed for 'racist' remarks after suggesting immigrants to blame for shooting at Toronto Jewish school,The Hamilton Spectator,2024-05-30,3
3061629470.0,Seniors' lives have 'turned upside down':   Ontario NDP calls for end of evictions in retirement homes,The Hamilton Spectator,2024-05-30,10
3062239155.0,Doug Ford claims his $225M beer store deal will be a money-maker. Here's why critics say he's wrong - and how taxpayers could be on the hook for far more,The Hamilton Spectator,2024-05-29,6
3061272474.0,"Five more Ontario school boards and two private schools file lawsuits against Snapchat, TikTok and Meta, alleging they're harming students",The Hamilton Spectator,2024-05-29,3
3060988499.0,Ford's beer bet buys some time,The Hamilton Spectator,2024-05-29,6
3060987128.0,Sarah Jama's court challenge of censure at legislature dismissed:   Hamilton MPP prevented from asking question in session at Queen's Park,The Hamilton Spectator,2024-05-29,14
3060797475.0,'We receive strength in speaking our language': Indigenous MPP makes history at Queen's Park,The Hamilton Spectator,2024-05-28,0
3060797153.0,"Doug Ford was asked about calling on early election. 'Stay tuned,' he says",The Hamilton Spectator,2024-05-28,6
3060711882.0,Privacy commissioner probes deleted Greenbelt emails,The Hamilton Spectator,2024-05-28,18
3060710818.0,Ford should put Big Tobacco out of business,The Hamilton Spectator,2024-05-28,2
3060857138.0,Tory insiders say fear of a Pierre Poilievre victory has Doug Ford considering an early election call,The Hamilton Spectator,2024-05-27,6
3060856984.0,"Report on personal emails in Greenbelt scandal will follow FOI appeals, privacy commissioner says",The Hamilton Spectator,2024-05-27,18
3060279105.0,"Ontario's privacy commissioner to release special report on Greenbelt, NDP says",The Hamilton Spectator,2024-05-27,18
3060278967.0,We all lose if Ford wages a war on drugs,The Hamilton Spectator,2024-05-27,8
3059816047.0,Housing strategy won't solve crisis,The Hamilton Spectator,2024-05-25,10
3059815154.0,"Expansion of sales to begin Aug. 1:   Licensed grocery stores OK to carry ready-to-drink cocktails, larger cases",The Hamilton Spectator,2024-05-25,6
3059815117.0,Unpredictability is key for Ford,The Hamilton Spectator,2024-05-25,0
3059407694.0,"'NEW MARKETPLACE': Ontario Premier Doug Ford says every grocery store, convenience store and big-box store can sell beer, cider, wine and other alcohol by November",The Hamilton Spectator,2024-05-24,6
3059407322.0,Doug Ford says beer and wine are coming to Ontario corner stores,The Hamilton Spectator,2024-05-24,6
3059525386.0,"Pickering mayor asks Ford government to revoke MZO to build housing near airport lands, but some are on the Greenbelt",The Hamilton Spectator,2024-05-23,21
3058772529.0,Bonnie Crombie asks RCMP for update on Greenbelt investigation of Ford government,The Hamilton Spectator,2024-05-23,18
3058772521.0,City of Burlington asking province to deny quarry proposal before 2025 appeal hearing,The Hamilton Spectator,2024-05-23,21
3058532158.0,Woeful energy policies create a triple whammy,The Hamilton Spectator,2024-05-23,11
3057803918.0,"Ford government must provide better heat protections for workers, critics say",The Hamilton Spectator,2024-05-22,20
3058298671.0,"Ford's Tories dip slightly but still lead Liberals and NDP, survey shows",The Hamilton Spectator,2024-05-21,0
3056207300.0,Can you be conservative and 'pro-labour'? Pierre Poilievre takes a page from Doug Ford's playbook,The Hamilton Spectator,2024-05-18,-1
3056155965.0,Should city change course on drug decriminalization?:   Councillor questions Hamilton's stance in light of issues faced in B.C. and U.S.,The Hamilton Spectator,2024-05-18,8
3056241714.0,Ford government issues 'enhanced' minister's zoning order to fast-track Ontario Place development,The Hamilton Spectator,2024-05-17,16
3055933568.0,More ServiceOntario locations could move into private retail stores after $10M Staples expansion,The Hamilton Spectator,2024-05-17,19
3055508122.0,Ford government warns Toronto to drop request for drug decriminalization,The Hamilton Spectator,2024-05-16,8
3055570603.0,"Tougher penalties for impaired driving won't end the problem, critics warn",The Hamilton Spectator,2024-05-15,8
3055570598.0,NDP blasts Ford government for 'shameful record' on sex assault prosecutions,The Hamilton Spectator,2024-05-15,-1
3055174763.0,'We have a lot of work to do': Bonnie Crombie says Liberals re-evaluating strategy after byelection losses to Doug Ford's PCs,The Hamilton Spectator,2024-05-14,0
3054467186.0,"Car thieves could lose driver's licence for life, Ford government says",The Hamilton Spectator,2024-05-14,9
3054372550.0,Doug Ford has bungled affordable housing and now Ottawa is rubbing his nose in it,The Hamilton Spectator,2024-05-14,10
3053440851.0,Emails spark Greenbelt questions:   Records show premier's staffer attended private meeting with developer about land in Hamilton,The Hamilton Spectator,2024-05-11,18
3053024499.0,Reverse needless kaffiyeh ban,The Hamilton Spectator,2024-05-10,14
3053024413.0,"Family refuses to pay massive hospital bill as part of LTC law:   Ontario law allows centres to move patients against will, issue $400 fines",The Hamilton Spectator,2024-05-10,1
3053302409.0,'End the encampments': Doug Ford's post-secondary education minister calls on universities to clear out pro-Palestinian demonstrators,The Hamilton Spectator,2024-05-09,3
3051665180.0,"Trudeau government bypasses Doug Ford, sending housing money straight to Ontario municipalities",The Hamilton Spectator,2024-05-06,10
3051665155.0,Israel and the UN have allowed the kaffiyeh. Why does Queen's Park need to ban it?,The Hamilton Spectator,2024-05-06,14
3050810056.0,Failure to use First Nations laws will cause harm:   We firmly believe Ontario could learn from Indigenous Peoples about how to deal with issues,The Hamilton Spectator,2024-05-06,4
3050448264.0,National briefs:   Midwives can administer routine vaccinesPCs win twobyelections,The Hamilton Spectator,2024-05-04,0
3050570298.0,How Doug Ford schooled his rivals in the Milton byelection,The Hamilton Spectator,2024-05-03,14
3049630752.0,Banning phones in classrooms won't make kids smarter. But permitting them will surely make students dumber - and distracted,The Hamilton Spectator,2024-05-02,3
3049308968.0,Ex-PC party vice-president appointed Ontario judge as opposition slams 'gravy train appointment',The Hamilton Spectator,2024-05-01,9
3049308956.0,Ontario unveils new fast-track plan for teens who want a trades career. Here's how it will work,The Hamilton Spectator,2024-05-01,3
,'Pay attention': Should cellphones be banned in Hamilton schools? Take our poll,The Hamilton Spectator,2024-04-30,3
3048833942.0,Doug Ford announces when Highway 413 construction will begin,The Hamilton Spectator,2024-04-30,-1
3048340074.0,This isn't what Canada is about,The Hamilton Spectator,2024-04-30,14
3048339525.0,"'Don't use the phones,' Ford tells students:   New restrictions will be enforced by school staff",The Hamilton Spectator,2024-04-30,3
3048339459.0,The backward step of paper bags for booze,The Hamilton Spectator,2024-04-30,19
3048999379.0,POLL: What do you think of Ontario Premier Doug Ford and his government's new rules for cellphone and social media use in schools?,The Hamilton Spectator,2024-04-29,3
3048042916.0,'Teachers want the kids to pay attention': Doug Ford claims broad support for school cellphone ban,The Hamilton Spectator,2024-04-29,3
3047798580.0,Banning the kaffiyeh: when fashion accessories become fashion crimes,The Hamilton Spectator,2024-04-29,14
3047798507.0,Jamesville conflict 'poster child' for MZO: Hamilton MP:   Chad Collins suggests minister's zoning order could break impasse,The Hamilton Spectator,2024-04-29,21
3047531623.0,'Distracting kids': Ontario Premier Doug Ford and his government changing cellphone rules in schools and here's what parents and students should know,The Hamilton Spectator,2024-04-28,3
3047375041.0,"'He didn't need to pick sides': Behind closed doors, kaffiyeh ban exposes divisions in Doug Ford's Tory caucus",The Hamilton Spectator,2024-04-26,14
3046381364.0,Better choices need to be made,The Hamilton Spectator,2024-04-26,11
3046380757.0,"MPP Jama refuses order to leave legislature:   Wearing a kaffiyeh, Hamilton Centre rep says 'my job is to be political'",The Hamilton Spectator,2024-04-26,14
3045465985.0,Trudeau and Ford unveil Honda's plan to build four new factories in Ontario,The Hamilton Spectator,2024-04-25,-1
3044987905.0,"Hamilton MPP defies kaffiyeh ban at Queen's Park:   'I'm standing up for a lot of the people who feel like they can't say anything right now,' said Sarah Jama after move by Speaker",The Hamilton Spectator,2024-04-25,14
3044243497.0,Toronto chief supports Zameer acquittal:   Demkiw had earlier said officers 'were hoping for a different outcome' in murder trial,The Hamilton Spectator,2024-04-24,9
3044636432.0,Ford says 'limited information' explains his controversial tweet slamming Zameer's bail,The Hamilton Spectator,2024-04-23,9
3043657945.0,Social media is harming kids' mental health,The Hamilton Spectator,2024-04-23,3
3043657553.0,Domestic violence is an epidemic,The Hamilton Spectator,2024-04-23,-1
3043657533.0,"Stoney Creek GO station work to close sidewalks, car lanes:   The long-awaited east Hamilton location is on track to open next year",The Hamilton Spectator,2024-04-23,17
3043656491.0,"Honda planning new plant in Ontario:   Comments by premier, minister suggest reported battery factory could be worth up to $15 billion",The Hamilton Spectator,2024-04-23,-1
3043974365.0,"'People are dying"": Indigenous families ask Doug Ford to disband Thunder Bay's police force",The Hamilton Spectator,2024-04-22,4
3043974290.0,Here are the private Ontario colleges getting international student study permits,The Hamilton Spectator,2024-04-22,3
3043209208.0,Honda makes multibillion-dollar deal to build electric vehicle factory in Ontario: sources,The Hamilton Spectator,2024-04-22,-1
3042896702.0,Contradictions of Doug Ford,The Hamilton Spectator,2024-04-22,-1
3042896486.0,'It's just outrageous': Provincially appointed board charges Peel $1.5 million to find 'efficiencies',The Hamilton Spectator,2024-04-22,-1
3042453414.0,Umar Zameer has been acquitted of all charges in death of Toronto police Const. Jeffrey Northrup,The Hamilton Spectator,2024-04-21,9
3041930896.0,"Bonnie Crombie hurt by Progressive Conservatives' ad blitz, poll suggests",The Hamilton Spectator,2024-04-20,0
3041764913.0,Bill 165 will fuel climate change,The Hamilton Spectator,2024-04-20,11
3041164196.0,Province needs to do more to safeguard renters,The Hamilton Spectator,2024-04-19,10
3041162225.0,Speaker kills NDP motion to allow kaffiyehs in legislature,The Hamilton Spectator,2024-04-19,14
3040575763.0,Vote fails to overturn kaffiyeh ban in Ontario legislature,The Hamilton Spectator,2024-04-18,14
3040758925.0,Former Doug Ford minister ousted in Greenbelt scandal vows to clear his name,The Hamilton Spectator,2024-04-17,18
3040758745.0,Palestinian kaffiyehs banned from the Ontario legislature,The Hamilton Spectator,2024-04-17,14
3039703175.0,Is Hamilton's firm urban boundary again under threat?:   Bill 185 would allow developers to appeal municipal decisions that reject applications to expand urban areas,The Hamilton Spectator,2024-04-17,21
3038661258.0,Doug Ford promises all-day GO train service in Milton - if Ottawa steps up,The Hamilton Spectator,2024-04-15,17
3038313748.0,Use evidence in substance policy,The Hamilton Spectator,2024-04-15,8
3038313638.0,Family furious over fine for not moving to long-term care:   As for $400-per-day fee for staying in hospital? 'I'm not paying it',The Hamilton Spectator,2024-04-15,1
3037843764.0,Doug Ford's plans for a housing boom have gone bust,The Hamilton Spectator,2024-04-13,10
3037774236.0,Sunshine List needs updating,The Hamilton Spectator,2024-04-13,-1
3037646319.0,Ford government won't make electric vehicle chargers mandatory in new homes despite championing EV industry,The Hamilton Spectator,2024-04-11,11
3035427983.0,Ontario reverses course on NDP bill:   Ford government will support opposition bid to declare intimate partner violence an epidemic,The Hamilton Spectator,2024-04-11,-1
3035427981.0,Bill 165 takes Ontario in the wrong direction,The Hamilton Spectator,2024-04-11,11
3035427976.0,Is political change currently underway?,The Hamilton Spectator,2024-04-11,10
3035427807.0,Doug Ford should stop subsidizing our hydro bills - because he's starving health care and education to pay for it,The Hamilton Spectator,2024-04-11,2
3035150845.0,Ford government attempts to speed new housing starts with sweeping bill,The Hamilton Spectator,2024-04-10,10
3034973202.0,Ford is no model for law and order Premier Doug ...[Derived Headline ],The Hamilton Spectator,2024-04-10,9
3035279901.0,'It's misleading': Ford government ridiculed for including student and retirement units in new homes target,The Hamilton Spectator,2024-04-09,10
3035279837.0,"'It's very, very strange': Key figures in Doug Ford's $8.28B Greenbelt land swap are still waiting for RCMP questions",The Hamilton Spectator,2024-04-09,18
3035279628.0,Doug Ford can fix your LCBO bag woes - just don't expect him to do the important part of his job,The Hamilton Spectator,2024-04-09,19
3034824021.0,Doug Ford bristles at questions about $100K salaries in his office,The Hamilton Spectator,2024-04-08,-1
3034468517.0,Doug Ford forces LCBO to reinstate paper bags for customers,The Hamilton Spectator,2024-04-08,19
3034468448.0,"Is Doug Ford's put-down of Bonnie Crombie a smear, or just politics as usual?",The Hamilton Spectator,2024-04-08,15
3034468228.0,"Old elevators are foiling a plan to renovate a historic Toronto building - and leaving 6,000 people in limbo",The Hamilton Spectator,2024-04-08,12
3033844760.0,Get us the best doctors Period Ford says Ontario students ...[Derived Headline ],The Hamilton Spectator,2024-04-06,1
3033624735.0,Ethics watchdog clears Doug Ford's chief of staff after he 'overlooked' Greenbelt email,The Hamilton Spectator,2024-04-04,18
3033624365.0,Bonnie Crombie slams Doug Ford for 'reckless' underfunding of colleges and universities,The Hamilton Spectator,2024-04-04,3
3031566877.0,Ford wants '100 per cent' Ontario students at med schools,The Hamilton Spectator,2024-04-04,1
3032768475.0,Doug Ford hints at Greenbelt flip-flop in new ad: 'You can't always get it right',The Hamilton Spectator,2024-04-03,0
3031290773.0,Doug Ford calls May 2 byelections in Milton and Lambton,The Hamilton Spectator,2024-04-03,0
3031290759.0,'Our kids first': Doug Ford says Ontario students should get all medical school spots,The Hamilton Spectator,2024-04-03,1
3031290756.0,"'Amazing day': York University new medical school cause for celebration in Vaughan:   The new medical school will include up to 80 undergraduate seats and up to 102 postgraduate seats starting in September 2028, with up to 240 undergraduate seats and 293 postgraduate seats on an annual basis",The Hamilton Spectator,2024-04-03,1
3031025310.0,"Strong mayors, weakened democracy",The Hamilton Spectator,2024-04-03,4
3030736730.0,Doug Ford pleads with Justin Trudeau to ditch the carbon levy - or face the wrath of voters,The Hamilton Spectator,2024-04-02,15
3030881426.0,Ford and Downey refuse to meet with Ontario legal groups over 'like-minded judges' controversy,The Hamilton Spectator,2024-04-01,9
3016180284.0,Doug Ford's housing plan is unravelling - and he is the reason why,The Hamilton Spectator,2024-03-30,10
3016178793.0,Doug Ford's fourplex fumble was a dismal moment for anyone who cares about affordable housing,The Hamilton Spectator,2024-03-30,10
3015081185.0,Letters,The Hamilton Spectator,2024-03-30,4
3015080950.0,Do Ontario ads cross the line?,The Hamilton Spectator,2024-03-30,-1
3015080915.0,"More than 300,000 public sector workers earn over $100K",The Hamilton Spectator,2024-03-30,-1
3015025669.0,"Ontario's public colleges will be hammered by new international student visa rules - and the Ford government needs to act, critics warn",The Hamilton Spectator,2024-03-28,3
3015025660.0,"Ontario's Sunshine List of $100,000-plus earners tops 300,000 for first time",The Hamilton Spectator,2024-03-28,-1
3015023403.0,"'Nonsense': Doug Ford tells Ontario school boards to 'focus on the kids' - not sue Snapchat, TikTok or Meta",The Hamilton Spectator,2024-03-28,3
3005651672.0,"Ford government to pay for highway, commits millions 'in big win' for Ottawa",The Hamilton Spectator,2024-03-28,-1
3003345430.0,A palace revolt underway in Burlington?:   Councillors want Meed Ward to delegate some aspects of her 'strong-mayor powers',The Hamilton Spectator,2024-03-28,4
2986999716.0,"Ontario sets sights on auto theft:   Government announces cut to some mandatory insurance coverage, boost in police funding",The Hamilton Spectator,2024-03-27,2
2994799101.0,8 highlights from the Ontario budget - and 2 things all drivers will want to know,The Hamilton Spectator,2024-03-26,2
2994789959.0,"Ontario budget pours $2B into home care, but critics say it ignores long ER wait times",The Hamilton Spectator,2024-03-26,1
2985587643.0,Letters,The Hamilton Spectator,2024-03-26,10
2985587604.0,Ford government's budget shortfall soars to $9.8B as tax revenues plunge,The Hamilton Spectator,2024-03-26,2
2985587542.0,"Forget optics, the carbon tax works",The Hamilton Spectator,2024-03-26,15
2985587468.0,"Ford fails on housing, again",The Hamilton Spectator,2024-03-26,10
2985587421.0,'Prudent' budget 'is going to help us stay the course',The Hamilton Spectator,2024-03-26,2
2986329440.0,Doug Ford criticizes Justin Trudeau's carbon levy - even as Ontario's own levy collects $146M,The Hamilton Spectator,2024-03-25,15
2974033829.0,Doug Ford's budget will extend gas tax cut to Dec. 31,The Hamilton Spectator,2024-03-25,2
2973893596.0,"With bold choices, housing starts can increase",The Hamilton Spectator,2024-03-25,10
2973893357.0,Doug Ford said new funding would help Ontario's universities - but an analysis shows one-third are still in the red,The Hamilton Spectator,2024-03-25,3
2973439236.0,"Pierre Poilievre's popularity is giving Doug Ford's Tories a boost, poll suggests",The Hamilton Spectator,2024-03-23,0
2973393903.0,"City earns $17.5M for meeting housing targets:   Ford lauds efforts, but warns against 'four-storey towers' in residential areas",The Hamilton Spectator,2024-03-23,10
2973166438.0,"Doug Ford has made 'almost no progress' on pledge to build new homes, Trudeau government charges",The Hamilton Spectator,2024-03-22,10
2973166437.0,March 22 editorial cartoon,The Hamilton Spectator,2024-03-22,15
2973075331.0,Unhappy about Ontario's carbon levy? Thank Doug Ford for making it happen,The Hamilton Spectator,2024-03-22,15
2973248079.0,"In win for Doug Ford, Ottawa drops environmental assessment for Ontario's Highway 413",The Hamilton Spectator,2024-03-21,-1
2972742842.0,"Scrambling after Greenbelt scandal, Doug Ford promises $1.8B to build up cities - but no fourplexes",The Hamilton Spectator,2024-03-21,1
2972414690.0,Ford continuing the 'party' with taxpayers' money,The Hamilton Spectator,2024-03-21,2
2972412741.0,Lecce blames HWDSB for his own decisions,The Hamilton Spectator,2024-03-21,10
2972873061.0,The OPP doesn't have to enforce First Nations laws. Indigenous leaders say that's outrageous - and they want the Ford government to act,The Hamilton Spectator,2024-03-20,4
2972873023.0,Ford government denies claim there is 'a secret plan to pave' Ontario Place,The Hamilton Spectator,2024-03-20,16
2972872958.0,"Amid doctor shortage, Ford government looking at building a medical school in Vaughan: sources",The Hamilton Spectator,2024-03-20,1
2968932319.0,"Ontario Liberals propose tax credit for children's sports, after-school activities",The Hamilton Spectator,2024-03-20,2
2968777883.0,Conservation authorities' important work being threatened,The Hamilton Spectator,2024-03-20,21
2968777843.0,Doug Ford is recklessly bending the legal system to his will - and it's not the first time he's meddled,The Hamilton Spectator,2024-03-20,9
2969004344.0,$1B renovation at Queen's Park - which might include underground parking - will likely be delayed,The Hamilton Spectator,2024-03-19,12
2967204560.0,Bonnie Crombie distances her Liberals from Justin Trudeau's carbon levy,The Hamilton Spectator,2024-03-19,15
2967007300.0,Social assistance rates need to rise,The Hamilton Spectator,2024-03-19,4
2961238474.0,Bonnie Crombie promises no provincial carbon tax if her Liberals defeat Doug Ford's Tories,The Hamilton Spectator,2024-03-18,15
2957692468.0,Ontario needs to rein in its spending,The Hamilton Spectator,2024-03-16,2
2957097431.0,"HCA directors blast province's 'outrageous' conservation changes:   They are seeking legal advice on fighting regulatory changes they say threaten wetlands, watercourses and the health of watersheds",The Hamilton Spectator,2024-03-15,21
2956594534.0,Ontario's finance minister is stuck in the middle of Doug Ford's muddle,The Hamilton Spectator,2024-03-14,2
2956231101.0,Doug Ford claims union chief is 'lying' about him selling off the LCBO,The Hamilton Spectator,2024-03-13,7
2956057260.0,Cracking down on shady landlords,The Hamilton Spectator,2024-03-13,10
2956403683.0,Ford's finance minister hints at extension of gas tax break,The Hamilton Spectator,2024-03-12,2
2955212580.0,Ontario's system of naming judges is well-respected,The Hamilton Spectator,2024-03-12,9
2955208068.0,When Doug Ford tried to get out of jury duty - and earned himself a lecture on the rule of law,The Hamilton Spectator,2024-03-12,9
2954715716.0,Ontario needs a green power authority,The Hamilton Spectator,2024-03-11,11
2954715328.0,Teacher unions don't like the Ford government. So how did the province land deals with all four of them?,The Hamilton Spectator,2024-03-11,20
2954146397.0,"We lost accountability, vision with Ontario Hydro's demise",The Hamilton Spectator,2024-03-09,11
2954146393.0,'I'll build as many jails as we need':   Ford vows to construct as many facilities as required to keep criminals behind bars in Ontario,The Hamilton Spectator,2024-03-09,9
2954145646.0,"We don't need tough judges, we need independent judges",The Hamilton Spectator,2024-03-09,9
2954320721.0,"Doug Ford fires back at critical Tory MP Jamil Jivani: 'He should come in, I'll give him a couple of lessons'",The Hamilton Spectator,2024-03-08,0
2938516650.0,"After backlash, Ford government backs down and allows female MPPs to speak about International Women's Day",The Hamilton Spectator,2024-03-07,-1
2939245945.0,Cost of Doug Ford's failed wage restraint legislation tops $4B,The Hamilton Spectator,2024-03-06,20
2939243481.0,Ex-chief justices ring alarms over Doug Ford's 'political litmus test' for Ontario judges,The Hamilton Spectator,2024-03-06,9
2937587420.0,It's time for Ontario to legalize housing,The Hamilton Spectator,2024-03-06,10
2937587290.0,"How are Ontario's strong mayors flexing the new powers that the Ford government granted them?:   Some mayors used new powers to speed up contentious developments, fire senior staff and grant pay raises while others have delegated authority to council",The Hamilton Spectator,2024-03-06,4
2938023022.0,"Tory MP Jamil Jivani slams 'liberal elites' at Queen's Park, ruffling feathers in Ford government",The Hamilton Spectator,2024-03-05,0
2938019096.0,Progressive Conservative candidate for Milton byelection once sought federal Liberal nomination,The Hamilton Spectator,2024-03-05,0
2937417003.0,Ford government defeats attempt to exempt trucks from Hwy. 407 tolls,The Hamilton Spectator,2024-03-04,13
2934403375.0,Doug Ford names Milton byelection candidate,The Hamilton Spectator,2024-03-04,0
2934178437.0,Ontario courts trouble with its judiciary,The Hamilton Spectator,2024-03-04,0
2933743568.0,"Norfolk mayor asks province for 'new deal':   Cash-strapped county plans to spend $1 billion over next decade to upgrade, maintain infrastructure",The Hamilton Spectator,2024-03-02,10
2933368843.0,"Former judge slams Ford's comments:   Appointing 'like-minded' officials will lead to erosion of judicial independence, says retired jurist",The Hamilton Spectator,2024-03-01,9
2933365619.0,He helped shape Stephen Harper's 'tough on crime' agenda. It's why he says Doug Ford is wrong to stack the courts,The Hamilton Spectator,2024-03-01,9
2933614423.0,"Closing schools for the eclipse would be unfair to working families, Ford's education minister says",The Hamilton Spectator,2024-02-29,3
2933058558.0,Ontario invests $1.6B in new buildings at CAMH,The Hamilton Spectator,2024-02-29,8
2932837043.0,Ford's sneaky act pushes sprawl,The Hamilton Spectator,2024-02-29,10
2932837033.0,Time running out to change course on energy choices,The Hamilton Spectator,2024-02-29,11
2932835863.0,Here's why Doug Ford can get away with squeezing Ontario's colleges and universities,The Hamilton Spectator,2024-02-29,3
2932382057.0,Ford taints the judicial process,The Hamilton Spectator,2024-02-28,9
2932568838.0,'Complete garbage': Trudeau's immigration minister dismisses Ford government claim it was in the dark about international student cap,The Hamilton Spectator,2024-02-27,3
2932567958.0,Where will MPPs go when Queen's Park closes for repairs?,The Hamilton Spectator,2024-02-27,12
2932167587.0,Doug Ford wants 'like-minded' judges. Here's how to understand the controversy rocking Ontario courts,The Hamilton Spectator,2024-02-27,9
2931758353.0,"Doug Ford's call for 'like-minded' people picking judges is 'substantial threat' to Ontario courts, lawyers tell him",The Hamilton Spectator,2024-02-26,9
2931522714.0,Ford government announces details of billion-dollar boost to colleges and universities,The Hamilton Spectator,2024-02-26,3
2931522647.0,"Doug Ford's Tories are surging at the expense of Marit Stiles' New Democrats, poll suggests",The Hamilton Spectator,2024-02-26,0
2931110116.0,Briefs:   Town bans Pride flags,The Hamilton Spectator,2024-02-24,4
2930691248.0,Doug Ford government officially repeals provincial wage restraint law Bill 124,The Hamilton Spectator,2024-02-23,20
2930423539.0,Omnibus bill is political theatre,The Hamilton Spectator,2024-02-23,-1
2930422746.0,Letters,The Hamilton Spectator,2024-02-23,15
2930422723.0,Can nurse recruitment be streamlined?,The Hamilton Spectator,2024-02-23,1
2930422707.0,Are Doug Ford's Conservatives obsessed with Bonnie Crombie?,The Hamilton Spectator,2024-02-23,15
2930965224.0,"Ford government to provide $1 billion in funding to universities, colleges: sources",The Hamilton Spectator,2024-02-22,3
2930965221.0,"Doug Ford's government is to blame for Ontario's teacher recruitment and retention crisis, unions charge",The Hamilton Spectator,2024-02-22,3
2930965216.0,Ford government accused of helping developers and harming homeowners with bill to reverse natural gas ruling,The Hamilton Spectator,2024-02-22,11
2930046593.0,"Ontario patients pleaded for help after 10,000 were dumped by their clinic. They say Doug Ford left them disappointed",The Hamilton Spectator,2024-02-21,1
2930046586.0,Ford government says law to punish local politicians who harass staff coming soon,The Hamilton Spectator,2024-02-21,-1
2930046086.0,"'Very disappointed': Ford government says international student cap will hurt economy, calls out Ottawa",The Hamilton Spectator,2024-02-21,3
2928800080.0,"Legislature resumes with plan to Get It Done:   Bill will 'accelerate construction of transit, housing and infrastructure projects,' minister says",The Hamilton Spectator,2024-02-21,15
2929195728.0,"Doug Ford refuses to apologize over wage-capping legislation, as MPPs return to Queen Park",The Hamilton Spectator,2024-02-20,-1
2928619371.0,'Untenable': Halton police board chair discusses poor state of Milton courthouse,The Hamilton Spectator,2024-02-20,9
2928510984.0,Doug Ford hopes to finally 'Get It Done' when legislature resumes Tuesday,The Hamilton Spectator,2024-02-20,15
2928015653.0,Has Ford learned nothing from the Greenbelt scandal?,The Hamilton Spectator,2024-02-18,0
2927815533.0,More funding is needed for health-care ills,The Hamilton Spectator,2024-02-17,1
2927876539.0,Ford government wants to fast-track construction projects but critics warn Greenbelt shows it can't be trusted,The Hamilton Spectator,2024-02-16,-1
2927649516.0,Here's how many international student applications Ontario universities want,The Hamilton Spectator,2024-02-15,3
2926637065.0,"Doug Ford government to ban most highway tolls, freeze driver's licence fees and eliminate plate registration",The Hamilton Spectator,2024-02-15,-1
2926411076.0,What will be Ford's legacy?,The Hamilton Spectator,2024-02-15,0
2926406609.0,"Doug Ford's partisan ignorance has left 53,000 tenants and landlords dangling",The Hamilton Spectator,2024-02-15,-1
2925928095.0,Ford takes dig at Crombie as he unveils referendum bill,The Hamilton Spectator,2024-02-14,15
2925580131.0,Doug Ford government scrapping licence plate renewals,The Hamilton Spectator,2024-02-13,-1
2925411707.0,How shamelessly has Doug Ford ground down Ontario's colleges and universities? Let me count the ways,The Hamilton Spectator,2024-02-13,3
2925411614.0,Ontario to repeal wage-cap law after loss in Appeal Court,The Hamilton Spectator,2024-02-13,20
2925411360.0,A transgender policy rooted in politics,The Hamilton Spectator,2024-02-13,0
2925082271.0,"Doug Ford's wage restraint legislation is unconstitutional, appeal court finds",The Hamilton Spectator,2024-02-12,20
2924895881.0,"More than one million Ontario drivers with expired licence plates are risking $1,000 fines. Are you one of them?",The Hamilton Spectator,2024-02-12,-1
2924895591.0,An expensive lesson on the importance of democracy,The Hamilton Spectator,2024-02-12,11
2924895536.0,Ottawa should freeze beer taxes,The Hamilton Spectator,2024-02-12,6
2923117382.0,Toronto Western Hospital getting more beds and operating rooms to help tackle wait times,The Hamilton Spectator,2024-02-06,1
2921976090.0,Ford takes aim at 'queen' of carbon tax:   Premier puts focus on Crombie at PC party policy convention in Niagara Falls,The Hamilton Spectator,2024-02-05,0
2921791367.0,Doug Ford takes aim at Bonnie Crombie in speech to the Tory troops in Niagara Falls,The Hamilton Spectator,2024-02-04,0
2921459780.0,The Ford government does not have to disclose mandate letters:   Supreme Court rules in favour of Ontario's Tories,The Hamilton Spectator,2024-02-03,-1
2921084476.0,Supreme Court rules Doug Ford's mandate letters for cabinet ministers can be kept secret,The Hamilton Spectator,2024-02-02,-1
2921084447.0,Province misfires on ServiceOntario,The Hamilton Spectator,2024-02-02,19
2920451166.0,Ford doesn't want to hike tuition costs:   'We're going to work with our colleges and universities to support them any way we can': Ford,The Hamilton Spectator,2024-02-01,3
2920227608.0,"Under pressure from universities, Doug Ford says it's 'not the time' for a tuition increase",The Hamilton Spectator,2024-01-31,3
2920227404.0,"Doug Ford, Justin Trudeau governments announces $121M in federal funding to fight auto theft, gun crimes",The Hamilton Spectator,2024-01-31,9
2919810907.0,Ontario seeks approval to refurbish 4 Pickering nuclear reactors,The Hamilton Spectator,2024-01-30,11
2919759684.0,City hits provincial housing target; stands to land $12M:   But funding falls short of what's lost through Bill 23,The Hamilton Spectator,2024-01-30,10
2919899117.0,Doug Ford government approves three MZOs - with Olivia Chow's blessing,The Hamilton Spectator,2024-01-29,21
2919311811.0,Will Ford step in to save golf course lands?,The Hamilton Spectator,2024-01-29,21
2919137565.0,"10,000 Ontario patients cut loose because of staffing shortages",The Hamilton Spectator,2024-01-28,1
2919137472.0,"Doug Ford's Tories are ahead, but ominous signs are on the horizon, poll suggests",The Hamilton Spectator,2024-01-28,0
2918319843.0,"Under pressure, Ford government readying law to punish local politicians who harass staff",The Hamilton Spectator,2024-01-24,-1
2918319407.0,Ford government stands by use of Emergencies Act against 'Freedom Convoy' despite court decision,The Hamilton Spectator,2024-01-24,4
2917499613.0,Did Ford's office know land swap details earlier than claimed?:   A recently discovered internal email related to the Greenbelt scandal suggests premier's office 'was far more involved',The Hamilton Spectator,2024-01-23,18
2917643521.0,Doug Ford's office fires back at claims of inconsistencies in Greenbelt testimony,The Hamilton Spectator,2024-01-22,18
2917304661.0,Doug Ford promising more help for housing in rural Ontario,The Hamilton Spectator,2024-01-22,10
2916700609.0,Why did Doug Ford's government defeat a bill on sexual harassment?,The Hamilton Spectator,2024-01-20,-1
2916477892.0,Ford government slammed for Ontario's use of temporary nurses,The Hamilton Spectator,2024-01-18,1
2915912945.0,New interest in renewables may be a mirage,The Hamilton Spectator,2024-01-18,11
2916167212.0,"'It's easy for Doug, because he's rich': MPPs haven't had raises since 2008 - and some see that as a problem",The Hamilton Spectator,2024-01-17,-1
2915667138.0,Amazon MGM snaps up prime studio space near Toronto's waterfront for film production,The Hamilton Spectator,2024-01-17,16
2915142633.0,Former Doug Ford cabinet minister in political limbo as RCMP probes Greenbelt scandal,The Hamilton Spectator,2024-01-15,18
2914889867.0,Young Ontario activists' climate lawsuit against province goes to Court of Appeal on Monday,The Hamilton Spectator,2024-01-15,11
2913644864.0,Flip-flop won't undo Ford's damage,The Hamilton Spectator,2024-01-13,11
2913404946.0,Several ServiceOntario spots moving to Staples:   Unknown number of locations to close in what opposition parties decry as privatization of services,The Hamilton Spectator,2024-01-12,19
2913516989.0,Here's how much Bonnie Crombie will make as Liberal leader,The Hamilton Spectator,2024-01-11,0
2911758196.0,Budget meeting is a chance to send a message to Ford,The Hamilton Spectator,2024-01-09,-1
2910678063.0,Doug Ford's Tories set to abandon lucrative fundraiser in wake of Greenbelt scandal,The Hamilton Spectator,2024-01-04,18
2909040690.0,Don't count Ford out yet,The Hamilton Spectator,2024-01-03,0
2909279009.0,Bonnie Crombie smashes fundraising target as Liberals collect $1.2M,The Hamilton Spectator,2024-01-02,0
3171931459.0,Audio clip of Hamilton Centre Tory candidate sparks political firestorm on eve of election,The Hamilton Spectator,2025-02-26,0
3171354688.0,Sick of unwanted calls and texts? Here's why Canada's Do Not Call List won't stop political parties and these groups from contacting you,The Hamilton Spectator,2025-02-26,0
3171234545.0,"Will you vote in Ontario's 'invisible' election Thursday?:   Campaign competes for attention with blizzards, U.S. tariffs and federal leadership race",The Hamilton Spectator,2025-02-26,0
3171232827.0,We can't afford this nuclear fantasy,The Hamilton Spectator,2025-02-26,11
3171232810.0,Icy stairs and snow bank signs:   Candidates face challenges reaching voters in rare winter election campaign,The Hamilton Spectator,2025-02-26,0
3171231058.0,Ford campaign talks up renewed tariff threat,The Hamilton Spectator,2025-02-26,0
3171483814.0,How to make a difference in an Ontario election that may change nothing: My guide for voters,The Hamilton Spectator,2025-02-25,0
3170918011.0,Replied 'Stop' but still getting political texts from Doug Ford or others during Ontario election campaign? You're not alone,The Hamilton Spectator,2025-02-25,0
3170917946.0,"Ontario election promise tracker: From Trump tariffs to health care, here's what every provincial party leader is pledging",The Hamilton Spectator,2025-02-25,0
3170778908.0,For-profit health care isn't worth the cost,The Hamilton Spectator,2025-02-25,1
3170771597.0,"Without reform, election is just a game",The Hamilton Spectator,2025-02-25,0
3170771279.0,Voters can now compare promises ahead of election day:   All four major political parties have released their platforms,The Hamilton Spectator,2025-02-25,4
3170771241.0,Is life any better today than in 2018?,The Hamilton Spectator,2025-02-25,0
3170771229.0,"PCs make $40B in promises, including cheaper booze",The Hamilton Spectator,2025-02-25,0
3170770930.0,Public health care is being starved,The Hamilton Spectator,2025-02-25,1
3171050925.0,Doug Ford pledges $40B in new spending to offset Donald Trump's threatened tariffs,The Hamilton Spectator,2025-02-24,0
3169989100.0,"Ford vague on paying for campaign promises:   'I believe in growing revenue,' Progressive Conservative leader says",The Hamilton Spectator,2025-02-24,0
3169989030.0,"Mountain candidates spar over fixes for housing, affordability crisis:   Conservative candidate misses debate due to scheduling conflict in riding considered wide open",The Hamilton Spectator,2025-02-24,-1
3169987591.0,A guide to the Ontario election's most dramatic ridings to watch. Is yours one of them?,The Hamilton Spectator,2025-02-24,0
3169792199.0,"Trump's tariffs shine a light on our vulnerability and why Ontario needs more to sell, not just more markets",The Hamilton Spectator,2025-02-23,0
3169792176.0,"ONTARIO ELECTION 2025: When is the provincial election, how do I vote? This guide can help",The Hamilton Spectator,2025-02-23,0
3169792173.0,"She waited 40 hours in the ER, surrounded by sick patients. It was the most dangerous place she could be - and a worsening reality in Ontario",The Hamilton Spectator,2025-02-23,1
3169866208.0,"On the campaign trail with Marit Stiles, enthusiasm is high - but recognition is low. Here's why the NDP leader is struggling to be heard",The Hamilton Spectator,2025-02-22,0
3169499591.0,"Doug Ford promised to end hallway medicine. But Ontario's ER wait times have gotten worse in the past three years, confidential report shows",The Hamilton Spectator,2025-02-22,1
3169499457.0,Five top takeaways from the campaign trail this week,The Hamilton Spectator,2025-02-22,-1
3169359869.0,"Skelly defends Ford's record in Flamborough-Glanbrook debate:   Candidates squared off over Greenbelt, health care and education",The Hamilton Spectator,2025-02-22,0
3169359808.0,"NDP, Liberals release full platforms",The Hamilton Spectator,2025-02-22,2
3169359792.0,"Voters urged to safeguard Greenbelt, local farmland:   Grassroot groups say city's green ribbon of protected land remains under threat as election day looms",The Hamilton Spectator,2025-02-22,21
3169359572.0,"Candidates spar over health care, housing:   Conservative Amy Martin seeks to unseat Independent Bobbi Ann Brady in Haldimand-Norfolk",The Hamilton Spectator,2025-02-22,0
3169359556.0,"Remaining Mohawk staff feel 'overworked,' union says:   Next government urged to support colleges in 'crisis'",The Hamilton Spectator,2025-02-22,3
3169001151.0,Liberal and NDP candidates trade fire:   Hamilton East- Stoney Creek TV debate missing PC incumbent,The Hamilton Spectator,2025-02-21,0
3168997087.0,Crombie would expand OHIP with mental-health coverage:   Ford vows to break down interprovincial trade barriers and cut red tape,The Hamilton Spectator,2025-02-21,0
3168996987.0,"Ads in America should help Ontario, not Ford",The Hamilton Spectator,2025-02-21,-1
3168996870.0,"Hamilton Mountain race heating up:   Candidates trade 'personal' jabs, bring in well-known faces to campaign",The Hamilton Spectator,2025-02-21,0
3168996792.0,"Barbs thrown at missing PC candidate:   Hamilton West-Ancaster-Dundas hopefuls discuss health care, housing during debate",The Hamilton Spectator,2025-02-21,0
3168616102.0,"NDP, past party incumbent spar at Hamilton Centre debate:   Candidates' stances on homelessness, tariffs and party politics showcased at Cable TV debate",The Hamilton Spectator,2025-02-20,14
3168616071.0,Only one full platform out as vote nears:   Progressive Conservative Leader Doug Ford has been notably absent from the campaign trail,The Hamilton Spectator,2025-02-20,0
3168374570.0,Got a text from an Ontario election candidate? Here's what Ontario's privacy watchdog says about unsolicited messages,The Hamilton Spectator,2025-02-19,0
3168374028.0,Niagara West candidates meeting a low-key affair,The Hamilton Spectator,2025-02-19,0
3168224466.0,ONTARIO ELECTION 2025: What is a Guaranteed Basic Annual Income?:   Pros and cons of Guaranteed Basic Annual Income merit discussion as battle to beat poverty rolls on,The Hamilton Spectator,2025-02-19,2
3168222973.0,Will highway politics drive your vote?:   Both the Tories and Liberals have pitched a wider QEW over the years,The Hamilton Spectator,2025-02-19,13
3168222859.0,"Campaigns dig up dirt, sling mud as vote nears",The Hamilton Spectator,2025-02-19,0
3168222694.0,Ford survives to battle another day,The Hamilton Spectator,2025-02-19,0
3168222626.0,"Crombie, Stiles unable to make headway",The Hamilton Spectator,2025-02-19,0
3167716150.0,Ontario election: What to expect at the leaders' debate tonight,The Hamilton Spectator,2025-02-17,0
3167716063.0,"How Donald Trump, tariffs and the Liberal leadership are erasing Ontario's election - and playing right into Doug Ford's hands",The Hamilton Spectator,2025-02-17,0
3167311357.0,"Election offers chance for parties to state how they will make Ontario more accessible, advocate writes",The Hamilton Spectator,2025-02-16,1
3167136197.0,"Ontario election: From electric chairs to push ups, here are the top moments from the campaign trail this week",The Hamilton Spectator,2025-02-15,0
3167136143.0,Inside Doug Ford's trip to Washington - and how he was received by Americans,The Hamilton Spectator,2025-02-15,0
3166982612.0,Haldimand-Norfolk PC candidate bails on election debate:   Amy Martin left Caledonia community centre rather than go one on one with Independent incumbent Bobbi Ann Brady,The Hamilton Spectator,2025-02-15,0
3166978995.0,Burlington,The Hamilton Spectator,2025-02-15,0
3166970310.0,"Ford's 401 tunnel costly, unworkable",The Hamilton Spectator,2025-02-15,13
3166970284.0,Ontario party leaders spar over housing in first debate,The Hamilton Spectator,2025-02-15,-1
3167206498.0,"Ontario provincial leaders debate: Here's how to watch on Family Day, Feb. 17",The Hamilton Spectator,2025-02-14,0
3166472223.0,"NDP questioning Ford's U.S. trip:   'This demands transparency and accountability,' Siles says",The Hamilton Spectator,2025-02-14,0
3166471828.0,Liberals' Crombie has not lived up to the hype,The Hamilton Spectator,2025-02-14,0
3166471073.0,Why your vote matters on Feb. 27,The Hamilton Spectator,2025-02-14,0
3166819291.0,"Doug Ford broke ethics rules with campaign ad, opponents charge",The Hamilton Spectator,2025-02-13,0
3166092702.0,Ford's bulldozing of Ontario must be stopped,The Hamilton Spectator,2025-02-13,6
3166083321.0,Ontario Greens pledge to build two million homes and cut taxes:   Liberal Crombie promises pay equity for health-care workers,The Hamilton Spectator,2025-02-13,-1
3166080880.0,Voters should turn out in droves on Feb. 27,The Hamilton Spectator,2025-02-13,-1
3166080878.0,We need party leaders to plug into electricity debate,The Hamilton Spectator,2025-02-13,11
3165674137.0,"Leaders of Liberals, NDP promise to help young people",The Hamilton Spectator,2025-02-12,3
3165403551.0,What will it take to fix Ontario's broken health-care system? Here's what provincial parties are promising,The Hamilton Spectator,2025-02-11,1
3165403538.0,"Ontario election 2025 promise tracker: From Trump tariffs to family doctors, here's what every provincial party leader is pledging",The Hamilton Spectator,2025-02-11,0
3165304473.0,Liberals and NDP focus on health care,The Hamilton Spectator,2025-02-11,0
3165492319.0,Doug Ford talks tough on China ahead of Washington trip to fight Donald Trump's tariffs,The Hamilton Spectator,2025-02-10,0
3164788982.0,Don't have a family doctor? What if Ontario could give you all the help you need at a 'health care home'?,The Hamilton Spectator,2025-02-09,1
3164648641.0,"Ontario election 2025: Doug Ford's plan to deliver us from gridlock won't end congestion, experts say",The Hamilton Spectator,2025-02-08,13
3164583048.0,Boosting access to doctors focus of campaign trail,The Hamilton Spectator,2025-02-08,1
3164582958.0,Doug Ford under attack in Super Bowl ads,The Hamilton Spectator,2025-02-08,0
3164582735.0,$200 'tax rebate' cheques are being sent to dead Ontarians. Here's what to do if one lands in your mailbox,The Hamilton Spectator,2025-02-08,2
3164379774.0,Here are important dates for eligible voters for the Feb. 27 Ontario election,The Hamilton Spectator,2025-02-07,0
3164230743.0,"NDP, Green leaders converge on east Hamilton",The Hamilton Spectator,2025-02-07,0
3164230675.0,Ford wants you not to vote. You have to vote:   The tariffs were a convenient ruse for a man who needed another crisis to wield fear as a cudgel,The Hamilton Spectator,2025-02-07,0
3164229165.0,Crombie slams Ford for not curing the health-care woes,The Hamilton Spectator,2025-02-07,1
3164229163.0,"Wanted: Workers in Hamilton to help oversee Feb. 27 election:   Elections Ontario to hire more than 55,000 across province",The Hamilton Spectator,2025-02-07,0
3163706898.0,"Main parties discuss encampments, disability payments and highway tolls:   Ongoing tariff threat took a back seat",The Hamilton Spectator,2025-02-06,4
3163706646.0,Don't vote for more Trump-style politics,The Hamilton Spectator,2025-02-06,0
3163933202.0,Liberal Leader Bonnie Crombie campaigns in Hamilton,The Hamilton Spectator,2025-02-05,0
3163368345.0,Ford defends saying he was '100% happy' Trump won U.S. election:   'Lost his reason for election': Crombie,The Hamilton Spectator,2025-02-05,0
3163368190.0,"Pitch for fast-tracked urban expansion rejected by councillors:   Consortium aims for provincial zoning approval to advance 5,000-home development",The Hamilton Spectator,2025-02-05,21
3163570729.0,Is Doug Ford's hot mic mistake the turning point in the Ontario election campaign?,The Hamilton Spectator,2025-02-04,0
3163150040.0,"Wrong time to be holding an election, Ford critics say",The Hamilton Spectator,2025-02-04,0
3163148769.0,Protecting what and from whom?,The Hamilton Spectator,2025-02-04,0
3163272521.0,Doug Ford defends snap election call despite Trump trade war,The Hamilton Spectator,2025-02-03,0
3162729359.0,"Province to pull U.S. booze from shelves:   Ontario, Quebec, B.C. and others take aim at American liquor products as tariff war intensifies",The Hamilton Spectator,2025-02-03,0
3162729284.0,Ford is betting his opponents will stay home on election day. Again,The Hamilton Spectator,2025-02-03,0
3162729260.0,Greenbelt urban expansion pitch raises eyebrows:   Councillor calls developer's proposal for off-limits zone 'very curious',The Hamilton Spectator,2025-02-03,21
3162728977.0,Crombie accuses Ford of leaving Ontario in limbo amid trade war:   Liberal leader worries not enough done to diversify province's economy,The Hamilton Spectator,2025-02-03,0
3162110755.0,Ford pledges $22B in stimulus package if re-elected as premier:   Vows to widen the QEW between Burlington and St. Catharines,The Hamilton Spectator,2025-02-01,17
3162110685.0,Ford not the leader he pretends to be,The Hamilton Spectator,2025-02-01,0
3162110655.0,"What will drive your ballot on Feb. 27?:   From Trump's tariffs to housing, homelessness and long-term care, key issues loom large for voters",The Hamilton Spectator,2025-02-01,0
3161901542.0,Bonnie Crombie says Doug Ford has put transit users at risk: 'You just don't feel safe',The Hamilton Spectator,2025-01-31,17
3161732576.0,"Ford to honour EV commitment, Crombie and Stiles less definitive:   Trump has said the United States does not want or need Canadian cars",The Hamilton Spectator,2025-01-31,0
3161732311.0,Where is Team Ontario in election?,The Hamilton Spectator,2025-01-31,0
3161713311.0,"If the LCBO pulls American wine off its shelves, there are hundreds of Ontario options to choose from",The Hamilton Spectator,2025-01-31,0
3161994554.0,Ontario Election 2025: What you need to know about voting in Burlington riding on Feb. 27,The Hamilton Spectator,2025-01-30,0
3161487501.0,Kyle Hutton nominated as Green Party candidate for Burlington,The Hamilton Spectator,2025-01-30,0
3161407186.0,Nobody asked for this election,The Hamilton Spectator,2025-01-30,0
3161406896.0,Tariff fight takes centre stage as election campaign kicks off:   Party leaders hold first rallies as sprint begins to election day Feb. 27,The Hamilton Spectator,2025-01-30,0
3161573808.0,Andrea Grebenc nominated as Liberal candidate for Burlington,The Hamilton Spectator,2025-01-29,0
3161573765.0,Doug Ford has stripped himself of credibility with a Trumped-up snap election,The Hamilton Spectator,2025-01-29,0
3161573600.0,Natalie Pierre acclaimed as PC candidate for Burlington,The Hamilton Spectator,2025-01-29,0
3160911231.0,Voters officially heading to polls early:   Ford wants large mandate but opposition parties insist election is not necessary this year,The Hamilton Spectator,2025-01-29,0
3160911062.0,Sarah Jama to run as independent in Hamilton Centre after NDP rejection:   Some party activists warn New Democrats could lose long-held riding to vote splitting,The Hamilton Spectator,2025-01-29,14
3160911038.0,Who gets your vote in this provincial election?:   We go to polls Feb. 27 to cast ballots originally scheduled for 2026,The Hamilton Spectator,2025-01-29,0
3161369705.0,Doug Ford triggers snap Ontario election,The Hamilton Spectator,2025-01-28,0
3160453071.0,"Ontario is short 35,000 family physicians. Are you looking for a family doctor?",The Hamilton Spectator,2025-01-28,1
3160304424.0,It's time to tell Ford the truth,The Hamilton Spectator,2025-01-28,0
3160304000.0,Ford government takes next step to remove Toronto bike lanes,The Hamilton Spectator,2025-01-28,5
3160302880.0,Ford's decision to expand alcohol sales will cost the province $612M,The Hamilton Spectator,2025-01-28,6
3160302791.0,Letters,The Hamilton Spectator,2025-01-28,0
3160049487.0,"Doug Ford's alcohol sales expansion deal cost taxpayers an additional $612M, watchdog says",The Hamilton Spectator,2025-01-27,6
3160049322.0,Ontario is hiring thousands of election workers and you could earn up to $29.50 per hour,The Hamilton Spectator,2025-01-27,0
3159970604.0,Why don't we care about the crisis on campus?,The Hamilton Spectator,2025-01-27,3
3159970588.0,Ford's snap election call kicks parties' planning into high gear,The Hamilton Spectator,2025-01-27,0
3159792543.0,Accessible Ontario Pledge offers next step for disability advocates bent on change,The Hamilton Spectator,2025-01-26,1
3159778264.0,Doug Ford is courting disaster with an early election,The Hamilton Spectator,2025-01-26,0
3159623642.0,Election should be about health care,The Hamilton Spectator,2025-01-25,1
3159622931.0,Ford to call snap election next week:   Premier says he needs 'big mandate' from Feb. 27 vote as he vows to fight Trump tariffs,The Hamilton Spectator,2025-01-25,0
3159093310.0,Premier Ford to call snap election next week for Feb. 27,The Hamilton Spectator,2025-01-24,0
3159093274.0,No mandate to call an early election,The Hamilton Spectator,2025-01-24,0
3159510721.0,Worried about Doug Ford pulling your favourite American liquor off LCBO shelves? Here's some Ontario brands to try,The Hamilton Spectator,2025-01-23,0
3158397007.0,Ford looking out for himself,The Hamilton Spectator,2025-01-23,0
3157827728.0,Ford already has a mandate to invest in Ontario:   Province's attention and dollars have been poured into populist nonsense nobody asked for,The Hamilton Spectator,2025-01-22,2
3157827314.0,Ford may call Ontario election as soon as next week,The Hamilton Spectator,2025-01-22,0
3158201952.0,Doug Ford may call Ontario election as early as next week: sources,The Hamilton Spectator,2025-01-21,0
3157389144.0,Ford signals election may be top of mind:   Premier wants to have a 'clear mandate' in order to deal with threat of tariffs from the U.S.,The Hamilton Spectator,2025-01-21,0
3157221592.0,'They will feel the pain': Doug Ford threatens to pull U.S. booze off LCBO shelves if Trump's tariffs are enacted,The Hamilton Spectator,2025-01-20,0
3157221498.0,Doug Ford warns Trump tariffs would be an 'absolute disaster' for Canadians and Americans,The Hamilton Spectator,2025-01-20,0
3156385645.0,Who should pay for homelessness?:   Hamilton mayor challenges province to take bigger role,The Hamilton Spectator,2025-01-17,4
3155986529.0,Will Trump's tariffs trigger a recession in Ontario? Here's what economists are saying,The Hamilton Spectator,2025-01-16,0
3155986345.0,"Port Hope may get nuclear plant:   Ford government's proposed project could power 10 million homes, energy minister says",The Hamilton Spectator,2025-01-16,11
3156204089.0,Secondary teachers' union slams funding with 'Ford High' ad campaign,The Hamilton Spectator,2025-01-15,3
3155544840.0,"Premiers debate as Trump celebrates:   Tariffs threatened by incoming president could cost up to 500,000 Ontario jobs, Doug Ford says",The Hamilton Spectator,2025-01-15,0
3155813377.0,"Doug Ford warns 500,000 jobs in Ontario could be lost due to Donald Trump tariffs",The Hamilton Spectator,2025-01-14,0
3155061091.0,"Horwath says province, feds must step up their game on homelessness issue:   Local Tories say accountability for $158 million in city funding is needed before more aid is given",The Hamilton Spectator,2025-01-14,4
3155060830.0,"New year, new chance for Jama",The Hamilton Spectator,2025-01-14,14
3155431250.0,What minerals does the U.S. get from Ontario and how can Canada fight back against Trump's tariff threats?,The Hamilton Spectator,2025-01-13,0
3154872436.0,"Doug Ford is wrong to use Trump's tariffs to justify an early election, Bonnie Crombie says",The Hamilton Spectator,2025-01-13,0
3154214921.0,"NDP commits to Grimsby GO station, double track to Niagara Falls",The Hamilton Spectator,2025-01-10,0
3153453640.0,"More than 80,000 people in Ontario were homeless in 2024, report finds:   Numbers have jumped 25 per cent compared to two years ago",The Hamilton Spectator,2025-01-10,4
3152880775.0,Ford needs to hold off on early election,The Hamilton Spectator,2025-01-09,0
3152878858.0,national briefs,The Hamilton Spectator,2025-01-09,8
3152878562.0,Ontario launches new rebates to make homes more efficient:   Small businesses can also take advantage of Peak Perks plan,The Hamilton Spectator,2025-01-09,11
3152189714.0,Doug Ford boosts Ontario's border security amid Donald Trump tariff threat,The Hamilton Spectator,2025-01-07,0
3151553482.0,Ontarians are hungry for an alternative to Doug Ford. Why isn't Bonnie Crombie providing?,The Hamilton Spectator,2025-01-05,0
3150429657.0,"If you haven't filed your 2023 tax return, time is running out to receive the $200 Ontario taxpayer rebate in 2025",The Hamilton Spectator,2024-12-30,2
3149695831.0,Letters,The Hamilton Spectator,2024-12-28,0
3149442590.0,Ford sees an opportunity in Trump,The Hamilton Spectator,2024-12-27,0
3148781406.0,Ontario asks highest court to hear youth-led climate case,The Hamilton Spectator,2024-12-24,11
3148781025.0,"Encampments are 'necessary,' advocates for homeless argue:   'The only way to solve homelessness is with homes,' outreach workers say",The Hamilton Spectator,2024-12-24,4
3145482296.0,"Homeless funding is historic, but still not enough",The Hamilton Spectator,2024-12-17,-1
3145482199.0,Ford says premiers united in fight against tariff threat despite 'chaos' in Ottawa,The Hamilton Spectator,2024-12-17,0
3144878852.0,'Institutional circuit' is not the answer,The Hamilton Spectator,2024-12-16,4
3144284927.0,Minister touts credit rating:   S & P Global upgrades the province's status for the first time since 2001,The Hamilton Spectator,2024-12-14,2
3143664489.0,"'A start' but not nearly enough, city says of Ford's $75.5M boost to tackle homelessness",The Hamilton Spectator,2024-12-13,4
3143663940.0,Key premiers won't back threat to cut energy to U.S.,The Hamilton Spectator,2024-12-13,0
3143311882.0,Premier Doug Ford expected to explain plan to deal with homeless encampments,The Hamilton Spectator,2024-12-12,4
3143188126.0,Doug Ford to crack down on homeless encampments with fines for drug use and more funding,The Hamilton Spectator,2024-12-12,4
3142958754.0,Bonnie Crombie's housing plan would axe land-transfer tax for first-time home buyers,The Hamilton Spectator,2024-12-11,10
3142493656.0,Compassion is taking a back seat,The Hamilton Spectator,2024-12-10,4
3142290746.0,"Ontarians divided over Doug Ford's get-tough approach on homeless encampments, survey suggests",The Hamilton Spectator,2024-12-09,4
3142182692.0,Our safety and democracy are at risk,The Hamilton Spectator,2024-12-09,0
3142072618.0,"Doug Ford's Tories leading as potential election looms, survey shows",The Hamilton Spectator,2024-12-08,0
,Ford needs to declare epidemic,The Hamilton Spectator,2024-12-07,-1
3141356167.0,Is more hallway health care the price of privatization?,The Hamilton Spectator,2024-12-06,1
3141356132.0,Ford ready to override courts and 'dismantle' homeless encampments:   Could give 'enhanced powers' to municipalities and police,The Hamilton Spectator,2024-12-06,4
3140792358.0,The Ford Way of running Ontario,The Hamilton Spectator,2024-12-05,21
3140792276.0,There goes our democracy,The Hamilton Spectator,2024-12-05,4
3141158267.0,Trudeau's environment minister says he understands why Ontario Liberal leader is distancing herself from 'carbon tax',The Hamilton Spectator,2024-12-04,15
3140614523.0,"Justin Trudeau's 'carbon tax' is 'wrong,' Ontario Liberal Leader Bonnie Crombie says",The Hamilton Spectator,2024-12-04,15
3139089986.0,"Ford should finally reduce personal income tax:   Bonnie Crombie's proposal is a good idea, but it is only a small step in the right direction",The Hamilton Spectator,2024-12-04,2
3140614528.0,10 highlights from the Ontario auditor general's searing report on the Ford government's performance,The Hamilton Spectator,2024-12-03,-1
3135043028.0,Health-care workers deserve the same supports,The Hamilton Spectator,2024-12-03,1
3134880561.0,'Wait times have exploded': Bonnie Crombie takes aim at Ontario doctor shortage in campaign promise,The Hamilton Spectator,2024-12-02,1
3134880234.0,Premier Doug Ford 'in conversation' for Highway 407 buyback from private owners,The Hamilton Spectator,2024-12-02,13
3134625932.0,"Seniors wait up to five years for spot in LTC:   At time of desperate need, city lost 321 spaces while new beds are years away",The Hamilton Spectator,2024-12-02,1
3134625806.0,Support for mental-health and addiction unit at Joseph Brant Hospital announced,The Hamilton Spectator,2024-12-02,1
3134625760.0,"AODA timeline highlights key moments in Ontario's quest to build a barrier-free province:   Accessibility advocates have said they won't give up despite deadline of Jan. 1, 20 25 advancing quickly and goal of barrier-free Ontario far away",The Hamilton Spectator,2024-12-02,1
3134520645.0,Did Bonnie Crombie get 'sold a bill of goods'? Here's why the Liberal leader is struggling to find her footing and take down Doug Ford,The Hamilton Spectator,2024-12-01,0
3134268585.0,Overriding Charter rights is a Band-Aid solution:   Using the notwithstanding clause to evict the homeless shows the limits of municipal politics,The Hamilton Spectator,2024-11-30,4
3133958889.0,"'Completely flabbergasted': Hamilton councillors grapple with 'strong mayor' budget reality:   New process surprises city politicians, changing their power to amend municipal spending plans",The Hamilton Spectator,2024-11-29,4
3133404836.0,Ford government looking to build three new power plants to meet electricity demands. Here's where they'd be located,The Hamilton Spectator,2024-11-27,11
3133191421.0,"Ford can fix crisis, but he's making it worse",The Hamilton Spectator,2024-11-27,10
3133191274.0,'A family member stabbing you right in the heart': Ford:   Premier says Canada should be prepared to retaliate against U.S. tariffs,The Hamilton Spectator,2024-11-27,0
3133497155.0,Ford government slammed for rejecting public hearings on bill to close safe consumption sites: 'They don't want to hear from the experts',The Hamilton Spectator,2024-11-26,8
3132830829.0,Doug Ford says Canada would have 'no choice' but to retaliate against Donald Trump's 25% tariff,The Hamilton Spectator,2024-11-26,0
3132764166.0,National briefs:   Divisive bike lane bill passesTwo charged in theft from legion,The Hamilton Spectator,2024-11-26,5
3132996548.0,Ford government slammed for refusing to declare an epidemic in partner violence,The Hamilton Spectator,2024-11-25,-1
3132996426.0,Doug Ford's government pushes through law restricting bike lanes,The Hamilton Spectator,2024-11-25,5
3132035810.0,"Firefighter cancer coverage to get boost:   Ontario is improving benefits in legislation born out of infamously toxic, four-day Plastimet fire",The Hamilton Spectator,2024-11-23,1
3131838318.0,"Bonnie Crombie launches first campaign ad, blames Doug Ford for doctors' shortage",The Hamilton Spectator,2024-11-22,0
3131758674.0,"Eligible businesses to get slice of WSIB's surplus:   Premier says some refunds could be as much as $70,000",The Hamilton Spectator,2024-11-22,2
3131758640.0,Too many people in jail under remand,The Hamilton Spectator,2024-11-22,9
3131758376.0,Ontario NDP critical of fundraiser,The Hamilton Spectator,2024-11-22,2
3131758358.0,Ford keeps Wynne's fiscal legacy intact,The Hamilton Spectator,2024-11-22,2
3131758929.0,Ford government to ban lawsuits against province if cyclists are hurt or killed on streets where bike lanes were removed,The Hamilton Spectator,2024-11-21,5
3131474269.0,Doug Ford and Olivia Chow have the means to end encampments. One thing is stopping them,The Hamilton Spectator,2024-11-21,4
3131563346.0,"Accusing Doug Ford of 'meddling,' NDP wants former Toronto mayor David Miller to draft a new deal for municipalities",The Hamilton Spectator,2024-11-20,0
3130782978.0,Ford government announces tough new rules for 'bad actor' immigration consultants,The Hamilton Spectator,2024-11-20,3
3130931637.0,Doug Ford says $48M estimate to remove Toronto bike lanes is 'hogwash',The Hamilton Spectator,2024-11-19,5
3130178901.0,Doug Ford and Justin Trudeau are talking to the wrong audience about Donald Trump,The Hamilton Spectator,2024-11-19,0
3129922823.0,Ford government disputes Toronto's $48M bike lane removal cost: 'It can't cost double',The Hamilton Spectator,2024-11-18,5
3129922446.0,Ford government moves to shut 'loophole' for supervised drug consumption sites,The Hamilton Spectator,2024-11-18,8
3129922425.0,"Ford government wants to work with social media giants to keep children safe, minister says",The Hamilton Spectator,2024-11-18,3
3129466381.0,Council to Ford: Stay out of city's bike lanes:   'War on cars' and 'wedge politics' raised during debate about opposing proposed legislation,The Hamilton Spectator,2024-11-18,5
3129466377.0,"Workers say their goodbyes to Ontario Science Centre:   The 'magic is gone' from almost-empty building, leftover exhibits",The Hamilton Spectator,2024-11-18,12
3129215830.0,Insiders say Doug Ford will use the spectre of Trump to justify an early election,The Hamilton Spectator,2024-11-17,0
3128944045.0,HHS staff shortages halt new cancer studies:   Patient says those needing last-ditch treatment can't wait out temporary pause,The Hamilton Spectator,2024-11-16,1
3128943430.0,"On Trump, Ford's instincts are correct",The Hamilton Spectator,2024-11-16,0
3128732829.0,Ford government will tighten controls on registered sex offenders,The Hamilton Spectator,2024-11-15,-1
3128840098.0,Province-led survey suggests higher cycling rates than Ford government numbers: city staff report,The Hamilton Spectator,2024-11-14,5
3128530839.0,Ford's education minister directly warns school boards against 'unnecessary or extravagant expenses',The Hamilton Spectator,2024-11-14,3
3128140306.0,Council denies call for 'notwithstanding clause' to deal with encampments:   City politician ejected from meeting during tense debate over measure,The Hamilton Spectator,2024-11-14,4
3127525980.0,Premier Ford is taking us back to the 1950s:   It has long been understood that we cannot solve traffic congestion unless we reduce demand,The Hamilton Spectator,2024-11-13,-1
3127361519.0,Doug Ford takes aim at Mexico in order to protect Ontario's auto sector,The Hamilton Spectator,2024-11-12,0
3127359841.0,Crombie's Liberals pledge income tax breaks that they say Doug Ford has failed to deliver,The Hamilton Spectator,2024-11-12,2
3126871508.0,Ontario Liberal Leader Bonnie Crombie will pledge tax cut on home heating fuels,The Hamilton Spectator,2024-11-12,2
3126679118.0,Doug Ford wants to put the pedal to the metal to build Ontario's next highway. Here's why that may not work,The Hamilton Spectator,2024-11-11,-1
3126483201.0,'The person using that bike lane could be your doctor': Hundreds rally to protest Ford government's plan to remove bike lanes,The Hamilton Spectator,2024-11-10,5
3126331032.0,"TMU president says diversity targets for medical school were 'aspirational,' not a quota",The Hamilton Spectator,2024-11-08,1
3125954367.0,Trump told voters the lies they wanted to hear,The Hamilton Spectator,2024-11-08,5
3126093000.0,Ford government helps Armed Forces members transition to civilian jobs with $3 million,The Hamilton Spectator,2024-11-07,-1
3126092933.0,Teachers' union calls on overseas-travelling Catholic school trustees to resign,The Hamilton Spectator,2024-11-07,3
3126092700.0,"Majority support Doug Ford's plan for bike lanes, poll suggests",The Hamilton Spectator,2024-11-07,5
3125954384.0,'It's appalling': Hawaii trip prompts Doug Ford to order audit of all Ontario school boards,The Hamilton Spectator,2024-11-07,3
3125038371.0,Ontario planning Trump 'charm offensive':   Ford not worried about EVs' future,The Hamilton Spectator,2024-11-07,0
3125038234.0,MPPs quietly agree to continue subsidizing Ontario political parties,The Hamilton Spectator,2024-11-06,2
3124645842.0,Doug Ford urges Donald Trump to 'bet big on the U.S.-Ontario relationship',The Hamilton Spectator,2024-11-06,0
3124165389.0,Don't want Doug Ford's $200 taxpayer rebate? Here's how you can send it right back to the province to pay down debt instead,The Hamilton Spectator,2024-11-04,2
3124165286.0,Housing minister wants former staffer to hand over personal emails related to Greenbelt,The Hamilton Spectator,2024-11-04,18
3123785921.0,Doug Ford warns of the perils of protectionism on the eve of U.S. election,The Hamilton Spectator,2024-11-04,0
3123785912.0,The former Ford government staffer at the centre of the Greenbelt scandal used personal emails to do government business. He is refusing to hand them over,The Hamilton Spectator,2024-11-04,18
3123658418.0,"Proposed provincial bike lane restrictions spur opposition:   Bill 212 would allow the province to reject planned projects, rip out others",The Hamilton Spectator,2024-11-04,5
3123253776.0,Court battle over Hamilton encampments on horizon:   Mayor says she won't sign letter to Ford urging use of 'notwithstanding clause',The Hamilton Spectator,2024-11-02,4
3123392203.0,Doug Ford accused of 'double standard' over push for Amazon IT services,The Hamilton Spectator,2024-11-01,19
3123392112.0,Doug Ford wanted cities to ask him to use the notwithstanding clause to end encampments. Twelve mayors just said do it,The Hamilton Spectator,2024-11-01,4
3123392105.0,Doug Ford quietly abandons plan to control police board appointments by municipalities,The Hamilton Spectator,2024-11-01,4
3123056811.0,"Costco's first day of Ontario alcohol sales: Big cases, big bottles - and some price confusion",The Hamilton Spectator,2024-11-01,6
3122927545.0,Gift is borrowed from all of us,The Hamilton Spectator,2024-11-01,2
3122921665.0,Health plan for alcohol harms is lacking: coalition,The Hamilton Spectator,2024-11-01,6
3122921171.0,Health coalition demands answers on supply shortages,The Hamilton Spectator,2024-11-01,1
3123124943.0,"Ford government 'not getting anywhere close' to target of building 1.5M new homes, critics charge, despite insisting that 'we will not fail'",The Hamilton Spectator,2024-10-31,10
3123124931.0,"$200 rebate cheques and more highlights from Ontario's fall economic statement, plus how people are reacting online",The Hamilton Spectator,2024-10-31,2
3123124739.0,"Doug Ford takes next step toward removing bike lanes on Yonge, Bloor and University",The Hamilton Spectator,2024-10-31,5
3122729237.0,POLL: Should Ontario get rid of tolls on Highway 407?,The Hamilton Spectator,2024-10-30,13
3122179781.0,Doug Ford spending nearly half of Ontario's tax windfall on $200 'rebate' cheques,The Hamilton Spectator,2024-10-30,2
3121966010.0,Changes to home-care equipment contracts halted during crisis,The Hamilton Spectator,2024-10-30,1
3121965649.0,$200 cheques will cost province $3 billion:   Money expected in mail early next year,The Hamilton Spectator,2024-10-30,2
3122287831.0,"Ask me to use notwithstanding clause to end encampments, Doug Ford tells mayors",The Hamilton Spectator,2024-10-29,4
3122287615.0,Doug Ford announces details of $200 cheques for 15 million Ontarians,The Hamilton Spectator,2024-10-29,2
3122287280.0,"'Nothing quite like being a parent': Ontario expands fertility support, announces new tax credit",The Hamilton Spectator,2024-10-29,2
3122287262.0,Doug Ford government confirms $200 rebate cheques coming to Ontario families. Here's what you need to know,The Hamilton Spectator,2024-10-29,2
3121581279.0,The real reason you can't trust politicians to be in charge of their own salaries,The Hamilton Spectator,2024-10-29,-1
3121512307.0,'Rebate' critics should focus on fairness,The Hamilton Spectator,2024-10-29,2
3121719704.0,'I need him to be onside:' Why Oliva Chow has been so frustrated with Doug Ford these days,The Hamilton Spectator,2024-10-28,5
3121719389.0,Critical shortage of medical supplies has Ontario Liberals demanding auditor general probe,The Hamilton Spectator,2024-10-28,1
3121176587.0,Ford in an LCBO mess of his own brewing,The Hamilton Spectator,2024-10-28,0
3121176550.0,Bottle returns plan in need of sober second thought,The Hamilton Spectator,2024-10-28,6
3120806243.0,"Medical schools going '100% Canadian':   Province will not allow international students to enrol beginning in 2026, Ford announces",The Hamilton Spectator,2024-10-26,1
3120806178.0,Agencies audit misses the mark,The Hamilton Spectator,2024-10-26,-1
3120805958.0,Ontario grocers wary of new recycling rules with alcohol sales:   Some feel 'hoodwinked' by new bottle return requirements,The Hamilton Spectator,2024-10-26,6
3120922946.0,"Doug Ford defends rebate cheque plan, says election is 'the last thing' on his mind",The Hamilton Spectator,2024-10-25,2
3120806378.0,Ford government to ban foreign students from Ontario medical schools,The Hamilton Spectator,2024-10-25,1
3120652969.0,Ford government to help more families get fertility treatments,The Hamilton Spectator,2024-10-24,2
3119910849.0,Stiles says Jama won't run as NDP candidate:   NDP leader ejected MPP Jama from provincial caucus last October for 'acting unilaterally too many times',The Hamilton Spectator,2024-10-24,14
3120146272.0,"Doug Ford takes aim at bike lanes, touts rebate cheques",The Hamilton Spectator,2024-10-23,2
3120146188.0,Ford government says Ontario needs more nuclear power to tackle rising demand,The Hamilton Spectator,2024-10-23,11
3120146105.0,Doug Ford orders LCBO to try again after it orders paper bags from Quebec,The Hamilton Spectator,2024-10-23,19
3119781124.0,Doug Ford's government finds that giving every Ontarian a cheque isn't as simple as it sounds,The Hamilton Spectator,2024-10-22,2
3119503611.0,"Doug Ford's war on bike lanes may help him get re-elected, but it won't solve gridlock",The Hamilton Spectator,2024-10-22,5
3119063043.0,Viva Niagara Falls? Don't bet on it,The Hamilton Spectator,2024-10-22,16
3119063000.0,"Supply woes for home care 'unacceptable,' minister says:   'We didn't realize this was going to be such a disaster': MD spokesperson",The Hamilton Spectator,2024-10-22,1
3119060248.0,What's the price of your vote?,The Hamilton Spectator,2024-10-22,2
3119258082.0,Die-in at Queen's Park targets Doug Ford's plan to close 10 safe injection sites,The Hamilton Spectator,2024-10-21,8
3119063078.0,Doug Ford's bill to limit new bike lanes will also 'review' existing ones,The Hamilton Spectator,2024-10-21,5
3118819888.0,Four ways to mock Doug Ford for trying to buy our fleeting love,The Hamilton Spectator,2024-10-21,2
3118819791.0,Ford government appoints former federal Liberal minister to help tackle family doctor shortage,The Hamilton Spectator,2024-10-21,1
3118626775.0,MPPs return to Queen's Park on Monday. Their first order of business?,The Hamilton Spectator,2024-10-21,-1
3118626167.0,Critics say Ford keener on electioneering,The Hamilton Spectator,2024-10-21,-1
3118299945.0,Ford government must rethink plan to force independent grocery stores to accept empty alcohol containers,The Hamilton Spectator,2024-10-19,6
3118182444.0,Living on ODSP shouldn't mean living in poverty,The Hamilton Spectator,2024-10-19,4
3118182065.0,Doug Ford wants to buy your silence,The Hamilton Spectator,2024-10-19,2
3118364371.0,'There is a better use of funds': People are reacting online after learning the Ontario government may offer $200 rebate cheques,The Hamilton Spectator,2024-10-18,2
3117867971.0,Bike lane rules a 'significant overreach':   Municipalities say Ford should focus on new housing and leave bike decisions to local politicians,The Hamilton Spectator,2024-10-18,5
3118094820.0,Doug Ford signals rebate cheques for all Ontarians will 'stimulate the economy',The Hamilton Spectator,2024-10-17,2
3118094694.0,Appeal in landmark youth-led climate case gets go-ahead from Ontario court,The Hamilton Spectator,2024-10-17,11
3117868482.0,NDP calls on integrity commissioner to look into Doug Ford's Ontario Place spa deal,The Hamilton Spectator,2024-10-17,16
3117580950.0,"Ford government aims to fast-track construction of Highway 413, Bradford Bypass and Garden City Skyway",The Hamilton Spectator,2024-10-17,-1
3117295267.0,Electricity demand to soar by 75% in Ontario:   Data centres need much more energy to power AI,The Hamilton Spectator,2024-10-17,11
3117699568.0,Doug Ford poised to send out pre-election cheques to 16 million Ontarians,The Hamilton Spectator,2024-10-16,2
3117055912.0,'Ontario needs more power:' Ford government wants to boost electricity expansion to meet surging demand,The Hamilton Spectator,2024-10-16,11
3116941897.0,Cities to need permission to install bike lanes:   Province also pausing the installation of any new bike lanes if lanes of traffic are removed,The Hamilton Spectator,2024-10-16,5
3116663526.0,Ford government unveils more details on plan to curb new bike lanes on major roads,The Hamilton Spectator,2024-10-15,5
3116324918.0,"Nearly two-thirds of Ontarians think Doug Ford must do more to deal with homeless encampments, survey finds",The Hamilton Spectator,2024-10-14,4
3115485072.0,Toronto police to reveal details of new helicopters to combat auto theft this morning,The Hamilton Spectator,2024-10-11,9
3115061883.0,"'Doug Ford needs to come clean' about Greenbelt scandal, opposition says",The Hamilton Spectator,2024-10-10,18
3114752881.0,"Review of children's aid societies launched:   Ontario's premier suggests program being financially mismanaged, union calls it a 'smokescreen'",The Hamilton Spectator,2024-10-10,-1
3115173073.0,Ford government announces details of its audit of Ontario children's aid societies,The Hamilton Spectator,2024-10-09,-1
3114752972.0,Here's who RCMP's Greenbelt investigators are interviewing - and the one question they're asking everyone,The Hamilton Spectator,2024-10-09,18
3114142983.0,Toronto's new Nobel laureate Geoffrey Hinton slams Doug Ford,The Hamilton Spectator,2024-10-08,12
,Proud to be a tree hugger,The Hamilton Spectator,2024-10-08,12
3113527363.0,Charging drivers only way to fix highway congestion,The Hamilton Spectator,2024-10-07,13
3113046411.0,Ford undermines system by bungling,The Hamilton Spectator,2024-10-05,1
3113045399.0,A tunnel will not improve transport or housing:   Ontario's policies of more auto dependence are heading in the wrong direction,The Hamilton Spectator,2024-10-05,-1
3113045424.0,Ford government draws public criticism for destruction of Ontario Place tree grove,The Hamilton Spectator,2024-10-04,16
3112920776.0,Ontario Place's Therme megaspa lease details released,The Hamilton Spectator,2024-10-03,16
3112920675.0,Revving up the speed: Here is what's behind Ontario Premier Doug Ford's push for higher highway speed limits,The Hamilton Spectator,2024-10-03,-1
3112397729.0,"Buying back Hwy. 407 'on the table,' Ford says",The Hamilton Spectator,2024-10-03,13
3112599782.0,Doug Ford pledges 'complete audit' of Ontario children's aid 'nightmare stories' in wake of Star investigation,The Hamilton Spectator,2024-10-02,-1
3112599675.0,Doug Ford signals Ontario will take action on homeless tent encampments,The Hamilton Spectator,2024-10-02,4
3112109564.0,Doug Ford raising speed limit to 110 km/h on all 400-series highways 'where it is safe to do so',The Hamilton Spectator,2024-10-02,-1
3111857866.0,Farmers raise fear of dwindling farmland at annual rural expo:   Secrecy behind Waterloo region project called 'flat-out undemocratic',The Hamilton Spectator,2024-10-02,21
3111856780.0,Tunnel fantasy gives politics a bad name,The Hamilton Spectator,2024-10-02,13
3112184888.0,Protesting farmers greet Doug Ford at International Plowing Match,The Hamilton Spectator,2024-10-01,21
3111421796.0,Inaction is harming Ontario's vulnerable,The Hamilton Spectator,2024-10-01,20
3111421774.0,Ford's 'get a job' comment achieves nothing,The Hamilton Spectator,2024-10-01,4
3111069210.0,Ontario had a plan to solve the growing kids crisis. It sat on the shelf for more than two years,The Hamilton Spectator,2024-09-30,-1
3111068967.0,Will Doug Ford's congestion law thwart Hamilton bike lanes?:   City hopes to build or improve 119 kilometres of bike infrastructure over next five years,The Hamilton Spectator,2024-09-30,5
3110652997.0,Should Doug Ford buy the 407 instead of digging a tunnel to ease gridlock?,The Hamilton Spectator,2024-09-27,13
3110234467.0,"NDP hasn't ruled out getting Jama back:   MPP kicked out for insubordination, legislature censure",The Hamilton Spectator,2024-09-27,14
3110234400.0,Wedge politics trump planning,The Hamilton Spectator,2024-09-27,5
3109645741.0,Ford wants tunnel under Highway 401,The Hamilton Spectator,2024-09-26,13
3109645739.0,Homeless are working hard at surviving,The Hamilton Spectator,2024-09-26,4
3110033348.0,'He's been wasting his time:' Liberal MPs slam Doug Ford's stand on bike lanes,The Hamilton Spectator,2024-09-25,5
3109645735.0,"Doug Ford's tunnel talk and war on bike lanes are about wedge politics, not urban planning",The Hamilton Spectator,2024-09-25,5
3109386248.0,Doug Ford is right that we're all fed up with traffic. But his solution to it is just plain offensive,The Hamilton Spectator,2024-09-25,5
3109386210.0,Doug Ford announces proposal for tunnel under Highway 401 to carry more traffic,The Hamilton Spectator,2024-09-25,13
3109020007.0,New Crombie sounds like the old Ford,The Hamilton Spectator,2024-09-25,0
3109019923.0,Bike-lane ban will make traffic worse,The Hamilton Spectator,2024-09-25,5
3109495058.0,'Get off your a-s-s:' Doug Ford scolded for telling homeless people to get jobs,The Hamilton Spectator,2024-09-24,4
,Doug Ford's bike lane ban will make life worse for everyone - including drivers,The Hamilton Spectator,2024-09-24,5
3108515505.0,The war on the bicycle continues,The Hamilton Spectator,2024-09-24,5
3108515902.0,'Put them on secondary roads:' Doug Ford shoots down criticism of controversial plan to limit bike lanes,The Hamilton Spectator,2024-09-23,5
3107938459.0,Liberal leader Crombie takes aim at Ford in campaign-style speech at AGM,The Hamilton Spectator,2024-09-23,-1
3107938470.0,"Teacher unions, Ontario Liberals mend fences at party's weekend meeting: 'We have to have alliances'",The Hamilton Spectator,2024-09-22,3
3107696347.0,Ontario's controversial nursing home transfer law is being challenged in court. Here's what you need to know,The Hamilton Spectator,2024-09-22,1
3107645644.0,'More for you' to be Ontario Liberals' new message as Bonnie Crombie tries to kick-start party,The Hamilton Spectator,2024-09-21,0
3107472558.0,How developers will benefit from the Yonge subway route change - and why it's raising the spectre of the Ford government's Greenbelt scandal,The Hamilton Spectator,2024-09-21,-1
3107395672.0,Cutting red tape doesn't always lead to efficiency,The Hamilton Spectator,2024-09-21,10
3107395357.0,"Ford government to restrict bike lanes:   'It's getting harder and harder for people to commute,' transportation minister argues",The Hamilton Spectator,2024-09-21,5
3107511250.0,The last Ontario Liberal election platform didn't connect with voters. Bonnie Crombie is going for a fresh approach,The Hamilton Spectator,2024-09-20,0
3106958327.0,"Minimum wage hikes are not silver bullets:   While we should celebrate the increases, it's important to realize workers deserve more",The Hamilton Spectator,2024-09-20,20
3171101352.0,"Healthcare, cost of living top Kingston voters' concerns",Kingston Whig-Standard,2025-02-25,0
3171100392.0,Kingston's candidates can't ignore the looming trade tariffs,Kingston Whig-Standard,2025-02-25,0
3171100278.0,NDP And liberal leaders rally supporters in kingston ahead of ontario election,Kingston Whig-Standard,2025-02-25,0
3170904367.0,Kingston provincial election candidates can't ignore looming tariffs,Kingston Whig-Standard,2025-02-24,0
3169625862.0,Kingston and the Islands riding profile,Kingston Whig-Standard,2025-02-22,0
3169623529.0,"Ford's hot-mic moments revealing, not endearing",Kingston Whig-Standard,2025-02-22,0
3169623494.0,What you need to know if you vote in the LanarkFrontenac-Kingston riding; Ontario election 2025 Seven candidates have registered to run in the riding in the Feb. 27 provincial election,Kingston Whig-Standard,2025-02-22,0
3169615589.0,Kingston and the Islands Green Party candidate Zachary Typhair,Kingston Whig-Standard,2025-02-22,0
3169615492.0,Kingston and the islands liberal candidate ted hsu,Kingston Whig-Standard,2025-02-22,0
3169615417.0,Ford close to his third majority,Kingston Whig-Standard,2025-02-22,0
3169273347.0,Kingston's new democratic party candidate elliot goodell ugalde,Kingston Whig-Standard,2025-02-21,0
3167233390.0,Ford's impact on education defiles Davis's legacy,Kingston Whig-Standard,2025-02-15,3
3167233370.0,Bonnie Crombie the unknown,Kingston Whig-Standard,2025-02-15,0
3167013434.0,Ontario provincial election leaders' debate to take place in North Bay,Kingston Whig-Standard,2025-02-13,0
3165544328.0,New threat from Donald Trump hangs over Ontario election campaign; Ontario election,Kingston Whig-Standard,2025-02-11,0
3165544253.0,No quick fix coming for Ontario doctor shortage,Kingston Whig-Standard,2025-02-11,1
3165411956.0,"Ontario election: One fresh tariff threat, one big deadline",Kingston Whig-Standard,2025-02-10,0
3164732468.0,"Why are so many ontario colleges cutting programming?; Explainer At least a third of public colleges in Ontario have publicly announced cuts in some form, including reductions in programming, staffing or closures",Kingston Whig-Standard,2025-02-08,3
3164732242.0,Fighting to get on voters' radar; Ontario NDP leader works to raise visibility,Kingston Whig-Standard,2025-02-08,0
3164497572.0,"Despite reprieve, tariffs will eventually hit Ontario's auto industry",Kingston Whig-Standard,2025-02-07,0
3164120166.0,Ontario Election 2025: What's the main campaign issue now that Trump tariff,Kingston Whig-Standard,2025-02-06,0
3164117122.0,Ontario's NDP leader calls for change during campaign stop in Kingston,Kingston Whig-Standard,2025-02-06,0
3163559940.0,Ontario's NDP leader makes a campaign stop in Kingston,Kingston Whig-Standard,2025-02-04,0
3163294084.0,Make Ontario election a vote on health care; Doug Ford says its all about Trump. Don't believe the PC leader's ploy; Make Ontario election a vote on health care; Doug Ford says its all about Trump. Don't believe the PC leader's ploy,Kingston Whig-Standard,2025-02-04,0
3162419080.0,"Ontario election 2025: Battleground shifts to GTA, southwestern Ontario",Kingston Whig-Standard,2025-02-01,0
3162022626.0,Ontario election 2025: What you need to know to vote in the provincial election,Kingston Whig-Standard,2025-01-31,0
3161827306.0,Ontario Election 2025: Leaders hitting the campaign trail Thusday,Kingston Whig-Standard,2025-01-30,0
3161606194.0,Kingston candidates prepare for a winter campaign,Kingston Whig-Standard,2025-01-30,0
3161441283.0,Ontario election 2025: And so it begins ...,Kingston Whig-Standard,2025-01-29,0
3160663599.0,Ontario to provide nearly $20 million for Prince Edward County Rd. 49; County to keep lobbying federal government,Kingston Whig-Standard,2025-01-28,-1
3160575571.0,Trumped: What to know about Ontario's looming snap election,Kingston Whig-Standard,2025-01-27,0
3159642147.0,Five things to know about that $200 Ontario cheque in your mailbox,Kingston Whig-Standard,2025-01-24,2
3159548952.0,Ontario election set to roll over Trump tariff threat,Kingston Whig-Standard,2025-01-24,0
3156264661.0,Will Ford call vote over Trump tariffs? Maybe,Kingston Whig-Standard,2025-01-16,0
3145910709.0,No-nonsense Ford ready to rumble with Trump,Kingston Whig-Standard,2024-12-17,0
3144437452.0,Ford tramples vulnerable to appease privileged,Kingston Whig-Standard,2024-12-14,4
3141979674.0,Doug ford is leading the way; Opinion,Kingston Whig-Standard,2024-12-07,-1
3138982772.0,"Ontarians want booze tax cuts, may get them",Kingston Whig-Standard,2024-12-03,6
3128886175.0,"Ford sends message to Americans, should have been Trudeau",Kingston Whig-Standard,2024-11-15,0
3127412196.0,Province in a 'crisis of caring': Green leader,Kingston Whig-Standard,2024-11-12,-1
3126245058.0,"Doctor lauded as pandemic hero now on OHIP's hook for $600,000",Kingston Whig-Standard,2024-11-08,1
3124192598.0,Ford government has more money than they can spend,Kingston Whig-Standard,2024-11-05,2
3123172963.0,Ford hopes 'Do ugie Dollars'will keep taxpayers happy,Kingston Whig-Standard,2024-11-01,2
3121785109.0,"Ford's bike lane promise so popular, opposition won't attack",Kingston Whig-Standard,2024-10-29,5
3110817982.0,Why we should consider Ford's tunnel idea,Kingston Whig-Standard,2024-09-28,13
3108861191.0,Audit shows Ford increased Ontario spending,Kingston Whig-Standard,2024-09-24,2
3104718201.0,Farmland should be prioritized over industry,Kingston Whig-Standard,2024-09-14,21
3087612804.0,Ford right to seek accountability from judges,Kingston Whig-Standard,2024-08-03,9
3084563632.0,LCBO stores open for business again as strike ends,Kingston Whig-Standard,2024-07-25,7
3082429329.0,Ontario's groundbreaking plan; Local media needs support at all levels,Kingston Whig-Standard,2024-07-18,-1
3068493620.0,"Doug Ford is all about 'sorry, not sorry'",Kingston Whig-Standard,2024-06-15,0
3065634030.0,Regional MPPS get new posts with provincial government; Quinte MPP Smith becomes minister of education; MPP Clark appointed government house leader,Kingston Whig-Standard,2024-06-08,3
3065115459.0,"Ford reduces surgical wait times, opposition complains",Kingston Whig-Standard,2024-06-06,1
3064383942.0,Crombie's false booze claims show her taxand-spend Liberal roots,Kingston Whig-Standard,2024-06-04,-1
3062780371.0,"No, Doug Ford isn't about to call an early election; But he likes the way the uncertainty frightens Bonnie Crombie's Liberals",Kingston Whig-Standard,2024-05-31,0
3060938506.0,"Ford delivers on beer and wine promise, but with a catch",Kingston Whig-Standard,2024-05-28,6
3059656011.0,Ford government blocks release of info on UP Express reversal,Kingston Whig-Standard,2024-05-24,17
3054648785.0,Lack of vision Ottawa transit's real problem,Kingston Whig-Standard,2024-05-14,-1
3042228908.0,Ford reversals remind us our voices have power,Kingston Whig-Standard,2024-04-20,-1
3039622991.0,"Ford's PCs hold commanding lead, Liberals steal NDP support",Kingston Whig-Standard,2024-04-16,0
2957615236.0,"Motion would allow family doctors to see 'less paperwork,'NDP say",Kingston Whig-Standard,2024-03-15,1
2955954890.0,Liberals at Queen's Park show ignorance on guns and justice,Kingston Whig-Standard,2024-03-12,9
2931216882.0,City in line for extra funding after exceeding 2023 housing target,Kingston Whig-Standard,2024-02-24,10
2927740419.0,Funds on the way to combat Belleville OD crises: Ford,Kingston Whig-Standard,2024-02-16,8
3171903557.0,Michael Taube: May Doug Ford's third majority win herald an era of fiscal conservatism,National Post,2025-02-26,-1
3171864416.0,10/3 podcast: How Donald Trump's threats gave Doug Ford an edge in the Ontario election,National Post,2025-02-26,0
3171835563.0,Anthony Furey: Doug Ford clearly deserves another mandate,National Post,2025-02-26,0
3171526938.0,Ontario PCs hold dominant lead ahead of provincial vote; 47% Back Ford,National Post,2025-02-26,0
3171526829.0,Ontario PCs the new party of unions; Ford transforms Progressive Conservatives,National Post,2025-02-26,-1
3171526825.0,Election played right into Ford's hands; Comment Single idea and catchy slogan can go long way,National Post,2025-02-26,0
3171427562.0,Chris Selley: Some candidates deserve to be cancelled,National Post,2025-02-25,0
3171414141.0,WATCH: Does Doug Ford deserve four more years?,National Post,2025-02-25,0
3170856227.0,Why Doug Ford keeps steamrolling his Ontario election critics: Full Comment podcast,National Post,2025-02-24,0
3169615582.0,Ford deserving of re-election; PCs The most fiscally responsible ontario party,National Post,2025-02-22,0
3169615490.0,Candidate with 'desire' to be Black quits race; Ontario election Part-time prof was running for NDP,National Post,2025-02-22,0
3169615450.0,'Old fashioned' politician ford nears legacy-sealing majority; Politics This is the third in a series of profiles of the leaders of Ontario's three main parties,National Post,2025-02-22,0
3169615367.0,Fantasy election platforms are still essential documents,National Post,2025-02-22,-1
3169471527.0,Michael Taube: Ontario Liberal candidates face scrutiny over insensitive comments,National Post,2025-02-21,0
3169272888.0,"Why do competent New Democrats put up with Ontario's version?; NDP's plan for Toronto like weak, flat beer",National Post,2025-02-21,0
3168494898.0,Ford carries huge lead in latest Leger poll; Ontario election,National Post,2025-02-19,0
3168494799.0,Doug Ford's manner won the debate,National Post,2025-02-19,0
3168494665.0,Ontario's issues extend past tariffs,National Post,2025-02-19,0
3168493849.0,Ford suggests he's the only one who can lead,National Post,2025-02-19,0
3168400144.0,Doug Ford positions PCs as the natural governing party | Ontario Election Quick Takes,National Post,2025-02-18,0
3168137629.0,Crombie's spectacular flame-out,National Post,2025-02-18,0
3167234599.0,Law-and-order breakdown sparks needed election debate,National Post,2025-02-15,9
3167234408.0,NDP candidate drops out of race; Helps liberal,National Post,2025-02-15,0
3167200868.0,Randall Denley: An Ontario debate reveals cracks in Ford's armour,National Post,2025-02-14,0
3167123158.0,"'They're not serious parties,' Tory candidate blasts NDP for abandoning Toronto riding to support Liberals",National Post,2025-02-14,0
3166980589.0,Crombie the unknown: Why Ontario Libera l leader's move into provincial politics has been tricky,National Post,2025-02-14,0
3166857503.0,Crombie the unknown; She's skilled but move into provincial politics has been tricky: experts,National Post,2025-02-14,0
3166856851.0,Ont. Liberals stalked by Wynne's ghost,National Post,2025-02-14,1
3166856773.0,Trump's threats highlight value of Canada's history,National Post,2025-02-14,3
3166284017.0,Michael Taube: Doug Ford crushes the competition,National Post,2025-02-12,0
3165964981.0,Poll shows Ford with wide lead over rivals; Ontario Election,National Post,2025-02-12,0
3165964898.0,Ford catches another break; His Opponents can't seem to find footing,National Post,2025-02-12,0
3165916492.0,"Think twice before renaming Toronto schools, group of prominent Canadian historians urges school board",National Post,2025-02-11,3
3165899234.0,Chris Selley: Mr. Ford goes to Washington to campaign for an election in Ontario,National Post,2025-02-11,0
3165215675.0,NDP's disastrous 'housing first' plan,National Post,2025-02-10,4
3164732454.0,Fantasy tunnels and a war on tolls,National Post,2025-02-08,13
3164732264.0,Crombie's campaign bus of untruths,National Post,2025-02-08,1
3164584665.0,"Ontario NDP Leader Marit Stiles is optimistic, approachable - and struggling to get noticed",National Post,2025-02-07,0
3164499241.0,"Ontario Liberals, NDP must merge or keep losing",National Post,2025-02-07,0
3164499046.0,Hord's blue-collar breakthrough,National Post,2025-02-07,-1
3164498697.0,Fighting to get on voters' radar; Ontario ndp leader works to raise visibility This is the first in a series of profiles of the leaders of Ontario's three main parties,National Post,2025-02-07,0
3164117257.0,"We'll believe internal trade relief when we see it; Provinces talk the talk, don't walk the walk",National Post,2025-02-06,0
3163944058.0,Ford played it smart against Trump | Ontario Election Quick Takes,National Post,2025-02-06,0
3163598864.0,"Ford leads in the polls, but priorities shifting; Trump off table",National Post,2025-02-05,0
3163598839.0,Tariff reprieve changes Ontario election,National Post,2025-02-05,0
3163598766.0,"If it's not a tariff election, then what?",National Post,2025-02-05,0
3163491399.0,Randall Denley: The tariff reprieve changes the Ontario election balance,National Post,2025-02-04,0
3163298056.0,Why electricity will be hard to weaponize in trade war with Trump; Energy; Why electricity will be hard to weaponize in trade war with Trump; Energy,National Post,2025-02-04,0
3163297700.0,Ontario's election adventures through Trump's looking glass; Trade war; Ontario's election adventures through Trump's looking glass; Trade war,National Post,2025-02-04,0
3163265596.0,Chris Selley: Ontario's adventures through Donald Trump's looking glass,National Post,2025-02-03,0
3163041770.0,Are tariffs driving you to drink? It won't be American booze; Shelves stripped,National Post,2025-02-03,0
3162827504.0,Doug Ford tells CNN Canadians are 'united' against Donald Trump's 'illegal' tariffs,National Post,2025-02-02,0
3162815560.0,Tariffs driving you to drink? It most likely won't be American booze amid U.S.-Canada trade war,National Post,2025-02-02,0
3162419340.0,Ontario wasting perfectly good election talking about Trump; Comment,National Post,2025-02-01,0
3162419135.0,Is Doug Ford the negotiator he thinks he is?,National Post,2025-02-01,0
3162022678.0,Make Ontario election about productivity,National Post,2025-01-31,0
3162022301.0,Ontario needs real leadership,National Post,2025-01-31,0
3162022035.0,Ford sets the bar for more than just an election win,National Post,2025-01-31,0
3162021958.0,Ford can't afford to ignore health care in re-election bid,National Post,2025-01-31,1
3161607416.0,Danger lurks in Ford's election experiment,National Post,2025-01-30,0
3161606216.0,U.S. Threats give ford all he needs; Economic concern over Trump's policies leaves little room for Ontario premier's opponents to steal the spotlight,National Post,2025-01-30,0
3161513120.0,"Kelly McParland: As Justin Trudeau plummets in popularity, Doug Ford effortlessly soars",National Post,2025-01-29,0
3161301621.0,Crombie needs to pivot from Ford attacks; Ontario Liberal leader should sell her plan,National Post,2025-01-29,6
3160907749.0,10/3 podcast: Premier Doug Ford is calling a snap election in Ontario,National Post,2025-01-28,0
3160907697.0,Randall Denley: Just attacking Doug Ford won't bring the victory Ontario Liberals think it will,National Post,2025-01-28,6
3159778297.0,Michael Taube: Doug Ford rolls the dice,National Post,2025-01-25,0
3159716864.0,"Ford wants election about Trump. He might not get it; Housing, school and health care issues matter too",National Post,2025-01-25,0
3159623715.0,Derek Finkle: Truth bomb blows a hole in harm-reduction activists' arguments,National Post,2025-01-24,8
3159552697.0,Ontario's big EV gamble just lost to Trump; A lesson in government overreach,National Post,2025-01-24,0
3159423704.0,Randall Denley: Ontario's big EV gamble just lost everything to Trump,National Post,2025-01-23,0
3158979166.0,Ford would win election if it were called today; Leger Poll,National Post,2025-01-23,0
3158246662.0,EVs will sink Ontario's auto sector,National Post,2025-01-22,0
3156680264.0,Ford must resist election temptation,National Post,2025-01-17,0
3156570480.0,Randall Denley: Calling an Ontario election is tempting but Ford must resist the urge,National Post,2025-01-16,0
3153962740.0,Ford's approach to U.S. threats deserves praise,National Post,2025-01-10,0
3153792623.0,"Randall Denley: Thankfully, Doug Ford has a plan to handle Trump, because Ottawa doesn't",National Post,2025-01-09,0
3153124182.0,Canada 'is not for sale': Ford has 'a better deal for Trump' instead of becoming 51st U.S. state,National Post,2025-01-08,0
3151292024.0,How Trudeau ruined Ford's plan for early election,National Post,2025-01-03,0
3150440452.0,Ontario ready to build on credit upgrade,National Post,2024-12-31,2
3149452995.0,Adam Zivo: Ontario Liberal Bonnie Crombie tries to shed her Queen NIMBY past,National Post,2024-12-26,10
3147565799.0,"Ford, not Trudeau, leading Canada right now; Ontario premier has become face of the country on u.s. television",National Post,2024-12-20,0
3144197897.0,Drill deeper on safe-injection; Comment,National Post,2024-12-13,8
3144197884.0,Trump brushes off Ontario's ultimatum; Tariff talk met with threat to cut energy exports,National Post,2024-12-13,0
3143192118.0,"Adam Zivo: If the courts won't let Ford clear the homeless out of the parks, Sec. 33 will",National Post,2024-12-11,4
3141980245.0,Ford leads the way on transit,National Post,2024-12-07,-1
3141684787.0,Ont. Liberal leader needs to up her game,National Post,2024-12-06,0
3140675025.0,A bad plan to fix traffic: Road taxes!,National Post,2024-12-04,5
3135044108.0,Mark D'Souza: Ensuring TMU medical school doesn't sink on her maiden voyage,National Post,2024-12-02,1
3134182884.0,Bye-bye to bike lane gridlock,National Post,2024-11-29,5
3134182555.0,Ford shows leadership on tariff fight,National Post,2024-11-29,0
3134053408.0,Randall Denley: One politician is showing leadership on the Trump tariff file. It isn't Trudeau,National Post,2024-11-28,0
3131951454.0,Ontario universities in financial trouble; Serious situation should motivate politicians to act,National Post,2024-11-22,3
3131951256.0,"Ontario to hand back $2.5 billion to eligible companies, workers; Boost to business",National Post,2024-11-22,2
3130494874.0,Alienating Mexico doesn't help Canada at negotiating table; Trump's goal is to move jobs to the U.S,National Post,2024-11-19,0
3128885038.0,Battle over tax cuts is just the election Ontario voters need; Liberals swerving into Tories'lane,National Post,2024-11-15,2
3128430255.0,Ford leads on trade tactics; Editorial,National Post,2024-11-14,0
3126438600.0,TMU's social justice med school,National Post,2024-11-09,1
3126438569.0,TMU changes language in its admissions policy; Backlash,National Post,2024-11-09,1
3126416944.0,TMU changes 'aspirational language' describing med-school admissions process after quota accusations,National Post,2024-11-08,1
3126245155.0,Stop the worrying about privatizing liquor sales,National Post,2024-11-08,6
3126244816.0,Ford got TMU to back off race-based admissions. He should go further,National Post,2024-11-08,1
3124868942.0,Ontario Tories keep the wasteful party going,National Post,2024-11-06,2
3124867268.0,"Ford chooses deficits, debt over balanced budget",National Post,2024-11-06,2
3123434046.0,Ford tells new med school to accept qualified students 'regardless of race'; Equity Admissions; Premier Takes Aim At Facility'S Screening Plans,National Post,2024-11-02,1
3123271354.0,Ford demands TMU's new med school educate qualified students 'regardless of their race',National Post,2024-11-01,1
3123171843.0,Ontario PCs miss chance to improve affordability; Problem won't be solved by $200 rebate,National Post,2024-11-01,2
3122824710.0,Ontario shrinks deficit forecast for next year; 'Good news',National Post,2024-10-31,2
3121783177.0,Left losing the battle for the bike,National Post,2024-10-29,5
3120935037.0,I'll take my $200 cheque from Ford over letting bureaucrats spend it,National Post,2024-10-26,2
3120918784.0,Chris Selley: I'll take my $200 cheque from Doug Ford over letting bureaucrats spend it,National Post,2024-10-25,2
3120693645.0,Ford government finds brilliant way to silence health critics,National Post,2024-10-25,1
3118942637.0,"Move over, bike lanes",National Post,2024-10-21,5
3118942624.0,"A progressive in slow motion?; Six years into his premiership, what doug ford stands for isn't clear",National Post,2024-10-21,6
3118113498.0,"'Our kids first,' not foreign students, perfect policy for Ford",National Post,2024-10-18,3
3115849153.0,Ontario's massive bet is paying off; EV investments show province's economic appeal,National Post,2024-10-12,0
3115601786.0,"Dear Ontario Liberals, why are you so bad at your job?",National Post,2024-10-11,0
3115498400.0,"Randall Denley: Dear Ontario Liberals, why are you so bad at your job?",National Post,2024-10-10,0
3115313265.0,Don't know enough about Highway 401 tunnel project to say if we would support it: federal minister,National Post,2024-10-10,13
3115227204.0,Minister Mum on federal funds for 401 tunnel project; Infrastructure,National Post,2024-10-10,13
3114601955.0,Ford's underground highway of dreams,National Post,2024-10-09,-1
3112963336.0,Ford Tunnel skeptics should offer alternatives,National Post,2024-10-04,13
3111718395.0,What drug sites aren't telling you; Exemptions from controlled drugs act expiring for some facilities - but they don't seem worried,National Post,2024-10-01,8
3110546606.0,Ford's superpower is saying what normal people think,National Post,2024-09-27,-1
3110111591.0,Ontario minister to probe field trip to what became anti-Israel rally; Toronto,National Post,2024-09-26,3
3104311446.0,It's put-up or shut-up time for wind power; Ontario policy seems to be all about the optics,National Post,2024-09-13,11
3100356018.0,Drug activists'losing battle; Neighbourhoods in Ontario reclaim their safety,National Post,2024-09-03,8
3099097581.0,Derek Finkle: Harm reductionists struggle to accept that they're losing Ontario,National Post,2024-08-30,8
3098943765.0,Ford's drug plan afflicted by faulty logic,National Post,2024-08-30,8
3096432899.0,'Experts'ignore rampant crime; Drug-injection site supporters disregard stats,National Post,2024-08-23,8
3096430115.0,Why Doug Ford is likely to call an early election,National Post,2024-08-23,3
3093686910.0,Ontario struggles to reconcile its conflicting urges,National Post,2024-08-16,2
3092618495.0,Colby Cosh: Ontario-style judicial statistics could do the rest of Canada some good,National Post,2024-08-13,9
3091542948.0,Chis Selley: Ontario's freakout over booze in 7-Elevens is pure classism,National Post,2024-08-11,6
3091217169.0,Follow Ontario on bail stats,National Post,2024-08-10,9
3091094580.0,"Randall Denley: As Ontario struggles to boost housing supply, the province should look to reduce demand",National Post,2024-08-09,10
3091039667.0,Ontario must look to reduce demand for housing; It's not enough to focus solely on supply,National Post,2024-08-09,10
3090747175.0,"In Canada, some votes are more equal than others",National Post,2024-08-08,0
3087435169.0,Ontario caught in Liberal child care's fatal flaw,National Post,2024-08-02,-1
3087435036.0,"Waterloo farmer hit with $400,000 estimate for archeological assessment; Ontario refuses to pay for mandated work",National Post,2024-08-02,-1
3084982920.0,Ontario's health-care rationing continues - for no good reason,National Post,2024-07-26,1
3082558470.0,Everything you need to know about the state of alcohol sales in Ontario,National Post,2024-07-18,7
3082423171.0,Everythin g you need to know on the state of alcohol sales; LCBO strike,National Post,2024-07-18,7
3082301266.0,Jesse Kline: This is Doug Ford's opportunity to privatize the LCBO,National Post,2024-07-17,7
3081983619.0,Ontario's groundbreaking plan,National Post,2024-07-17,-1
3079897705.0,Ghosts of LCBO's past; The liquor control board should have been privatized 30 years ago,National Post,2024-07-13,6
3078824905.0,The LCBO union will lose; Ontario premier shows no sign of backing down,National Post,2024-07-11,7
3078727044.0,"Randall Denley: The LCBO union will lose, but Ford's anti-monopoly crusade remains incomplete",National Post,2024-07-10,7
3077977740.0,Ford releases online map showcasing alcohol alternatives during LCBO strike,National Post,2024-07-09,7
3076312754.0,Ontarians realizing LCBO isn't needed,National Post,2024-07-06,7
3076099515.0,Ontario eyes another electricity spending spree,National Post,2024-07-05,11
3075789329.0,De-monopolize liquor retailing and avoid strikes,National Post,2024-07-04,-1
3075489124.0,Ontario helping sustain quality journalism,National Post,2024-07-03,-1
3075489110.0,Ontario commits ad dollars to publishers; About $25M to support journalism,National Post,2024-07-03,-1
3075489081.0,"PM should follow Ford's lead; Money needed, not empty words",National Post,2024-07-03,-1
3073392174.0,Science centre saga latest example of Ford derangement syndrome,National Post,2024-06-28,12
3070929223.0,Ontarians won't be fazed if LCBO workers strike,National Post,2024-06-21,7
3070763606.0,Doug Ford calls for tariffs of 'at least' 100% on Chinese EVs to protect auto sector,National Post,2024-06-20,0
3067207888.0,Wrong priorities,National Post,2024-06-12,6
3065635417.0,"Ford's new, bloated cabinet; Bigger doesn't mean stronger",National Post,2024-06-08,3
3065532954.0,The private health-care scare doesn't work anymore,National Post,2024-06-07,1
3063327732.0,"Kelly McParland: Doug Ford remains true to his hoserhood, rushes beer into corner stores",National Post,2024-06-02,6
3063008587.0,'They're wro ng': Ontario finance minister defends new budget amid objections across the political divide,National Post,2024-06-01,2
3062760329.0,Holding election while Trudeau in power would be smart move for Ford,National Post,2024-05-31,0
3061502483.0,Ontario's push for corner-store booze has dizzying tab; Beer Store's $225M payout hard to swallow,National Post,2024-05-29,6
3056062790.0,Hiding from Ontario's nursing shortage won't save Doug Ford,National Post,2024-05-17,1
3055950113.0,Randall Denley: Hiding from Ontario's nursing shortage won't save Doug Ford fro m its consequences,National Post,2024-05-16,1
3055648313.0,Retail politics the secret to Ford's success,National Post,2024-05-16,0
3053171114.0,"Randall Denley: Ontario better call the cops on campus keffiyeh camps, because universities won't",National Post,2024-05-09,3
3052897023.0,Build back common sense,National Post,2024-05-09,0
3050366372.0,"If teachers can't handle a cellphone ban, maybe they shouldn't be teachers; Ontario moving education in the right direction",National Post,2024-05-03,3
3049811164.0,Jonathan Kay: Just ignore Sarah Jama's keffiyeh. Next she'll be wearing a turban,National Post,2024-05-01,14
3047408968.0,Keffiyeh honours terrorism; It has no place in legislature,National Post,2024-04-27,14
3047408642.0,'I have this weird feeling I'm being used as a terror symbol'; Dear Diary; Inside The Thoughts Of A Canadian Keffiyeh,National Post,2024-04-27,14
3046997467.0,"Honda to build $15B EV plant; Autos; Set to open in alliston, ont.,by 2028, site will add 1,000 wor kers to company's ranks",National Post,2024-04-26,-1
3046997338.0,Stubborn unions stoke shortfall in Ontario teachers; Refusal to boost retiree workdays cheats students,National Post,2024-04-26,3
3046572355.0,"Feds, province subsidize $15 billion Honda EV assembly plants and battery facilities in Ontario",National Post,2024-04-25,-1
3044128118.0,A victory for a citizen's right to reasonable self-defence; Jury acquits Umar Zameer in officer's death,National Post,2024-04-23,9
3037727942.0,PM not fooling anyone in bid to pin blame on Ontario's Ford; Premier used as scapegoat for carbon tax,National Post,2024-04-12,15
3037198732.0,Why the Ford office was sent a can of gravy,National Post,2024-04-11,2
3033724668.0,Ontario MPPs long overdue for a pay raise,National Post,2024-04-05,-1
3013862437.0,Ford gives up on fiscal responsibility,National Post,2024-03-28,2
3004649152.0,Randall Denley: Doug Ford abandons fiscal responsibility,National Post,2024-03-27,2
2989435483.0,How does Ontario's gas tax cut compare to other provinces?,National Post,2024-03-26,2
2956945444.0,Judges shouldn't dictate spending,National Post,2024-03-14,2
2933844295.0,Ford right on judicial appointments,National Post,2024-03-02,9
2933286703.0,Governments should be expected to seek out 'like-minded' judges,National Post,2024-02-29,9
2927739457.0,Taxpayers given tab for Ontario's lofty public sector,National Post,2024-02-16,20
2927455152.0,Randall Denley: A $14B victory for coddled public sector workers over Ontario taxpayers,National Post,2024-02-15,20
2924103338.0,Ontario's housing shortage fix already a flop; Politicians need to stop making the crisis worse,National Post,2024-02-09,10
2923260536.0,Michael Taube: The Ontario government needs to get out of the booze business,National Post,2024-02-07,6
2921313900.0,Ontario's economic future looks like old-fashioned pork for favoured businesses,National Post,2024-02-02,-1
2921219328.0,Randall Denley: Ontario's economic future looks like old-fashioned pork for favoured businesses,National Post,2024-02-01,-1
2920723467.0,"Ontario to receive $121M federal funding boost to curb auto thefts, gang violence",National Post,2024-02-01,9
2918645724.0,Ontario not ready for cap on foreign students,National Post,2024-01-26,3
2918645335.0,NDP candidate blames 'white fragility' for Jama ejection,National Post,2024-01-26,14
2918596388.0,Randall Denley: Ontario is not prepared f or a cap on international students,National Post,2024-01-25,3
2913580072.0,A cure for paperwork and a fix for Ontario's family doctor crisis,National Post,2024-01-12,1
2913479992.0,Ontario government's partnership with ServiceOntario and Staples Canada raises questions,National Post,2024-01-11,19
2910731692.0,French and Catholic teachers' unions playing with fire; Any strike very likely to backfire,National Post,2024-01-05,20
3171842486.0,Ontario PC Leader Doug Ford says he wants to be premier 'forever',The Ottawa Citizen,2025-02-26,0
3171528382.0,"Crombie pledges doctors for all within four years; Polls show Liberal support on the rise, but Conservatives up nearly 20 points",The Ottawa Citizen,2025-02-26,1
3171528380.0,What you need to know about Ottawa South; Ontario election 2025,The Ottawa Citizen,2025-02-26,0
3171422741.0,"Snap winter election a challenge, but Elections Ontario says it's ready for voting day",The Ottawa Citizen,2025-02-25,0
3171398173.0,Union says problems in long-term care are not going away despite promises,The Ottawa Citizen,2025-02-25,1
3171352280.0,10 ridings to watch on election day in Ontario,The Ottawa Citizen,2025-02-25,0
3171216962.0,Collard: Ottawa-Vanier deserves more family doctors and aff ordable housing,The Ottawa Citizen,2025-02-25,0
3171211754.0,Belcher: Let's prioritize education and health care in Kanata-Carleton,The Ottawa Citizen,2025-02-25,0
3171187411.0,"Purdy: Protect staff at Kanata-Carleton's nearest hospital, and boost education",The Ottawa Citizen,2025-02-25,0
3171100261.0,Ontario PCs release $40-billion platform days ahead of election,The Ottawa Citizen,2025-02-25,0
3170919195.0,"Collapses, menacing calls, 'reptilian kitten-eater': A look at past Ontario elections",The Ottawa Citizen,2025-02-24,0
3170919155.0,"Ontario PCs make $40B in platform promises, pledge to axe floor price for alcohol",The Ottawa Citizen,2025-02-24,0
3170909842.0,Kot: Seven reasons Doug Ford is not Ontario's 'protector',The Ottawa Citizen,2025-02-24,6
3169615347.0,What you need to know if you vote in Carleton; Ontario election 2025,The Ottawa Citizen,2025-02-22,-1
3169615256.0,'Old-fashioned' politician ford nears legacy sealing majority; Ontario votes,The Ottawa Citizen,2025-02-22,0
3169500299.0,"Ontario NDP, Liberals release election platforms, promise billions in new spending",The Ottawa Citizen,2025-02-21,2
3169492651.0,"Ontario NDP, Liberals release full party platforms",The Ottawa Citizen,2025-02-21,2
3169273068.0,"A Lanark-Frontenac-Kingston voting primer; ONtario election 2025 This Tory stronghold has a colourful political history, Andrew Duffy explains",The Ottawa Citizen,2025-02-21,0
3169272900.0,Extra cataract care costs slammed; Health Coalition shares stories of attempts to 'upsell' before surgery,The Ottawa Citizen,2025-02-21,1
3169197356.0,Crombie says Ontario Liberals would provide OHIP coverage for mental health care,The Ottawa Citizen,2025-02-20,0
3169116889.0,Ontario election 2025: What you need to know about voting in the provincial election,The Ottawa Citizen,2025-02-20,0
3168984943.0,"Healey: Revive the downtown, give Ottawa Centre a voice in government",The Ottawa Citizen,2025-02-20,0
3168953285.0,"Simpson: More doctors, more housing, better transit in Ottawa Centre",The Ottawa Citizen,2025-02-20,0
3168908400.0,Leaders avoiding our lagging economy,The Ottawa Citizen,2025-02-20,0
3168906536.0,'Where has he been?' Crombie calls out Ford on campaign trail; Ontario election 2025,The Ottawa Citizen,2025-02-20,0
3168666877.0,"Pasma: An urgent care clinic, more affordable housing in Ottawa West-Nepean",The Ottawa Citizen,2025-02-19,0
3168493479.0,Campaigns get aggressive as election looms; Parties look to score last-minute points with snap election entering final stretch,The Ottawa Citizen,2025-02-19,0
3168492457.0,"Ford has failed to fix Ontario's ERs; This is the top election issue, write Raghu Venugopal and Alan Drummond",The Ottawa Citizen,2025-02-19,1
3168400455.0,Ontario Liberals appeal to NDP voters; NDP leader says they just want party status,The Ottawa Citizen,2025-02-18,0
3167366880.0,Ontario Election 2025: NDP Leader Marit Stiles puts focus on northern highways,The Ottawa Citizen,2025-02-15,0
3167233198.0,"Crombie the unknown; Ontario Votes She's skilled, but move into provincial politics has been tricky: experts",The Ottawa Citizen,2025-02-15,0
3167233084.0,What to know if you vote in Ottawa West-Nepean; Ontario Election 2025,The Ottawa Citizen,2025-02-15,0
3167233078.0,Stiles Seeks Visibility; Ontario Votes Ontario NDP leader works to raise her's and party's profile with voters,The Ottawa Citizen,2025-02-15,0
3167233076.0,"Taking stock at campaign's midpoint; With less than two weeks to go until voting day, some parties still developing their pitches",The Ottawa Citizen,2025-02-15,0
3166849875.0,Should light rail in Ottawa be run from Toronto?,The Ottawa Citizen,2025-02-14,17
3166781124.0,NDP asking integrity commissioner to investigate Ford video of trip to Washington,The Ottawa Citizen,2025-02-13,0
3166720973.0,"Ontario Election 2025: Party leaders gearing up for first debate, some heading north",The Ottawa Citizen,2025-02-13,0
3166360726.0,Tariff threats: A wake-up call to fix the economy,The Ottawa Citizen,2025-02-13,0
3166196383.0,"Ontario election 2025: Ontario Greens unveil platform, pledge to build two million homes, cut taxes",The Ottawa Citizen,2025-02-12,-1
3165837740.0,"Ontario election 2025: Leaders of Ontario Liberals, New Democrats promise to help young people",The Ottawa Citizen,2025-02-11,3
3165552846.0,"PCs lead in MacLeod's former riding, poll says",The Ottawa Citizen,2025-02-11,0
3165216102.0,"Why colleges are cutting programs; Explainer Tuition rates frozen in 2019, then international students were capped",The Ottawa Citizen,2025-02-10,3
3164497758.0,Will tariffs overshadow health care as issue in the Ontario election?; Labour leader says families feeling the strain know its importance,The Ottawa Citizen,2025-02-07,1
3164497231.0,"Maybe OC Transpo should share the load; Bus-franchising can improve service and accountability, says Jordan Moffatt",The Ottawa Citizen,2025-02-07,17
3164393991.0,Opposition pounces on Ford over suit alleging ex-staffers involved in rezoning scheme,The Ottawa Citizen,2025-02-06,18
3164382417.0,Crombie pounces on Ford over lawsuit alleging ex-staffers involved in rezoning scheme,The Ottawa Citizen,2025-02-06,18
3164104613.0,Ford wants pressure kept up on Trump; PC leader defends hot mic comments during Ottawa campaign stop,The Ottawa Citizen,2025-02-06,0
3164104588.0,"Campaigns focus on affordability crisis, homelessness",The Ottawa Citizen,2025-02-06,4
3164104326.0,Mayor wins big with Ford's vow to take LRT costs,The Ottawa Citizen,2025-02-06,17
3163870475.0,Affordability talk rules the day for Ontario election campaign,The Ottawa Citizen,2025-02-05,4
3163628740.0,"Ford, Crombie promise money for OC Transpo; 'This is like the moon landing for city council': transit chair",The Ottawa Citizen,2025-02-05,17
3163628711.0,"Stiles unveils $830M school repair program; NDP argue Conservatives have not only ignored the issue, but have made it worse",The Ottawa Citizen,2025-02-05,3
3163491332.0,Ford defends saying he was '100 per cent' happy Trump won U.S. election,The Ottawa Citizen,2025-02-04,0
3163294466.0,What to do with the; cheque from Ford?; What to do with the; cheque from Ford?,The Ottawa Citizen,2025-02-04,2
3163294280.0,Ford defends taking on dual roles; Ontario PC leader on the campaign trail while also fighting tariffs as premier; Ford defends taking on dual roles; Ontario PC leader on the campaign trail while also fighting tariffs as premier,The Ottawa Citizen,2025-02-04,0
3163294082.0,City; City,The Ottawa Citizen,2025-02-04,0
3163207553.0,Ontario voter turnout hit a record low in 2022. Will this election be any different?,The Ottawa Citizen,2025-02-03,0
3163041351.0,Are tariffs driving you to drink? It won't be American booze; Shelves Stripped,The Ottawa Citizen,2025-02-03,0
3162493380.0,Mental health called key to curbing addiction; Associate minister says only treatment offers reliable 'off-ramp' for drug abusers,The Ottawa Citizen,2025-02-01,8
3162493328.0,What you need to know to vote; Ontario election 2025 Election day is Feb. 27 but there will be opportunities to cast a ballot before then,The Ottawa Citizen,2025-02-01,0
3162054484.0,"Ford doubles down on struggling EV industry as Stiles, Crombie waver",The Ottawa Citizen,2025-01-31,0
3162054469.0,Make the election a vote on health care; Doug Ford says its all about Trump. Don't believe the PC leader's ploy,The Ottawa Citizen,2025-01-31,0
3161623663.0,Here's how Ford can get my vote,The Ottawa Citizen,2025-01-30,0
3161623437.0,Hasty election will be hard on voters; Last-minute scramble offers little chance to get to know candidates,The Ottawa Citizen,2025-01-30,0
3161623022.0,It's not about us. It's about him,The Ottawa Citizen,2025-01-30,0
3161311127.0,Provincial elections deserve better turnout,The Ottawa Citizen,2025-01-29,0
3159642698.0,Premier Doug Ford confirms he will call snap Ontario election next week,The Ottawa Citizen,2025-01-24,0
3159508993.0,Ontario Premier Doug Ford expected to call snap election for Feb. 27,The Ottawa Citizen,2025-01-24,0
3156709972.0,Premier Ford leading the way,The Ottawa Citizen,2025-01-17,0
3156274611.0,Bring back licence plate fees - and help end chronic homelessness,The Ottawa Citizen,2025-01-16,4
3153962562.0,MPP apologizes for 'Islamophobic' social media post,The Ottawa Citizen,2025-01-10,14
3150200972.0,'A generation-defining hearing'; Province asks Supreme Court to prevent plaintiffs from suing over climate change,The Ottawa Citizen,2024-12-30,11
3143063134.0,Councillor nominated as PC candidate in Carleton,The Ottawa Citizen,2024-12-11,-1
3141983037.0,Ford leads the way on transit; Opinion; Ontario premier working to get Toronto moving,The Ottawa Citizen,2024-12-07,-1
3133840907.0,Ontario nurses call for patient caps to ease staffing crisis,The Ottawa Citizen,2024-11-28,1
3133542480.0,McKenney announced as provincial NDP candidate for Ottawa Centre,The Ottawa Citizen,2024-11-27,0
3131954937.0,Premier's cycling bill ignores the data,The Ottawa Citizen,2024-11-22,-1
3128888516.0,Public transit: Premier Ford still doesn't get it,The Ottawa Citizen,2024-11-15,-1
3126254850.0,Ford got TMU to back off race-based admissions. He should go further,The Ottawa Citizen,2024-11-08,1
3125867942.0,"Province provides money for transit, social services; But Sutcliffe said cash infusion doesn't provide enough to help with OC Transpo",The Ottawa Citizen,2024-11-07,-1
3125867786.0,"Two health-care issues we should solve right now; We can do better than this Hunger Games approach, Suzanne Westover writes",The Ottawa Citizen,2024-11-07,1
3123969161.0,"Today's letters: Doug Ford's giveaways are irritating, not intelligent",The Ottawa Citizen,2024-11-04,2
3123461677.0,"Premier wades into debate on equity, school admissions; New Med school offers priority to disadvant aged",The Ottawa Citizen,2024-11-02,1
3123198271.0,The premier is outsourcing his doctor problem,The Ottawa Citizen,2024-11-01,1
3123198267.0,"How i'd spend ford's big tax rebate; Instead of refunds, Ontario should fix education, writes Mary Ellen Kot",The Ottawa Citizen,2024-11-01,3
3122824144.0,"How does city government even matter anymore?; Ford and the feds now set the rules, says Kelly Egan",The Ottawa Citizen,2024-10-31,-1
3122399214.0,Don't ban foreign medical students,The Ottawa Citizen,2024-10-30,1
3120254029.0,Here's why new Kemptville jail has been frozen for four years,The Ottawa Citizen,2024-10-24,9
3119820058.0,Woman celebrates court victory for youth in climate change fight,The Ottawa Citizen,2024-10-23,11
3119341323.0,McKenney to seek NDP nod for the Ottawa Centre riding; 'Excited to stand'with provincial party ahead of the next Ontario election,The Ottawa Citizen,2024-10-22,0
3118982087.0,Bike lanes to remain a priority in city despite provincial bill; Legislation would require municipalities to get permission before adding new ones,The Ottawa Citizen,2024-10-21,5
3118409644.0,"Ford's bike-lane plan is pure politics; Neither safety nor better traffic flow will be the result, writes Jeff Leiper",The Ottawa Citizen,2024-10-19,5
3118117723.0,"Overwhelmed city asks for help; Ottawa joins call for support to deal with opioid, homelessness crises",The Ottawa Citizen,2024-10-18,4
3115868975.0,Ford's tunnel plan is fiscal madness,The Ottawa Citizen,2024-10-12,13
3115867436.0,Ontario's massive bet is paying off; EV investments show province's economic appeal,The Ottawa Citizen,2024-10-12,0
3114643148.0,Tunnel under 401 kick-starts a debate,The Ottawa Citizen,2024-10-09,13
3114264555.0,"Ford's 401 tunnel is a simple, simplistic idea",The Ottawa Citizen,2024-10-08,13
3112984145.0,Sutcliffe's plea for help aims at wrong target,Other,2024-10-04,13
3112749532.0,Adam: Why Mark Sutcliffe's 'fairness for Ottawa' campaign should target Doug Ford too,The Ottawa Citizen,2024-10-03,13
3112547425.0,"Ontario plans to raise speed limit on 400-series highways, premier says",The Ottawa Citizen,2024-10-02,-1
3111718642.0,A premier suggestion of what we should call our 401 tunnel,The Ottawa Citizen,2024-10-01,13
3108457159.0,"'Sure winner'in the suburbs or 'blitzkrieg'on good planning?; Ontario's bike Lane Debate; Province's proposed restrictions could hurt city's transportation plan, councillors say",The Ottawa Citizen,2024-09-23,5
3107339981.0,"'Hallway'care up 22 per cent since 2018: CUPE; Problem worsening since Ford elected, 'symptomatic of lack of capacity': union",The Ottawa Citizen,2024-09-20,1
3106215935.0,Report backs Ottawa's complaint; Provincial study confirms transit funding for city will drop sharply,The Ottawa Citizen,2024-09-17,17
3103080309.0,College seeks 'clarity' on foreign activity ban,The Ottawa Citizen,2024-09-11,3
3103080287.0,Penned dog hunting is horrific,The Ottawa Citizen,2024-09-11,4
3101396424.0,"Ontario must not expand penned dog hunting; Dr. Stan Houston, Dr. David Waldner and Dr. Jan Hajek warn of severe consequences",The Ottawa Citizen,2024-09-06,4
3101276426.0,Good for what ales you: Ontario convenience stores enter beer biz,The Ottawa Citizen,2024-09-05,6
3095716029.0,Updates to Ontario municipal code of conduct rules further delayed,The Ottawa Citizen,2024-08-21,-1
3087469701.0,Doctors decry halt on wastewater testing; Surveillance helps detect disease spread in province,The Ottawa Citizen,2024-08-02,1
3087469631.0,"Ontario farmer hit with $400,000 estimate for archeological assessment; Province refuses to pay for mandated work",The Ottawa Citizen,2024-08-02,-1
3084629676.0,"Ottawa CAS, union going back to the table; Declining staff numbers critical issue for OPSEU members in ongoing talks",The Ottawa Citizen,2024-07-25,-1
3083710912.0,"LCBO has bright future, Premier Ford says as two-week-long strike comes to an end",The Ottawa Citizen,2024-07-22,7
3082431709.0,Ford's plan rewards foreign companies,The Ottawa Citizen,2024-07-18,6
3082051477.0,Ontario's groundbreaking journalism plan; Local media needs support at all levels,The Ottawa Citizen,2024-07-17,-1
3079696911.0,Ford's priorities are completely wrong,The Ottawa Citizen,2024-07-12,1
3079696432.0,LCBO strikers don't seem to have much support,The Ottawa Citizen,2024-07-12,7
3078862516.0,The LCBO union will lose; Ontario premier shows no sign of backing down,The Ottawa Citizen,2024-07-11,7
3078195795.0,"Kelly, Ghamari showing how not to do politics; Fighting with children and meeting with extremists is never a good look",The Ottawa Citizen,2024-07-10,-1
3077178897.0,"Children's Aid Society workers take to the picket line, fighting layoffs",The Ottawa Citizen,2024-07-08,-1
3076328511.0,Ontario on brink of an electricity spending spree,The Ottawa Citizen,2024-07-06,11
3076328487.0,"Ford might regret his rash decision to dump Ghamari; PCs might find themselves shut out of the city in next election, Charlie Senack says",The Ottawa Citizen,2024-07-06,-1
3075812990.0,Ghamari's ouster seen as latest setback in region; Former Tory MPP's removal from caucus narrows representation in Queen's Park,The Ottawa Citizen,2024-07-04,-1
3075547808.0,PM should follow ford on ad funds; Local journalism,The Ottawa Citizen,2024-07-03,-1
3075547779.0,Ontario helping sustain quality journalism; Powerful policy,The Ottawa Citizen,2024-07-03,-1
3075547335.0,Ontario ad funds to boost media; $25M per year; 25% to support Ontario-based news sources,The Ottawa Citizen,2024-07-03,-1
3074880347.0,Deal for private long-term care home hurts us all,The Ottawa Citizen,2024-07-02,1
3073473513.0,Science centre plan raises questions,The Ottawa Citizen,2024-06-28,12
3069391973.0,LCBO workers vote in favour of strike,The Ottawa Citizen,2024-06-18,7
3068875350.0,LCBO workers vote overwhelmingly in favour of strike,The Ottawa Citizen,2024-06-16,7
3068503829.0,Don't normalize rural ER closures in Ontario; Dr. Alan Drummond demands accountability for what is happening across the province,The Ottawa Citizen,2024-06-15,1
3067576328.0,Ford fails us on family doctors,The Ottawa Citizen,2024-06-13,1
3066196912.0,Bill would allow removal of misbehaving councillors; NDP MPP wants an independent board of commissioners to adjudicate issues,The Ottawa Citizen,2024-06-10,-1
3065613943.0,Teacher unions welcome new minister in Ontario cabinet shuffle,The Ottawa Citizen,2024-06-07,3
3065531216.0,Doug Ford had no right to go after immigrants,The Ottawa Citizen,2024-06-07,3
3065156269.0,"Wastewater surveillance cancelled; Program gave early warnings of COVID-19, other viruses",The Ottawa Citizen,2024-06-06,1
3064932427.0,Fox: Beer will soon replace food in Ontario corner stores,The Ottawa Citizen,2024-06-05,6
3062974489.0,How the premier has left us crying in our beer,The Ottawa Citizen,2024-06-01,6
3052607911.0,MacPherson and Zwaagstra: Doug Ford's smartphone restrictions in schools don't go far enough,The Ottawa Citizen,2024-05-08,3
3052359606.0,Ford's outreach to city mere crony opportunity; Premier needs to govern more equitably rather than construct consulate in Ottawa,The Ottawa Citizen,2024-05-08,0
3051558208.0,"Deachman: 'The people' have spoken to Doug Ford, but there's no sign he's listening",The Ottawa Citizen,2024-05-06,0
3050407030.0,Of Doug Ford and his phone use,The Ottawa Citizen,2024-05-03,0
3049090884.0,"New office to 'link'city, province, premier says",The Ottawa Citizen,2024-04-30,-1
3045626416.0,Ontario to do away with sick note requirement for short absences,The Ottawa Citizen,2024-04-24,1
3041673203.0,Ontario Speaker stands by decision to ban keffiyehs in legislature,The Ottawa Citizen,2024-04-19,14
3039060117.0,"Deal clears path for seniors'home; LTC facility near Riverside a 'gift'to private owner, NDP MPP says",The Ottawa Citizen,2024-04-15,1
3039060033.0,"Power outages? This bill would help us cope with severe weather; Affordable Energy Act a good idea, writes Chandra Pasma",The Ottawa Citizen,2024-04-15,11
3037985331.0,Ontario's high income-tax rates are hurting us,The Ottawa Citizen,2024-04-13,2
3037238846.0,Why Ford's office was sent a can of gravy,The Ottawa Citizen,2024-04-11,2
3035371640.0,Ford's bagful of silly policy,The Ottawa Citizen,2024-04-10,19
3035371044.0,"If you buy booze, you can afford a bag",The Ottawa Citizen,2024-04-10,19
3035370983.0,Ontario NDP seeks audit of clinics charging for primary health care,The Ottawa Citizen,2024-04-10,1
3034916626.0,Calandra cites 'complex'process for delay in lawmaker penalties; Group slams longer timeline for rollout of legislation on misbehaving politicians,The Ottawa Citizen,2024-04-09,-1
3034740661.0,Ontario premier tells LCBO to bring back paper bags in stores,The Ottawa Citizen,2024-04-08,19
3033956755.0,"Ottawa awarded $37.5M for progress toward housing goal; City gets cheque for breaking ground on 10,313 additional homes last year",The Ottawa Citizen,2024-04-06,10
3032864735.0,Deal with province a 'lifeline'for city: Sutcliffe; Council gets details of $543M agreement,The Ottawa Citizen,2024-04-04,-1
3031487975.0,"Munter's pay freeze an anomaly; CHEO's president has not had a raise since 2012, unlike other hospital bosses",The Ottawa Citizen,2024-04-03,-1
3031487719.0,Ford steps up for the city of Ottawa,The Ottawa Citizen,2024-04-03,17
3020296759.0,Ford dashes calls for tougher penalties for councillors,The Ottawa Citizen,2024-03-30,-1
3020296732.0,"Ford Needs To Build Communities, Not More Prisons; More jail capacity just enriches companies without making us safer, Justin Piché says",The Ottawa Citizen,2024-03-30,9
3020296535.0,"'New deal for Ottawa' includes Highway 174 cash; Province will pay $543 million to support city's economic recovery, revitalization",The Ottawa Citizen,2024-03-30,-1
2991814676.0,Ontario deficit ballooning to $9.8B next year amid slow economic growth,The Ottawa Citizen,2024-03-26,2
2987052464.0,"Ontario budget to be 'prudent and responsible,' minister says",The Ottawa Citizen,2024-03-26,2
2957625059.0,Ontario failing in bid to boost family doctors,The Ottawa Citizen,2024-03-15,1
2957624978.0,"Ontario needs to ban fees for primary care: Stiles; On visit to Ottawa, NDP leader decries clinic's charges for Pap test, results",The Ottawa Citizen,2024-03-15,1
2956501276.0,Health ministry probing fee-charging Ottawa clinic; Woman's routine cancer screening with nurse practitioner costs $110,The Ottawa Citizen,2024-03-13,1
2933856263.0,"Thousands in Perth risk losing primary care, NDP warns",The Ottawa Citizen,2024-03-02,1
2927017483.0,We shouldn't forgo registration fees,The Ottawa Citizen,2024-02-15,-1
2925517438.0,Ontario Appeal Court rules Ford government's Bill 124 is unconstitutional,The Ottawa Citizen,2024-02-12,20
2922287824.0,It's clear that almost every decision,The Ottawa Citizen,2024-02-05,0
2921516092.0,Supreme Court rules Ford government doesn't have to disclose mandate letters,The Ottawa Citizen,2024-02-02,-1
2920910702.0,I just don't believe this is the time,The Ottawa Citizen,2024-02-01,3
2920372279.0,Ont. plans to refurbish nuclear power plant; Government says work is needed to meet future electrical demands,The Ottawa Citizen,2024-01-31,11
2918653178.0,Students join colleges in decrying cuts to international student visas,The Ottawa Citizen,2024-01-26,3
2915815480.0,Ontario lets hospitals 'hang by a thread' amid financial insecurity: health critics,The Ottawa Citizen,2024-01-17,1
3171526903.0,Crombie Offers cure; Liberal leader vows fix for Ontario's family doctor shortage,The Ottawa Sun,2025-02-26,1
3170651770.0,"Given the hurry-up sell; Patients being upsold and pressured to pay more for cataract surgery, they say",The Ottawa Sun,2025-02-24,1
3169666898.0,Playing the long game; Ford's U.S. charm offensive could pay off,The Ottawa Sun,2025-02-22,0
3168919311.0,'Where has he been?; Crombie calls out missing Ford,The Ottawa Sun,2025-02-20,0
3168492261.0,Election apathy,The Ottawa Sun,2025-02-19,0
3167262413.0,What to know if you vote in Ottawa West-Nepean,The Ottawa Sun,2025-02-15,0
3165224902.0,Why colleges face cuts; Once-booming institutions in deep financial trouble,The Ottawa Sun,2025-02-10,3
3164866454.0,PCs grab early lead in Nepean; Lewis looking to take over from Lisa MacLeod,The Ottawa Sun,2025-02-09,0
3164499100.0,Do Tariffs Trump health care?; Hospital workers fear economy overshadowing weak medical system,The Ottawa Sun,2025-02-07,1
3164498682.0,Long-term health struggle; No quick fix coming for Ontario doctor shortage,The Ottawa Sun,2025-02-07,1
3164030088.0,Stop for a drink; Ford talks trade - and bourbon - in Ottawa,The Ottawa Sun,2025-02-06,0
3164029852.0,Correction,The Ottawa Sun,2025-02-06,0
3163613719.0,"'Like the moon landing'; Ford, Crombie ofef r huge cash injection for OC Transpo",The Ottawa Sun,2025-02-05,17
3163613686.0,Ontario's auto industry stuck in neutral,The Ottawa Sun,2025-02-05,0
3163613097.0,'Liter ally falling apart'; NDP leader unveils $830-million schools plan,The Ottawa Sun,2025-02-05,3
3163044428.0,Say bye-bye to U.S. booze; Want American wine or bourbon? Stock up before Tuesday,The Ottawa Sun,2025-02-03,0
3162683009.0,Know before you vote; Provincial election less than one month away,The Ottawa Sun,2025-02-02,0
3162682837.0,Unifor local endorses PCs,The Ottawa Sun,2025-02-02,-1
3162490628.0,'Addiction is a symptom'; Tory candidate targets youth mental health crisis,The Ottawa Sun,2025-02-01,8
3161622952.0,Leaders launch election campaigns,The Ottawa Sun,2025-01-30,0
3161312410.0,Why ontario elections matter so much; Provincial gov't a key factor in daily lives of millions,The Ottawa Sun,2025-01-29,0
3160667290.0,Going out on top; Ford has flurry of announcements before election call,The Ottawa Sun,2025-01-28,-1
3160667274.0,NDP rejects Jama's bid to rejoin caucus,The Ottawa Sun,2025-01-28,14
3159006741.0,"It's up to you, the voter; Ford calling an early election because it helps him",The Ottawa Sun,2025-01-23,0
3156293669.0,Sticker shock; Bring back licence plate fees - and help end chronic homelessness,The Ottawa Sun,2025-01-16,4
3154001491.0,Macleod-mouth; Ottawa MPP apologizes for 'hateful and Islamophobic'post,The Ottawa Sun,2025-01-10,14
3150201172.0,Province appeals ruling; Young people's climate change lawsuit appealed to Supreme Court,The Ottawa Sun,2024-12-30,11
3150201060.0,Vote springs eternal; Don't expect provincial gov't to melt away with the snow,The Ottawa Sun,2024-12-30,0
3148924269.0,Doug the halls; Santa Ford says PCs are sticking solutions under Ontario's tree,The Ottawa Sun,2024-12-24,-1
3144464784.0,'Enough's enough'; Ford aims to clear out homeless encampments,The Ottawa Sun,2024-12-14,4
3144224516.0,Another provincial Grit leader defects on Trudeau's carbon tax,The Ottawa Sun,2024-12-13,15
3144224365.0,"With us or against us; 'Stand with Beijing or stand with Washington,'Ford tells Mexico",The Ottawa Sun,2024-12-13,0
3143474775.0,Ford: I'll pull plug; Says he's ready to cut off power exports to U.S,The Ottawa Sun,2024-12-12,0
3143075465.0,Trump tariff proposal would devastate Ontario economy,The Ottawa Sun,2024-12-11,0
3143075243.0,Darouze steps up; Osgoode councillor will be Ontario PCs'Carleton riding candidate,The Ottawa Sun,2024-12-11,-1
3138993247.0,Straight to the moon; Big energy push by Ford gov't generates astronomical interest in nuclear reactors,The Ottawa Sun,2024-12-03,11
3138991279.0,A tale of two cyclists; Good Rider and Bad Rider,The Ottawa Sun,2024-12-03,5
3134224604.0,Change brewing in Ontario; Craft beer industry may win tax cut,The Ottawa Sun,2024-11-29,6
3132700101.0,McKenney running for NDP in Ottawa Centre,The Ottawa Sun,2024-11-25,0
3125900510.0,"'New deal for Ottawa'; More cash for cops, transit coming from province",The Ottawa Sun,2024-11-07,-1
3123455301.0,Kudos to premier ford,The Ottawa Sun,2024-11-02,1
3122826674.0,Plenty of dough; Ford gov't has more money than it can spend,The Ottawa Sun,2024-10-31,2
3122826436.0,Opposition slams fall economic statement,The Ottawa Sun,2024-10-31,2
3122415222.0,Tory bribe money?; Ford hopes 'Dougie Dollars'will keep taxpayers happy,The Ottawa Sun,2024-10-30,2
3121111253.0,Bag blunders mount; LCBO CEO may find himself out of a job pretty soon,The Ottawa Sun,2024-10-27,19
3120960522.0,My own lane,The Ottawa Sun,2024-10-26,5
3120959900.0,'Learn and stay'; New medical program aims to help Ontarians access physicians,The Ottawa Sun,2024-10-26,1
3120259488.0,Keeping out of jail; Stalled Kemptville prison plan gives some residents hope,The Ottawa Sun,2024-10-24,9
3119346362.0,Power for hire; Ford government looks to make province a major energy exporter,The Ottawa Sun,2024-10-22,11
3119346195.0,They're in it to win; McKenney seeking the NDP nomination for Ottawa Centre,The Ottawa Sun,2024-10-22,0
3118118351.0,Nearing time to end Ontario's political welfare regime,The Ottawa Sun,2024-10-18,2
3117226407.0,Battle over bike lanes,The Ottawa Sun,2024-10-16,5
3113205041.0,401 tunnel study must not be an afterthought,The Ottawa Sun,2024-10-05,13
3112993742.0,Ford failing upward?; Poor marks on job performance - but soars in poll,The Ottawa Sun,2024-10-04,0
3110595328.0,Ontarians deserve taxpayer protection legislation,The Ottawa Sun,2024-09-27,2
3108453769.0,Pedalling policy ideas; Local councillor at odds with province over anti-bike lane plan,The Ottawa Sun,2024-09-23,5
3107349452.0,Preem's cut above; Docs show Ford isn't slashing spending - quite the opposite,The Ottawa Sun,2024-09-20,2
3107348938.0,'Horrible'experience; Hallway medicine not going away despite premier's promises,The Ottawa Sun,2024-09-20,1
3104728749.0,"Crombie hasn't delivered; But seeks job security, changes to Grit constitution",The Ottawa Sun,2024-09-14,0
3104374497.0,Time for charter schools is now,The Ottawa Sun,2024-09-13,3
3103076390.0,Algonquin in the wilderness; College 'seeking clarity'after province suspends new international activities,The Ottawa Sun,2024-09-11,3
3101748367.0,Good for what ales you; Ontario convenience stores enter beer biz,The Ottawa Sun,2024-09-07,6
3101427163.0,Ford's finance minister's record bad and getting worse,The Ottawa Sun,2024-09-06,2
3099225799.0,24-7 Booze,The Ottawa Sun,2024-08-31,6
3098944486.0,Fake budgets hide debt spike,The Ottawa Sun,2024-08-30,2
3096740469.0,"Time to treat addicts, not enable them",The Ottawa Sun,2024-08-25,8
3096474005.0,Ford's massive cabinet reflects lack of respect for taxpayers,The Ottawa Sun,2024-08-23,3
3095848646.0,We're all fed up with Fred; Minister's grilling of disgraceful labour leader was spot on,The Ottawa Sun,2024-08-22,14
3094100392.0,Lefties'pet peeves; Easier to get an MRI for a dog than a person - but they like it that way,The Ottawa Sun,2024-08-18,1
3093966122.0,In dogged pursuit of better Ontario health care,The Ottawa Sun,2024-08-17,1
3093683494.0,Gas-tax cut needs to be made permanent,The Ottawa Sun,2024-08-16,2
3092983864.0,Ontario economic plan anything but 'fiscally prudent',The Ottawa Sun,2024-08-14,2
3091228575.0,"Bottoms up at 7-Eleven; Beer, wine soon available",The Ottawa Sun,2024-08-10,6
3085005676.0,New brunswickers get tax cut commitment - while ontarians face mountain of debt,The Ottawa Sun,2024-07-26,2
3084629667.0,"'Crucial work'; Children's Aid Society of Ottawa, union heading to mediation",The Ottawa Sun,2024-07-25,-1
3083048344.0,Pour me a cold one; LCBO strike finally limping toward end,The Ottawa Sun,2024-07-21,7
3082874991.0,Driven to drink; Empty shelves at local beer stores as doubt surrounds LCBO deal,The Ottawa Sun,2024-07-20,7
3082050206.0,PC plan has ad-ed bonus; Support for news without subsidies groundbreaking,The Ottawa Sun,2024-07-17,-1
3082050158.0,"Province, LCBO talking over drinks?",The Ottawa Sun,2024-07-17,7
3080029444.0,Liberal leader,The Ottawa Sun,2024-07-14,0
3079696966.0,Slaking our thirst; LCBO strikers learn Ontarians find other ways to buy booze,The Ottawa Sun,2024-07-12,7
3077591529.0,'Last resort'; CASO workers hit picket line,The Ottawa Sun,2024-07-09,-1
3077591387.0,Strike shows it's time to end liquor store monopoly,The Ottawa Sun,2024-07-09,7
3076497933.0,To the bottom of the bottle; LCBO strike all about political ambitions of union leaders,The Ottawa Sun,2024-07-07,7
3075814865.0,City Left Adrift; What does Goldie Ghamari's expulsion from the PC cabinet mean for Ottawa?,The Ottawa Sun,2024-07-04,-1
3075547417.0,'Meaningful moment'; Ford gov't makes major investment in Ontario-based news publishers,The Ottawa Sun,2024-07-03,-1
3075547373.0,Tories take a stand; Ford government makes bold move to support journalism,The Ottawa Sun,2024-07-03,-1
3075547340.0,Ontario helping sustain quality journalism,The Ottawa Sun,2024-07-03,-1
3071152559.0,"On alcohol, it's time to truly treat Ontarians as adults",The Ottawa Sun,2024-06-22,6
3069734472.0,LCBO workers ready to uncork strike,The Ottawa Sun,2024-06-19,7
3069396482.0,LCBO workers vote for strike mandate,The Ottawa Sun,2024-06-18,7
3066166976.0,Councillor crackdown?; Private member's bill could see bad municipal actors get the boot from office,The Ottawa Sun,2024-06-10,-1
3065532836.0,Graduating to energy; Ford shuffles Lecce out of education to take on Trudeau in Ottawa,The Ottawa Sun,2024-06-07,3
3062793367.0,Bonnie's in-tax-icated; Liberal booze claims include $300M pink elephant,The Ottawa Sun,2024-05-31,-1
3061561909.0,"Uncorking an election?; No, Ford isn't about to call an early vote",The Ottawa Sun,2024-05-29,0
3060964232.0,Speedy booze sales for an early election?,The Ottawa Sun,2024-05-28,6
3059742314.0,"Preem, give 'em the hard stuff; Leader should take even firmer stance on 'safe supply'",The Ottawa Sun,2024-05-24,8
3058509176.0,Bag drop,The Ottawa Sun,2024-05-22,19
3052350540.0,"Ontario's doormat?; 'The people'have spoken to Ford, but there's no sign he's listening to Ottawa",The Ottawa Sun,2024-05-08,0
3050010600.0,Magical power of a 'piece of cloth',The Ottawa Sun,2024-05-02,14
3049090853.0,'New deal'kicks off; Province opens office for engagement with Ottawa,The Ottawa Sun,2024-04-30,-1
3047721651.0,NDP vows to defy 'unjust' keffiyeh rule,The Ottawa Sun,2024-04-28,14
3041672593.0,"Unplug ford; After one rough week, premier needs all the cottage time he can get",The Ottawa Sun,2024-04-19,0
3039060608.0,"Riverside deal clears; For-profit, private seniors' community to be built",The Ottawa Sun,2024-04-15,1
3037738438.0,"Ford's PCs forty-fied; Poll numbers good, but Grits growing",The Ottawa Sun,2024-04-12,0
3035354614.0,Clinic under the microscope; NDP calls for special audit of medical fees,The Ottawa Sun,2024-04-10,1
3034842854.0,Penalties will take time; Legislation aimed at better behaviour for municipal politicos won't be ready soon: MPP,The Ottawa Sun,2024-04-09,-1
3034592382.0,Folding on paper; Ford orders LCBO to bring back brown bags,The Ottawa Sun,2024-04-08,19
3033972881.0,Ford cuts a big cheque; Ottawa gets $37.5M for 'substantial progress'on home building,The Ottawa Sun,2024-04-06,10
3032846702.0,"Doctor's orders; York U's new med school should help Ontario train, keep more health professionals",The Ottawa Sun,2024-04-04,1
3032846435.0,$543M deal; Council gets details on massive agreement with province,The Ottawa Sun,2024-04-04,-1
3020295249.0,Cities can make own decisions: Ford; Nixes penalties for abusive councillors,The Ottawa Sun,2024-03-30,-1
3020295246.0,'New deal' for local roads,The Ottawa Sun,2024-03-30,-1
2999198062.0,Inflation Fixation; Budget attempts to balance need for growth with high cost of living,The Ottawa Sun,2024-03-27,2
2999150502.0,"Ford talks like a Tory, spends like a Liberal",The Ottawa Sun,2024-03-27,2
3126979150.0,Crombie Knows Nimby; Liberal leader flip-flops on Ontario housing problem,The Ottawa Sun,2024-03-24,-1
2973545258.0,That's not very neighbourly; Want a 4-storey building next to you?,The Ottawa Sun,2024-03-23,10
2969251621.0,Premier 'smoking'mad over federal carbon tax increase,The Ottawa Sun,2024-03-20,15
2957625069.0,Stiles a healthy skeptic; NDP leader urges Ford to ban fees for access,The Ottawa Sun,2024-03-15,1
2956486779.0,Ministry to probe clinic; Woman furious after being charged $110 for routine cancer screening test,The Ottawa Sun,2024-03-13,1
2954356574.0,Ford warns PM to nix ta x hike; Federal Liberals will suffer in next election if increase goes ahead,The Ottawa Sun,2024-03-09,15
2933856516.0,Thousands without care: Stiles; NDP leader rips provincial health-care funding,The Ottawa Sun,2024-03-02,1
2931050909.0,"Reading, writing and racial grievances; Divisive politics must be pushed out of the education system for good",The Ottawa Sun,2024-02-23,3
2929297895.0,Political mismatch; Ford benefiting from opposition leaders' weak start to session,The Ottawa Sun,2024-02-21,15
2921316268.0,"Preem: You're going to jail; Crime so bad, Ford's pals have a bat by the bed",The Ottawa Sun,2024-02-02,9
2919760154.0,Wiltin'in Milton?; Riding next door to Liberal leader may not be sure thing some expect,The Ottawa Sun,2024-01-29,0
2918648492.0,Snip snip; Cuts to international student visas could hit Ontario schools hard,The Ottawa Sun,2024-01-26,3
2915816405.0,"Grim outlook; Hospitals desperate for funding, critics say",The Ottawa Sun,2024-01-17,1
2914972024.0,A new gov't staple; Expanding ServiceOntario into retail hardly cause for 'serious concerns',The Ottawa Sun,2024-01-15,19
2909348114.0,Ontario NDP's spending plans ignore fiscal realities,The Ottawa Sun,2024-01-03,10
3170229342.0,Tories vow to protect Algoma Steel's jobs from tariffs: WILL UPDATE,Sault Star,2025-02-23,0
3169805045.0,Doug Ford stumps in Sault on Sunday,Sault Star,2025-02-22,0
3169671714.0,Put your money where your mouth is; Sault candidates give their two cents on affordability challenges,Sault Star,2025-02-22,2
3169671618.0,"Ford's hot-mic moments revealing, not endearing",Sault Star,2025-02-22,0
3168907475.0,Ford survives 3-on-1 attack in election debate,Sault Star,2025-02-20,0
3168906417.0,"'Bring back the beds'; Residents, advocates rally to 'save' Thessalon hospital",Sault Star,2025-02-20,1
3168308155.0,Doug Ford visit to Sault Ste. Marie cancelled due to Toronto Pearson flight cancellations,Sault Star,2025-02-18,0
3168033301.0,Ford in Sault Tuesday,Sault Star,2025-02-17,0
3167233359.0,"Lone candidate speaks at debate; Grit, Tory hopefuls not there",Sault Star,2025-02-15,0
3167233330.0,Ford's impact on education defiles Davis's legacy,Sault Star,2025-02-15,3
3167233027.0,Leaders spar over housing,Sault Star,2025-02-15,-1
3167232928.0,6 candidates run in Sault,Sault Star,2025-02-15,0
3167112072.0,Live Updates: Ontario provincial election leaders' debate to take place in North Bay,Sault Star,2025-02-14,0
3167063733.0,Lone Sault Ste. Marie candidate takes the floor at Ontario Secondary School Teachers Federation meeting,Sault Star,2025-02-14,0
3166360313.0,"Ford cleaning up with union backing, polling",Sault Star,2025-02-13,-1
3166359970.0,Sault Grit candidate appointed,Sault Star,2025-02-13,0
3165544099.0,No quick fix coming for Ontario doctor shortage,Sault Star,2025-02-11,1
3164731978.0,Let's get it together; Sault candidates tout partnerships to keep economy strong to combat U.S. tariffs,Sault Star,2025-02-08,0
3164731975.0,Tariffs could cripple Sault Ste. Marie: NDP leader Stiles; Tours Algoma Steel Friday,Sault Star,2025-02-08,0
3164731841.0,"NDP's Stiles promises 350 new doctors for North, more residency spots",Sault Star,2025-02-08,1
3163294414.0,Make Ontario election a vote on health care; Doug Ford says its all about Trump. Don't believe the PC leader's ploy; Make Ontario election a vote on health care; Doug Ford says its all about Trump. Don't believe the PC leader's ploy,Sault Star,2025-02-04,0
3163293933.0,Sault Tory hopeful banks on experience; Chris Scott aims to shift from MPP's 'right-hand man' to successor; Sault Tory hopeful banks on experience; Chris Scott aims to shift from MPP's 'right-hand man' to successor,Sault Star,2025-02-04,0
3162419027.0,Sault councillor Lisa Vezeau-Allen chosen as NDP candidate,Sault Star,2025-02-01,0
3161646959.0,"Sault Ste. Marie provincial NDP association announce candidacy nomination meeting; Dave Mornix, Lisa Vezeau-Allen both want the nomination",Sault Star,2025-01-30,0
3161646847.0,Sault Ste. Marie PC candidate hand picked by Premier Doug Ford; Ross Romano to serve as campaign manager,Sault Star,2025-01-30,0
3160667261.0,Provincial dollars help pave way for Sackville Road extension; Housing-Enabling Core Servicing Stream provides $5.3M,Sault Star,2025-01-28,-1
3159750806.0,Ford is taking a risk calling an early Ontario election,Sault Star,2025-01-25,0
3159750723.0,Robert Peace 'considering'PC candidacy; Ontario election call expected Wednesday,Sault Star,2025-01-25,0
3159686114.0,Column: Premier Doug Ford is taking a risk calling an early Ontario election,Sault Star,2025-01-24,0
3159023018.0,Sault provincial riding associations on alert for early election call,Sault Star,2025-01-23,0
3141997133.0,Doug ford is leading the way; Opinion,Sault Star,2024-12-07,-1
3141293895.0,Push to generate nuclear power on the moon,Sault Star,2024-12-05,11
3138986920.0,"Ontarians want booze tax cuts, may get them",Sault Star,2024-12-03,6
3129080242.0,Catholic trustee wants expense policy review; Provincial audit of boards looms,Sault Star,2024-11-16,3
3121802044.0,"Ford's bike lane promise so popular, opposition won't attack",Sault Star,2024-10-29,5
3112703655.0,Crombie musing on taxes gives Ford fodder,Sault Star,2024-10-03,2
3110869317.0,Why we should consider Ford's tunnel idea,Sault Star,2024-09-28,13
3100394966.0,"Opiates 254, Ross Romano 0: Opioid-related mortality rates soar under MPP's 'intrepid' leadership",Sault Star,2024-09-03,8
3099254737.0,Unintended consequences could be avoided,Sault Star,2024-08-31,3
3098557758.0,Sault Ste. Marie to pivot for fair share of new HART Hub funding,Sault Star,2024-08-29,8
3087119995.0,"Poll good for Ford, painful for Stiles, Crombie",Sault Star,2024-08-01,0
3084646424.0,Reg Niganobe seeking office as Liberal MPP,Sault Star,2024-07-25,0
3083711576.0,Reg Niganobe seeking office as Liberal MPP,Sault Star,2024-07-22,0
3082469727.0,Ford pushing ahead on booze sale expansion,Sault Star,2024-07-18,7
3082469595.0,Ontario government's groundbreaking plan; Local media needs support at all levels,Sault Star,2024-07-18,-1
3077559662.0,Inconvenient truth about easier Liquor access,Sault Star,2024-07-09,6
3068523387.0,"Doug Ford is all about 'sorry, not sorry'",Sault Star,2024-06-15,0
3067632392.0,Ford's cabinet shuffle far from fiscally prudent; Letter to the editor,Sault Star,2024-06-13,3
3065229211.0,"Ford reduces surgical wait times, opposition complains",Sault Star,2024-06-06,1
3064432314.0,Crombie's false booze claims show her taxand-spend Liberal roots,Sault Star,2024-06-04,-1
3060981589.0,"Ford delivers on beer and wine promise, but with a catch",Sault Star,2024-05-28,6
3056336277.0,Time for Ontario gov't to step up and invest in health care,Sault Star,2024-05-18,1
3047480970.0,Ferrochrome smelter not what doctor orders to attract MDs to Sault,Sault Star,2024-04-27,0
3042413714.0,Ford reversals remind us our voices have power,Sault Star,2024-04-20,-1
3039704500.0,"Ford's PCs hold commanding lead, Liberals steal NDP support",Sault Star,2024-04-16,0
3038013802.0,Jennings 'cautiously optimistic'as bill moves forward to declare IPV epidemic,Sault Star,2024-04-13,-1
3034935263.0,Multi-plex homes 'good options' for many Ontarians: NDP's Stiles,Sault Star,2024-04-09,10
3034000209.0,"'How we can sit there and just do nothing?'; Establish more safe consumption sites, including in Sault St. Marie: Ontario NDP",Sault Star,2024-04-06,8
3033999943.0,"MPP Romano, province doing 'very best to thwart'Sault getting safe consumption site; 'Stigmatizing'drug use and debating 'right and wrong'is not the answer",Sault Star,2024-04-06,0
3032876102.0,Province must act on GHC proposed solutions: NDP's Stiles,Sault Star,2024-04-04,1
3031003002.0,Algoma U gets fewer international student permits,Sault Star,2024-04-02,3
3013922639.0,Health care gets budget cash; No consumption site for city,Sault Star,2024-03-28,1
2957826103.0,Romano must 'act quickly'to help heal primary care woes: Steelworkers,Sault Star,2024-03-16,1
2957825793.0,Canada's top-down control of health-care supply has 'sharply'limited foreign recruitment,Sault Star,2024-03-16,1
2957740333.0,DR. PETER CHOW: Canada's culture of top-down control of health-care supply has 'sharply' limited foreign recruitment,Sault Star,2024-03-15,1
2956997265.0,Safe consumption site bid still under development; Sault hopes addictions data will warrant local site,Sault Star,2024-03-14,8
2955976510.0,Liberals at Queen's Park show ignorance on guns and justice,Sault Star,2024-03-12,9
3126978115.0,"Universities, colleges face hard choices",Sault Star,2024-02-29,3
2930370946.0,Ghc Needs Help: Ndp; Ministry touts NOSM gains,Sault Star,2024-02-22,1
2927936059.0,Shoemaker wants help in opioid fight; Province again asked to assist,Sault Star,2024-02-17,8
2927059177.0,Supreme Court should have decided Bill 124 case,Sault Star,2024-02-15,20
2927058455.0,Mantha targets benefit improvements to Northern Health Travel Grant Program; Bill 13 set for second reading,Sault Star,2024-02-15,1
2923732321.0,Sault Ste. Marie 'single largest community' supported regularly by Hope Air for medical travel,Sault Star,2024-02-08,1
2921623253.0,"Allow patients to pay for private care, veteran sault md says",Sault Star,2024-02-03,1
2921034798.0,'I am going to focus on actual solutions'; Sault MPP Romano to convene committee to examine physician shortages,Sault Star,2024-02-01,1
3170778614.0,"Niagara politicians endorsement of premier concerning, says Mac prof",The Standard,2025-02-25,0
3170771383.0,"Tories failed on housing crisis, challengers argue:   Liberal Kapur, NDP's Augustyn promote their parties' plans",The Standard,2025-02-25,0
3170771334.0,Gates 'stooping too low' says Liberal challenger:   Kapur acknowledges she made donations to PC and NDP candidates,The Standard,2025-02-25,0
3168222632.0,Commuters in Niagara drive debate in election campaign:   Candidates agree more needs to be done to accommodate growing population in region,The Standard,2025-02-19,0
3167861524.0,"Hate growing toward Niagara newcomers, candidates agree:   Conservative blasted for skipping debate",The Standard,2025-02-18,3
3166972000.0,Candidates share no Valentine's love for PC hopeful,The Standard,2025-02-15,0
3165674290.0,"It's time to close Marineland permanently, MPP Gates says:   'Let's bring in something different that doesn't include animals'",The Standard,2025-02-12,16
3165304557.0,Stiles vows to restore urgent care in south Niagara:   MPP Jeff Burch takes shots at Tory rival Bill Steele,The Standard,2025-02-11,0
3164932463.0,Ford pledges $35 million for Shaw Festival theatre during second Niagara campaign stop:   Tories promise to invest $50M to purchase H-135 helicopters to detect more illegal activity at border crossings,The Standard,2025-02-10,-1
3162729388.0,"City must consult Indigenous communities in encampment talks, Vanderklis says",The Standard,2025-02-03,4
3162729274.0,"Niagara's big 3 mayors back Ford:   'It's not a good time to experiment,' Diodati says",The Standard,2025-02-03,0
3162112151.0,Ford announces proposal to widen QEW in Niagara:   Premier says work on highway would employ thousands in region,The Standard,2025-02-01,0
3161713280.0,"Three candidates on leave from council in bid to become MPP:   Nieuwesteeg, Steele, Sorrento taking unpaid absences while McPherson to donate pay",The Standard,2025-01-31,0
3161406271.0,Meet Niagara's Ontario election candidates - so far:   Three of 16 spots for the four major parties remained open Wednesday,The Standard,2025-01-30,0
3160792049.0,"Grimsby's GO station on track for construction:   As election looms, province announces building contract will be awarded in spring",The Standard,2025-01-29,17
3160791996.0,Truckers pulled over in response to Trump threats:   Project targets commercial haulers headed for border crossings,The Standard,2025-01-29,0
3159624153.0,"With election call coming, some Niagara nominee slots still open:   All four incumbents will run again with election expected on Feb. 27",The Standard,2025-01-25,0
3159623473.0,Ford to call snap election next week:   Premier says he needs 'big mandate' for Feb. 27 vote as he vows to fight Trump tariffs,The Standard,2025-01-25,0
3155986167.0,"Much more money needed to help homeless, New Democrat MPPs say:   'How can you walk past people sleeping on concrete and feel good?': Stevens",The Standard,2025-01-16,4
3147642373.0,Bradley guns for funding to offset rising police costs,The Standard,2024-12-21,4
3147380547.0,"New Ontario Science Centre delayed to 2029, auditor general says",The Standard,2024-12-20,12
3143664528.0,'They need action today':   MPP worries about Niagara's family physician shortage,The Standard,2024-12-13,1
3141356123.0,Solve the Crisis campaign topic of neighbourhood alliance to end homelessness,The Standard,2024-12-06,4
3141355655.0,Ford ready to override courts and 'dismantle' homeless encampments:   Could give 'enhanced powers' to municipalities and police,The Standard,2024-12-06,4
3140792527.0,Petition calls for action on crisis:   Condo owners support using notwithstanding clause to help deal with encampments,The Standard,2024-12-05,4
3133958897.0,'It's mind-boggling and it's deeply worrying':   Homeless advocates oppose possible use of notwithstanding clause,The Standard,2024-11-29,4
3132764193.0,"Ontario plan 'dangerous for our public hospitals':   Unions, health coalition rally against privatization",The Standard,2024-11-26,1
3132764008.0,"Province committed to 'big, bold' tourism plan:   Minister Stan Cho says region 'has not even come close to unleashing its full potential'",The Standard,2024-11-26,-1
3132035666.0,Welland won't apologize for MD recruiting success:   Campion says city won't stop despite calls for collaborative approach,The Standard,2024-11-23,1
3130583392.0,'Dangerous precedent' :   Four Niagara politicians oppose extra powers to deal with encampments,The Standard,2024-11-20,4
3129466424.0,"Catholic board welcomes audit:   Taxpayers should be paying attention, ex-Brock prof says",The Standard,2024-11-18,3
3129466146.0,"Workers say their goodbyes to Ontario Science Centre:   The 'magic is gone' from almost-empty building, leftover exhibits",The Standard,2024-11-18,12
3128943446.0,Police budget hiked 13.2%:   'What's the cost if we're not safe?' councillor asks,The Standard,2024-11-16,4
3128140245.0,Niagara Falls pushes for help with encampments:   Councillor warns of slippery slope if notwithstanding clause invoked,The Standard,2024-11-14,4
3126871253.0,"Notwithstanding clause would give cities tools to deal with encampments: Campion:   'I need to do what I think is right' for the city, mayor says",The Standard,2024-11-12,4
3126340676.0,Welland mayor joins call for power to deal with homeless encampments:   Campion says city needs more tools 'to create an effective and compassionate response',The Standard,2024-11-09,4
3125039721.0,Siscoe wants encampments out of 'inappropriate' places:   Mayor explains his support for province to use 'notwithstanding clause',The Standard,2024-11-07,4
3123253781.0,"Group wants answers on shortages of health supplies:   Piecing together supplies like 'patchwork quilt,' nurse says",The Standard,2024-11-02,1
3121512838.0,Ontario's vision for Niagara may not include Marineland:   'This is going to put the Niagara region on the map in ways it's never been done before',The Standard,2024-10-29,16
3119503350.0,"Fort Erie eyes independent hospital:   'I think we can do it better ourselves,' says town councillor in support of mayor's motion",The Standard,2024-10-23,1
3118626670.0,"MPPs lay out their priorities for fall session at Queen's Park:   Health care, housing and affordability top issues for Niagara's New Democrat MPPs as provincial legislature resumes this week",The Standard,2024-10-21,-1
3117870325.0,Skyway twinning to be fast-tracked:   'Around the clock' construction of Garden City bridge planned,The Standard,2024-10-18,-1
3117297363.0,'Cyclists at greater risk':   MPP says provincial officials should 'stay in their own lane',The Standard,2024-10-17,5
3114754974.0,Beluga death is fourth in a year at Marineland:   Ontario saying little about progress of probe into park,The Standard,2024-10-10,16
3114392426.0,"NDP leader promises full-service hospital with 24/7 ER in Welland:   Marit Stiles also vowed to retain urgent care centres in Port Colborne, Fort Erie if elected",The Standard,2024-10-09,1
3108515676.0,"Anti-gridlock act 'goes against everything,' cyclist says:   Proposed law 'completely going backwards in almost every aspect you can think of'",The Standard,2024-09-24,5
3104427870.0,Fort Erie plant gets deal to assemble OPP helicopters:   Ford makes announcement as company celebrates 40 years in Canada,The Standard,2024-09-14,9
3100438930.0,'Turning grief into action':   Niagara advocates vow to continue fighting on overdose awareness day,The Standard,2024-09-04,8
3098162550.0,"Campaign calls for more crisis support:   City council endorses Ontario's Big City Mayors resolution to to help address homelessness, mental health, addictions crisis",The Standard,2024-08-29,4
3096852903.0,Ontario parties spend summer preparing for possibility of an early election,The Standard,2024-08-26,0
3095396195.0,Shipyard gets piece of $10M for skills training:   Ontario Shipyards gets a boost from fund that cuts risk for employers,The Standard,2024-08-22,-1
3091093830.0,"One year later, Ford's tone has shifted:   Premier may be ready to move on, but political opponents aren't and an investigation continues",The Standard,2024-08-10,18
3083464586.0,A look at one year of strong mayor powers:   Siscoe says reaction mostly positive,The Standard,2024-07-23,4
3067797147.0,Niagara MPPs weigh in on largest cabinet in province's history:   Retired political science prof says cabinet size could be sign early election on horizon,The Standard,2024-06-14,-1
3067262558.0,Stevens takes shot at Oosterhoff for 'lack of investment' in local tourism,The Standard,2024-06-13,0
3057618549.0,Gates pressing for caregiver compensation,The Standard,2024-05-22,1
3053439012.0,GO train service among priorities for Niagara:   Regional officials to meet with provincial leaders to highlight concerns,The Standard,2024-05-11,-1
3052470316.0,"MPP wants financial help for province's caregivers:   More than 3.3 million providing unpaid care for family, friends",The Standard,2024-05-09,1
3050053492.0,"Effectiveness of student cellphone ban questioned:   Major issues such as classroom violence mental health ignored, says teachers' union boss",The Standard,2024-05-03,-1
3044243759.0,"Niagara Health welcomes wage increases for front-line staff:   CUPE, SEIU workers will see six per cent salary increase over two years",The Standard,2024-04-24,1
3038313799.0,Family absolutely furious over fine for not moving to LTC,The Standard,2024-04-15,1
3031567320.0,"More than just reannouncements for Niagara in provincial budget:   There's also record-breaking deficit, Niagara opposition MPPs say of Ford government spending",The Standard,2024-04-04,2
2957705364.0,"Explaining Ontario's big bucks housing rollout:   The Building Faster Fund rewards municipalities based on overall targets, but it's complicated",The Standard,2024-03-16,10
2928800343.0,"Move of ServiceOntario slap in the face, MPP says",The Standard,2024-02-21,19
2921975793.0,"Hundreds rally outside PC policy conference:   Rural health care really does matter, says Heather Kelley of the Save Fort Erie Hospital SOS campaign",The Standard,2024-02-05,1
2921461031.0,Labour leaders will take concerns 'to the doorstep' of Ford:   'We're going to tell the truth about what's really happening in our communities',The Standard,2024-02-03,20
2919312109.0,Ontario PC policy conference on its way to Niagara Falls,The Standard,2024-01-29,0
2915521371.0,'You need decent staff to serve the public':   ServiceOntario contractor Klaudia Savona warns Staples may not be able to handle 'complicated' licence issues,The Standard,2024-01-17,19
2914626449.0,"Office relocation worries residents, MPP says:   Burch 'frustrated' by move of ServiceOntario in Welland",The Standard,2024-01-15,19
3172324024.0,Michael Taube: May Doug Ford's third majority win herald an era of fiscal conservatism,Sudbury Star,2025-02-26,0
3171101073.0,"Candidates talk health, Northern advocacy, effectiveness of opposition",Sudbury Star,2025-02-25,0
3171100479.0,Bringing costs down top priority for west,Sudbury Star,2025-02-25,0
3171100346.0,PCs say they are making 'historic investments' in LTC,Sudbury Star,2025-02-25,1
3171099604.0,Make Laurentian University Ontario's mining champion; Ontario election It's one of David Robinson's four pillars as the Green Party candidate for the Sudbury riding,Sudbury Star,2025-02-25,0
3171099277.0,"Ford promises action on Highway 69, Ring of Fire during Sudbury stop; Premier welcomes endorsement of electrical workers rep while visiting union hall",Sudbury Star,2025-02-25,-1
3171099169.0,"Ontario election: Will Doug Ford's blue wave envelop Sudbury?; The PCs last held the riding almost 40 years ago but analysts are predicting a close race with the NDP. Meanwhile, housing, health care and boosting mining are top city concerns",Sudbury Star,2025-02-25,0
3170554550.0,"Ford promises action on Highway 69, Ring of Fire during Sudbury stop",Sudbury Star,2025-02-24,13
3170591720.0,Lilley: Doug Ford is dominating on top issues for voters,Sudbury Star,2025-02-23,0
3169870234.0,"Sudbury candidates talk health, Northern advocacy, effectiveness of opposition",Sudbury Star,2025-02-23,0
3169666854.0,"Blue Party pro-life, would cut taxes, DiVincenzo says; Ontario election",Sudbury Star,2025-02-22,0
3169666843.0,"Ontario election: Nickel Belt voters feel ignored, abandoned; 'Some of the tidbits they give us are exactly that - tidbits,' says French River Mayor Gisele Pageau",Sudbury Star,2025-02-22,1
3169666813.0,"Ontario election: In Sudbury, unions talk about long-term care",Sudbury Star,2025-02-22,1
3168908326.0,"More Doctors, Safer Highways NDP Priorities; Ontario Election",Sudbury Star,2025-02-20,0
3168138144.0,"Greens promise doctors, affordable homes, tax cuts; Ontario Election",Sudbury Star,2025-02-18,-1
3167233376.0,"NDP Leader lays out plan for more docs, relief on grocery bills; Marit Stiles unveils Northern Ontario platform during stop at Science North in Sudbury",Sudbury Star,2025-02-15,0
3167233361.0,Ontario election: Widening Highway 69 a 'long-term goal' - NDP; Court file,Sudbury Star,2025-02-15,5
3167233137.0,"Leaders spar over housing in Northern Ontario debate; Ontario election 'Where are the homes, Doug? Because they're not in our communities. They're not in northern communities'",Sudbury Star,2025-02-15,-1
3167186756.0,Ontario election: Leaders spar over housing in Northern Ontario debate,Sudbury Star,2025-02-14,-1
3167041051.0,Ontario election: Party leaders set to debate Northern Ontario issues; follow our live blog,Sudbury Star,2025-02-13,0
3166373269.0,"Ford cleaning up with union backing, polling",Sudbury Star,2025-02-13,-1
3166373204.0,Prominent Sudbury Liberal endorses PC candidate; In brief,Sudbury Star,2025-02-13,0
3165591617.0,No quick fix coming for Ontario doctor shortage,Sudbury Star,2025-02-11,1
3165591600.0,"Choudhry to run for the Liberals in Sudbury; Ontario election Four people now running in the riding, now held by Jamie West for the NDP",Sudbury Star,2025-02-11,0
3165611432.0,"LILLEY: Ford cleans up with union endorsements, strong polling",Sudbury Star,2025-02-10,-1
3165450144.0,Ontario election: Washington-bound Ford talks tough on China,Sudbury Star,2025-02-10,0
3165147187.0,Chris Selley: Fantasy tunnel and a war on tolls look bad on Ford's solid transportation record,Sudbury Star,2025-02-09,13
3164731620.0,Situation at Sudbury's hospital frightens veteran health-care worker; Union leaders say Health Sciences North needs $22 million and 54 new beds 'right now' to end hallway medicine and a jammed ER,Sudbury Star,2025-02-08,1
3164143811.0,Sudbury PC candidate says 'we need a seat' in government,Sudbury Star,2025-02-06,0
3163599116.0,"LILLEY: Despite reprieve, tariffs will eventually hit Ontario's auto industry",Sudbury Star,2025-02-05,0
3163598757.0,"Doug Ford leads in Ontario election, but Trump's tariffs aren't first priority for voters: poll",Sudbury Star,2025-02-04,0
3163298095.0,Make Ontario election a vote on health care; Doug Ford says its all about Trump. Don't believe the PC leader's ploy; Make Ontario election a vote on health care; Doug Ford says its all about Trump. Don't believe the PC leader's ploy,Sudbury Star,2025-02-04,0
3163308934.0,Chris Selley: Ontario's adventures through Donald Trump's looking glass,Sudbury Star,2025-02-03,0
3163259753.0,Trump's threatened trade war doubles PC lead in Ontario election race: Poll,Sudbury Star,2025-02-03,0
3162490744.0,"Ford's early election call 'makes no sense:' Northern Ontario analyst; If the Conservatives lose seats, it will weaken premier's argument he needs a strong mandate to deal with U.S. tariffs, David Tabachnick says",Sudbury Star,2025-02-01,0
3162377886.0,Details scarce on Doug Ford's $1B police college promise,Sudbury Star,2025-01-31,-1
3162377907.0,Doug Ford promises $1B for skills development to protect 'good jobs',Sudbury Star,2025-01-30,0
3161646846.0,Ontario election 2025: What you need to know to vote; The Sudbury and Nickel Belt ridings are now held by the NDP,Sudbury Star,2025-01-30,0
3161956846.0,Haven't got your $200 Ontario cheque yet? Don't panic,Sudbury Star,2025-01-29,2
3161556940.0,Chris Selley: Dangers are lurking in Doug Ford's Ontario election experiment,Sudbury Star,2025-01-29,0
3161555889.0,AND THEY'RE OFF: Party leaders launch Ontario election campaigns,Sudbury Star,2025-01-29,0
3161531339.0,"John Ivison: Tariffs should get us thinking differently, but Ottawa lacks the mental capacity",Sudbury Star,2025-01-29,0
3161501901.0,Ontario election 2025: What you need to know to vote,Sudbury Star,2025-01-29,0
3161373435.0,LILLEY: Provincial party leaders make case to voters with Trump tariffs at forefront,Sudbury Star,2025-01-29,0
3161374147.0,Ontario election: Doug Ford's Trump gamble not without big risks,Sudbury Star,2025-01-28,0
3161374135.0,Deachman: Provincial government is more important than any other,Sudbury Star,2025-01-28,0
3161374134.0,Randall Denley: Just attacking Doug Ford won't bring the victory Ontario Liberals think it will,Sudbury Star,2025-01-28,0
3161373454.0,Anthony Furey: Doug Ford readies to bulldoze NDP and Liberals,Sudbury Star,2025-01-28,0
3160873483.0,Sudbury letter: Surprise Doug Ford and vote him out of office,Sudbury Star,2025-01-28,0
3160670788.0,Province to open addiction treatment hub in Greater Sudbury by April; Homelessness and Addiction Recovery Treatment (HART) hubs are the province's response to the drug crisis,Sudbury Star,2025-01-28,8
3160670689.0,Surprise Doug Ford and vote him out of office,Sudbury Star,2025-01-28,0
3160616448.0,LILLEY: Ford has flurry of announcements before election call,Sudbury Star,2025-01-27,0
3160615991.0,Trumped: What to know about Ontario's looming snap election,Sudbury Star,2025-01-27,0
3159700914.0,Five things to know about that $200 Ontario cheque in your mailbox,Sudbury Star,2025-01-24,2
3159530202.0,Randall Denley: Ontario's big EV gamble just lost everything to Trump,Sudbury Star,2025-01-23,0
3156827078.0,Randall Denley: Calling an Ontario election is tempting but Ford must resist the urge,Sudbury Star,2025-01-16,0
3154284629.0,Supreme Court of Canada could hear 'generation-defining'climate case; One of the key players opposing the Ford government is Sophia Mathur of Sudbury,Sudbury Star,2025-01-11,11
3154284578.0,"Lively man tries in vain to bring Nigerian doc to Sudbury; Foreign-trained physicians face too many barriers at a time when we could really use them, he argues",Sudbury Star,2025-01-11,1
3154284460.0,"Northern Ontario disproportionally impacted by homeless crisis: Report; Population of unhoused has shot up threefold over eight years, study finds",Sudbury Star,2025-01-11,4
3154130506.0,Supreme Court of Canada could hear 'generation-defining' climate case,Sudbury Star,2025-01-10,11
3153326082.0,Gelinas to run once again for the Ontario NDP in Nickel Belt; She has won every provincial election since 2007,Sudbury Star,2025-01-09,0
3153325780.0,"Sudbury's transitional housing project lacking, report suggests; Ontario's auditor general says province's decision to remove harm-reduction tools, such as safe consumption, is flawed and dangerous",Sudbury Star,2025-01-09,8
3152323409.0,Sudbury taxpayers will help pay for underwater parking lot in Toronto,Sudbury Star,2025-01-07,16
3151435986.0,Randall Denley: How Justin Trudeau ruined Doug Ford's plan for an early election,Sudbury Star,2025-01-02,0
3145268188.0,Baranyai: Ford tramples vulnerable to appease privileged,Sudbury Star,2024-12-14,4
3144183971.0,Ford decrees he's ready to 'cut off' power exports to U.S,Sudbury Star,2024-12-12,0
3141997025.0,Doug ford is leading the way; Opinion,Sudbury Star,2024-12-07,-1
3141996650.0,Provincial program to add four family doctors in Sudbury next year,Sudbury Star,2024-12-07,1
3141293907.0,"Sudbury advocate - now a mom - cheers improved fertility services in city; Nickel Belt MPP, however, says the Ford government needs to do a lot more to give Northern Ontario families full access",Sudbury Star,2024-12-05,-1
3134433189.0,"Liberals, Ford government squabble over family doctors in Sudbury; Opposition leader says leaked report shows more than a quarter of Sudburians don't have a family doctor; government says that's misleading",Sudbury Star,2024-11-30,1
3128481387.0,Sudbury needs to get government members,Sudbury Star,2024-11-14,0
3126479941.0,Downtown Sudbury group backs mayor on dealing with addiction crisis; It also calls for provincial funding for the city's nowshuttered safe consumption site,Sudbury Star,2024-11-09,4
3126407178.0,Downtown Sudbury group backs mayor on dealing with addiction crisis,Sudbury Star,2024-11-08,4
3124210148.0,"'People are dying. I'm tired of it,'Greater Sudbury's mayor says; He and other mayors in Ontario want to force drug addicts into treatment, if necessary, because the 'status quo is not working'",Sudbury Star,2024-11-05,4
3122816028.0,"Trojan Horse visits HSN to protest privatization of surgeries; Hospital unions, health coalition demand investment in public hospitals",Sudbury Star,2024-10-31,1
3122707503.0,"Opposition slams Ontario's fall economic statement, while industry groups offer praise",Sudbury Star,2024-10-30,2
3122707439.0,"Few surprises, but big investments, in Ontario fall economic statement",Sudbury Star,2024-10-30,2
3122305665.0,LILLEY: Ford hopes 'Dougie Dollars' will keep taxpayers happy,Sudbury Star,2024-10-29,2
3121816263.0,"Provincial water funding historic, Greater Sudbury mayor says; Premier Doug Ford says money to expand water system will clear the way for the construction of 3,300 new homes",Sudbury Star,2024-10-29,10
3121816005.0,"Ford's bike lane promise so popular, opposition won't attack",Sudbury Star,2024-10-29,5
3121627216.0,"Provincial water funding historic, Greater Sudbury mayor says",Sudbury Star,2024-10-28,-1
3113372189.0,Sudbury MPP now the NDP's critic for mining,Sudbury Star,2024-10-05,0
3112951789.0,LILLEY: Ontario voters still back Ford over Stiles and Crombie,Sudbury Star,2024-10-03,0
3110869983.0,Sudburians 'fed up' with what's happening in Ontario: labour leaders; The president of the Ontario Federation of Labour holds town hall meeting with union members in Sudbury,Sudbury Star,2024-09-28,1
3110869904.0,Jamie West to run again for the NDP in the Sudbury riding; Labour activist first elected in 2018,Sudbury Star,2024-09-28,0
3108429212.0,Next election tops agenda as Ontario Liberals gather in London,Sudbury Star,2024-09-22,0
3107293706.0,LILLEY: Official record shows Ford increased Ontario spending,Sudbury Star,2024-09-19,2
3103494271.0,"'A horrible way to experience health care': Hallway medicine not going away, despite political promises",Sudbury Star,2024-09-11,1
3102812541.0,"Sudbury needs 1,400 more hospital beds, union says; Union researcher also says Ontario needs billions more in health-care spending, 34,000 additional staff and 4,600 new hospital beds",Sudbury Star,2024-09-10,1
3097644925.0,"Debt Clock comes to Sudbury, sounding alarm about Ontario's $400-billion debt",Sudbury Star,2024-08-27,2
3097644047.0,Press new education minister to fix Ontario's schools,Sudbury Star,2024-08-27,3
3096245086.0,JAY GOLDBERG: Ford's massive cabinet reflects lack of respect for taxpayers,Sudbury Star,2024-08-22,3
3095522756.0,Decision to restrict safe consumption sites angers Northern MPPs,Sudbury Star,2024-08-20,8
3095156690.0,"NDP would create ministry to deal with homelessness, municipal leaders told",Sudbury Star,2024-08-20,4
3093599090.0,JAY GOLDBERG: Ontario gas-tax cut needs to be made permanent,Sudbury Star,2024-08-15,2
3091244424.0,"Dynamic Earth to build $3.27M facility to train future mine, skil led workers; It would process up to 35,000 youth and apprentices over five years, provincial government says",Sudbury Star,2024-08-10,-1
3082836093.0,"'Slap in the face for workers' - West, NDP call on government to rescind 'scab' job postings",Sudbury Star,2024-07-19,0
3082474192.0,Ontario's groundbreaking plan; Local media needs support at all levels,Sudbury Star,2024-07-18,-1
3079531151.0,JAY GOLDBERG: Ford must allow grocery stores to sell all alcohol during LCBO strike,Sudbury Star,2024-07-11,7
3072123569.0,Gelinas asks for action on defibrillato act; Local briefs,Sudbury Star,2024-06-25,1
3071191613.0,Faith leaders call on Ford to fund safe consumption sites,Sudbury Star,2024-06-22,8
3071358730.0,Act now on intimate partner violence law: NDP leader calls out Ford,Sudbury Star,2024-06-20,-1
3065468997.0,Adam: Doug Ford had no business going after immigrants,Sudbury Star,2024-06-06,3
3064443334.0,Crombie's false booze claims show her taxand-spend Liberal roots,Sudbury Star,2024-06-04,-1
3061489022.0,"LILLEY: No, Doug Ford isn't about to call an early election",Sudbury Star,2024-05-28,0
3060981802.0,"Ford delivers on beer and wine promise, but with a catch",Sudbury Star,2024-05-28,6
3059980733.0,"LILLEY: Ford delivers on beer and wine promise, but with a catch",Sudbury Star,2024-05-24,6
3053001022.0,Opposition leaders outline priorities at Sudbury event; Crombie and Stiles share their visions for Ontario at FONOM conference,Sudbury Star,2024-05-09,0
3047728210.0,NDP vow to defy 'unjust rule' if Premier won't overturn Queen's Park keffiyeh ban,Sudbury Star,2024-04-27,14
3042430628.0,Baranyai: Ford's reversals show citizens can effect change,Sudbury Star,2024-04-20,0
3039698327.0,"Ford's PCs hold commanding lead, Liberals steal NDP support",Sudbury Star,2024-04-16,0
3038014231.0,Ford's policies destroying health care in North: Gelinas; In Brief,Sudbury Star,2024-04-13,1
3037660757.0,"LILLEY: Ford's PCs hold commanding lead, Liberals steal NDP support",Sudbury Star,2024-04-11,0
3037046046.0,Ford's policies destroying health care in North: Gelinas,Sudbury Star,2024-04-10,1
3033042661.0,LILLEY: York University's new medical school offers prescription for sustainability,Sudbury Star,2024-04-03,0
3020311749.0,"Health Sciences North leads the $100,000 club in Sudbury; Province releases its so-called Sunshine List; the top earner in Sudbury is the dean of the medical school",Sudbury Star,2024-03-30,-1
3019906715.0,LILLEY: Ford's bloated government gives every PC MPP but one a raise,Sudbury Star,2024-03-29,0
2968949578.0,Doug Ford on Ottawa's carbon tax: 'Don't know what the guy is smoking up there',Sudbury Star,2024-03-19,15
2956881480.0,NDP leader urges Ontario government to ban fees for access to primary care,Sudbury Star,2024-03-13,1
2955977018.0,"Patients without a family doctor to double in Sudbury, northeast by 2026; 'We know we can reverse this trend, but the province needs to see this as a major health care crisis'",Sudbury Star,2024-03-12,1
2955976443.0,Liberals at Queen's Park show ignorance on guns and justice,Sudbury Star,2024-03-12,9
2933295693.0,"Universities, colleges face hard choices",Sudbury Star,2024-02-29,3
2930957883.0,Private hospitals prosper while public ones starved: Health coalitions,Sudbury Star,2024-02-22,1
2927051938.0,Supreme Court should have decided Bill 124 case,Sudbury Star,2024-02-15,20
2921619526.0,"NDP continues to support French university in Sudbury; Ford government 'buried' report showing such a school would succeed, NDP leader Marit Stiles says",Sudbury Star,2024-02-03,0
2921294616.0,WARMINGTON: Crime in Ontario so rampant premier's friends sleep with 'baseball bats',Sudbury Star,2024-02-01,9
2921034241.0,Community groups tell budget hearing they need more money,Sudbury Star,2024-02-01,1
2912166526.0,Ford ignoring alarm bell on delays: Gelinas; Local briefs,Sudbury Star,2024-01-09,1
3171354686.0,"Doug Ford's Tories poised to win another majority, poll suggests",Toronto Star,2025-02-26,0
3171235191.0,Four more years of Ford will bring regret fo r decades,Toronto Star,2025-02-26,0
3171235107.0,One quarter of Toronto's condos now exempt from rent control as rents continue to soar,Toronto Star,2025-02-26,10
3171234831.0,Vote for change,Toronto Star,2025-02-26,0
3171234743.0,"It's not his record, and it's not his platform. But there's a reason Doug Ford keeps winning",Toronto Star,2025-02-26,0
3171234536.0,"No matter who wins, make your vote count",Toronto Star,2025-02-26,0
3171232987.0,Crombie touts Carney's experience:   Provincial leader says former BoC governor best bet to stand up to Trump,Toronto Star,2025-02-26,0
3171232776.0,"A lingering housing crisis:   Despite pledge to build, province lags on starts",Toronto Star,2025-02-26,10
3171231721.0,Oakville councillors blindsided as Ford government steps in with plan for developers' stalled condo project,Toronto Star,2025-02-26,21
3171230547.0,Ford's son-in-law faces police misconduct claims:   Officer allegedly sent confidential information to wife,Toronto Star,2025-02-26,-1
3171483061.0,I fact checked what Doug Ford said for a week during the Ontario election. Here's how many false claims he made,Toronto Star,2025-02-25,0
3170797266.0,Ford's 'get it done' slogan rings hollow,Toronto Star,2025-02-25,4
3170778914.0,Ford vows $40B in spending to offset U.S. tariffs:   Tory leader admits province will continue to bleed red ink for foreseeable future amid trade war,Toronto Star,2025-02-25,0
3170778910.0,"Rollback puts 5,000 affordable homes at risk:   Ford adjusted mandates on eve of early election call",Toronto Star,2025-02-25,10
3170240652.0,Ontario polls suggesting victory for Doug Ford with only days to go before provincial vote,Toronto Star,2025-02-24,0
3169999478.0,meet the leaders,Toronto Star,2025-02-24,0
3169989950.0,Ford's popularity persists despite blunders,Toronto Star,2025-02-24,-1
3169989931.0,For-profit health care is not worth the cost,Toronto Star,2025-02-24,1
3169989190.0,'We are going in the wrong direction':   Why last year saw Ontario burn a record amount of natural gas,Toronto Star,2025-02-24,11
3169989182.0,Clothes make the candidate:   Party leaders rely on visual cues to get messages across,Toronto Star,2025-02-24,0
3169989059.0,A worsening reality puts patients at risk:   Cancer patient spent 40 hours in the emergency department waiting for treatment. It was the most dangerous place she could be,Toronto Star,2025-02-24,1
3169792162.0,"Trump's tariffs shine a light on our vulnerability and why Ontario needs more to sell, not just more markets",Toronto Star,2025-02-23,0
3169737963.0,Will Ford squander his chance at greatness?,Toronto Star,2025-02-23,0
3169737960.0,Stiles struggling to make her voice heard,Toronto Star,2025-02-23,0
3169737926.0,"No one cares about the Ontario election. Was that Ford's plan?:   In a recurring feature, Susan Delacourt, a small-l liberal, and Matt Gurney, a small-c conservative, bring their different perspectives - and shared commitment to civil disagreement - to the political debates of the moment.",Toronto Star,2025-02-23,0
3169368753.0,A guide to the most dramatic ridings:   Key races to watch include Liberal leader's attempt to win seat in Mississauga East-Cooksville,Toronto Star,2025-02-22,0
3169364551.0,Quiz answers,Toronto Star,2025-02-22,0
3169364522.0,"As Doug Ford's lead narrows, the trash talking ramps up. What else you know about the Ontario election?",Toronto Star,2025-02-22,0
3169359866.0,The choice on housing:   Ontario is in the midst of a housing crisis. Which party has the best plan to fix it?,Toronto Star,2025-02-22,10
3169359716.0,"Debating 'a fantasy,' finding MDs for all and jet-set lobbying:   Five top takeaways from the campaign trail this week",Toronto Star,2025-02-22,-1
3169359559.0,The choice on schools:   Our kids need more teachers. Whether they get them depends on how we vote,Toronto Star,2025-02-22,3
3169359553.0,The choice on the economy:   The leaders have very different visions for how to help Ontarians avert disaster and get ahead,Toronto Star,2025-02-22,0
3169359523.0,News Quiz,Toronto Star,2025-02-22,0
3169359518.0,ER wait times worsened under Ford's leadership:   Internal provincial report shows 'hallway medicine' has increased despite promises,Toronto Star,2025-02-22,1
3169359515.0,"Can Ontario afford more Ford?:   Please: Anyone but Doug Ford, Feb. 14 With the provincial election just days away, readers sound off on PC leader's record",Toronto Star,2025-02-22,0
3169359500.0,The choice on health:   Every party has a plan to address Ontario's dire doctor shortage. Here's how they stack up,Toronto Star,2025-02-22,1
3169359482.0,"Ford back in Washington to win allies:   PC leader renews appeal to U.S. lawmakers about Trump's tariffs, but admits it's a daunting task",Toronto Star,2025-02-22,0
3169359477.0,Experts weigh in on Ford's 401 tunnel:   The Star asked transit professionals about PC leader's idea to improve GTA traffic,Toronto Star,2025-02-22,13
3169163151.0,Frustrated Doug Ford admits it's tough convincing U.S. lawmakers to fight Donald Trump's tariffs,Toronto Star,2025-02-21,0
3169001221.0,Meet the leaders,Toronto Star,2025-02-21,0
3169001131.0,"Trump reinforces his threats of tariffs, 51st state:   Spoke to governors on eve of Ford's meeting with them",Toronto Star,2025-02-21,0
3168997007.0,Crombie blames Ford for economic woes:   PC leader says he'll drop trade barriers between provinces,Toronto Star,2025-02-21,0
3168996989.0,Stellantis jobs at risk after new plant paused:   Brampton facility's future unclear as EV subsidies wane,Toronto Star,2025-02-21,-1
3168996790.0,Crombie playing catch up to Ford,Toronto Star,2025-02-21,0
3169244332.0,"Ontario election promise tracker: From Trump tariffs to plans for the Science Centre, here's what every provincial party leader is pledging",Toronto Star,2025-02-20,0
3168743337.0,I fact checked everything NDP Leader Marit Stiles said for a week during the Ontario election. Here's how many false claims she made,Toronto Star,2025-02-20,0
3168617271.0,"Advertisements to Americans should help Ontario, not Ford",Toronto Star,2025-02-20,-1
3168615971.0,Crombie slams Ford over attacks:   Liberal leader accuses PC leader of slinging 'mud' and ducking public events as election nears,Toronto Star,2025-02-20,0
3168374758.0,Got a text from an Ontario election candidate? Here's what Ontario's privacy watchdog says about unsolicited messages,Toronto Star,2025-02-19,0
3168374051.0,We asked three experts about Doug Ford's plan to build a Highway 401 tunnel. Here's why it won't stop congestion and why you might be retired before it's done,Toronto Star,2025-02-19,13
3168222602.0,"Liberals, NDP court progressives:   Crombie, Stiles tell voters they're the best option to beat Ford's PCs ahead of advance polls",Toronto Star,2025-02-19,0
3167861958.0,"Ford appears ready to spend, but not on fixing homelessness",Toronto Star,2025-02-18,4
3167861467.0,"Ontario Liberals, NDP best to unite",Toronto Star,2025-02-18,0
3167861455.0,"Ford, Crombie spar on taxes, tunnel:   PC leader often on defensive during debate as rivals point to housing, affordability, Ontario Place",Toronto Star,2025-02-18,0
3167861397.0,Ford survives to battle another day,Toronto Star,2025-02-18,0
3167861053.0,"Poll suggests tighter race, but Ford still well ahead:   Liberals jump four points as Feb. 27 election nears",Toronto Star,2025-02-18,0
3167860957.0,Key takeaways from the leaders' debate,Toronto Star,2025-02-18,0
3167751769.0,Doug Ford has money for $200 cheques and a 401 tunnel - where are the funds to address homelessness?,Toronto Star,2025-02-18,4
3167578275.0,Stage set for the main debate:   Four party leaders ready for 90 minutes of televised verbal jousting,Toronto Star,2025-02-17,0
3167577940.0,"What do experts, data say about Ford's economy?:   Not everyone agrees premier has made all the right moves",Toronto Star,2025-02-17,-1
3167577820.0,"Crombie, Stiles hard-pressed to gain much ground on Ford",Toronto Star,2025-02-17,0
3167577770.0,"Is this election being overshadowed?:   Voters likely paying attention to Trump, Gaza or other news",Toronto Star,2025-02-17,0
3167313100.0,What's disturbing about Ford's gaffes,Toronto Star,2025-02-16,0
3167311533.0,Symbolic gesture or a photo op?:   How Ford's hastily arranged trip to Washington was received by Americans - and by election rivals,Toronto Star,2025-02-16,0
3167311434.0,A 'stain' on our child welfare system:   Star story brings new calls for inquiry in Neveah's death,Toronto Star,2025-02-16,-1
3166983218.0,Crombie stands by northern candidate:   Liberal joked about abusive behaviour in posts from 2014,Toronto Star,2025-02-15,0
3166982749.0,"Rivals take aim at Tories in debate:   Liberal leader splits with prior premiers as Green, NDP heads attack Ford in north-focused event",Toronto Star,2025-02-15,0
3166970297.0,"Please: Anyone but Doug Ford:   His stunning failure to address the crises in housing, health care, education and more means he's unfit to lead, writes Justin Ling",Toronto Star,2025-02-15,0
3166970290.0,Liberals and NDP a candidate short:   Tough talk on trade and health care on campaign trail,Toronto Star,2025-02-15,0
3166970235.0,"No more mandates for Doug Ford:   Ontarians need confidence and stability right now, not another election",Toronto Star,2025-02-15,2
3166747110.0,Trump's latest tariff threats + Doug Ford calling for the return of the death penalty,Toronto Star,2025-02-14,0
3166471151.0,"Ford called for return to capital punishment:   'Send 'em right to sparky,' PC leader said in campaign speech at London police gala",Toronto Star,2025-02-14,9
3166471120.0,Please: Anyone but Doug Ford,Toronto Star,2025-02-14,10
3166468464.0,"Ford accused of breaking ethics rule:   New Democrats claim PC leader 'blurred lines' between campaigning, governing with online ad",Toronto Star,2025-02-14,0
3166084042.0,I fact checked everything Liberal Leader Bonnie Crombie said for a week. Here's how many false claims she made,Toronto Star,2025-02-13,1
3166084028.0,Ford ducks accountability in D.C. sideshow,Toronto Star,2025-02-13,0
3166082073.0,"Greens to build two million homes:   Liberals promise pay equity for health workers in hospitals, nursing homes and the community",Toronto Star,2025-02-13,-1
3166080906.0,Here's why your vote matters on Feb. 27,Toronto Star,2025-02-13,0
3165674350.0,"Ford's plans won't end congestion, experts argue:   Highway projects likely to result in minimal improvement - or possibly make it worse",Toronto Star,2025-02-12,13
3165674293.0,Greens include affordability in campaign,Toronto Star,2025-02-12,-1
3165674188.0,Ford denies U.S. trip a campaign stop:   Crombie says Progressive Conservative leader's sojourn breaks legislature's 'caretaker convention',Toronto Star,2025-02-12,0
3165673937.0,"Ford's 401 tunnel costly, unworkable",Toronto Star,2025-02-12,13
3165403833.0,"Ontario election 2025 promise tracker: From Trump tariffs to family doctors, here's what every provincial party leader is pledging",Toronto Star,2025-02-11,0
3165307464.0,"Ford blasts China ahead of U.S. trip:   PC leader would ban Chinese parts and firms from critical energy, mineral and infrastructure projects",Toronto Star,2025-02-11,0
3165305256.0,First Nation says it will safeguard enviro nment:   Chief says band has 'stayed on top of' Therme's spa plans,Toronto Star,2025-02-11,16
3165492312.0,Ontario election polls show Doug Ford's Progressive Conservatives far ahead of Bonnie Crombie's Liberals,Toronto Star,2025-02-10,0
3164932967.0,"Battle heats up, but campaign trail runs cold:   Canvassing in winter brings new challenges for candidates",Toronto Star,2025-02-10,0
3164789265.0,Don't let Ford off the hook,Toronto Star,2025-02-09,0
3164789232.0,A new prescription for primary care:   Kingston's 'health home' has attracted physicians and taken thousands off the doctor wait-list,Toronto Star,2025-02-09,1
3164789040.0,Grits target Ford in Super Bowl ads,Toronto Star,2025-02-09,0
3164584906.0,PC leader promises to tunnel under 401:   His opponents prefer to focus on adding doctors,Toronto Star,2025-02-08,13
3164584819.0,"Tories maintain healthy lead, poll finds:   Ford's gaffe about celebrating Trump's victory has so far had little effect with voting intentions",Toronto Star,2025-02-08,0
3164584612.0,$200 'tax rebate' cheques are being sent to dead Ontarians. Here's what to do if one lands in your mailbox,Toronto Star,2025-02-08,2
3164584534.0,"Bonnie Crombie must take a big swing on a health care election:   Getting caught up in tariff debates will only hurt the Liberals, writes Scott Reid. Better to focus on the things Ontarians care about: health care and affordability",Toronto Star,2025-02-08,0
3164584448.0,What the leaders of Ontario's political parties must to do with the election,Toronto Star,2025-02-08,0
3164584300.0,"Doug Ford has to convince Ontarians he is their protector:   Ford has to persuade voters that he is the best one to deal with the orange menace to our south, writes Jaime Watt",Toronto Star,2025-02-08,0
3164582955.0,"Ford is 'really confident' LRT will open this year:   Metrolinx says testing, commissioning is underway for Eglinton Crosstown line",Toronto Star,2025-02-08,17
3164582859.0,"Marit Stiles has to tell a great story:   This is less an election about policy and more about authenticity - something Marit Stiles can excel at, writes Robin V. Sears",Toronto Star,2025-02-08,0
3164229508.0,"Health care, homes in focus:   Crombie, Ford spar over physician shortage, Stiles vows 'real rent control'",Toronto Star,2025-02-07,1
3163709897.0,Rivals seize on Ford's hot mic blunder,Toronto Star,2025-02-06,0
3163706543.0,"Leaders roll out pricey promises:   Ford vows to trim 407 tolls, Stiles offers supportive housing, Crombie eyes disability payments",Toronto Star,2025-02-06,13
3163368205.0,Has this election hit a turning point?,Toronto Star,2025-02-05,0
3163368176.0,Tariff plans say more about Ford than his opponents,Toronto Star,2025-02-05,0
3163367644.0,Ford defends comment about Trump:   PC leader says he'll work 'with anyone' after he was caught on mic praising U.S. president's win,Toronto Star,2025-02-05,0
3163212527.0,Ontario party leaders are in lockstep on Trump's tariffs. That says more about Ford than anyone else,Toronto Star,2025-02-04,0
3163148983.0,A caretaker premier taking care of himself,Toronto Star,2025-02-04,0
3163148978.0,"Ford defends early election call:   Premier says he can manage Trump and campaign, will drop Starlink deal if tariffs imposed",Toronto Star,2025-02-04,0
3163272514.0,"Be alert for $200 'tax rebate' scams, Ontario warns",Toronto Star,2025-02-03,2
3162729337.0,Experts predicting low election turnout,Toronto Star,2025-02-03,0
3162729261.0,"As NDP targets tolls, is war on cars over?",Toronto Star,2025-02-03,13
3162729245.0,LCBO to remove U.S. booze from shelves,Toronto Star,2025-02-03,0
3162729244.0,Protecting what and from whom?,Toronto Star,2025-02-03,0
3162497240.0,Lacking a mandate has never stopped Ford from meddling,Toronto Star,2025-02-02,0
3162112222.0,"Snow boots, drill bits and rebar: How candidates are tackling Ontario's first winter election in decades",Toronto Star,2025-02-01,0
,Quiz answers,Toronto Star,2025-02-01,0
3162111854.0,News Quiz,Toronto Star,2025-02-01,0
3162111665.0,Some Ontarians report issues cashing cheques,Toronto Star,2025-02-01,2
3162110848.0,Ford's main opponents are successful and savvy in ways he can't imagine,Toronto Star,2025-02-01,0
3162110835.0,News Quiz by Benjamin Errett,Toronto Star,2025-02-01,0
3162110763.0,Ford doesn't want us to look at his record,Toronto Star,2025-02-01,0
3162110708.0,Ford hits the trail with a goal: stay on message:   Tory insiders point to key risk for leader,Toronto Star,2025-02-01,0
3162110656.0,Early election call may be worth cheering,Toronto Star,2025-02-01,0
3162110636.0,"Crombie slams Ford over transit:   Liberal leader says some TTC users 'just don't feel safe', calls for more investment in security",Toronto Star,2025-02-01,17
3162110620.0,Doug Ford swears he needs an unprecedented mandate to deal with Trump. What else has he said about the upcoming election?,Toronto Star,2025-02-01,0
3162110619.0,Ontario snowbirds worried their ballots won't arrive in time,Toronto Star,2025-02-01,0
3161901413.0,Doug Ford wants to protect us from Donald Trump. But who will protect us from Doug Ford?,Toronto Star,2025-01-31,0
3161713294.0,Ford warns Poilievre on EV subsidies:   PC leader says he expects Ottawa to keep supporting auto sector no matter who's elected PM,Toronto Star,2025-01-31,0
3161712733.0,What do our conservatives stand for?,Toronto Star,2025-01-31,0
3161994660.0,Ontario says half of the $200 'tax rebate' cheques have been mailed out. What to do if you're still waiting,Toronto Star,2025-01-30,2
3161409375.0,Ford has stripped himself of credibility,Toronto Star,2025-01-30,0
3161408723.0,Ford's daughter raising funds for husband's police hearing:   Officer faces misconduct charges for refusing vaccine,Toronto Star,2025-01-30,-1
3161408164.0,"Candidates spar over campaign issues:   Leaders trade blows on health care, economy in first day on hustings",Toronto Star,2025-01-30,0
3161406546.0,Tunnel plan is about to ruin a rare GTA transit success story,Toronto Star,2025-01-30,13
3161406455.0,How can you vote in Ontario's election while out of the province or country?,Toronto Star,2025-01-30,0
3161406291.0,Opponents can make Ford's move backfire,Toronto Star,2025-01-30,0
3160792824.0,Nobody asked for provincial vote,Toronto Star,2025-01-29,0
3160792329.0,"Chow eyes 'constructive solution':   Province hires engineering firm, while advocates call move 'a distraction'",Toronto Star,2025-01-29,5
3160792264.0,"Are Ford's opponents prepared for a campaign?:   With the legislature now dissolved, the PCs are the only party with a full slate of candidates",Toronto Star,2025-01-29,0
3160790607.0,Ford gets parties started:   Premier triggers Feb. 27 vote and Ontario's first winter campaign since 1981,Toronto Star,2025-01-29,0
3160790464.0,Ford's early election call nothing like Peterson's in 1990,Toronto Star,2025-01-29,0
3160453041.0,Balancing the budget and lowering taxes is the best way for the next Ontario government to deal with Trump,Toronto Star,2025-01-28,2
3160302972.0,Premier set to remove some city bike lanes:   Province using its power to reinstate vehicle lanes on three main downtown arteries,Toronto Star,2025-01-28,5
3160302962.0,Atwood backs motion for city autonomy:   More than 150 people support citizens' advisory board to explore becoming 'charter city',Toronto Star,2025-01-28,5
3160302935.0,Poll suggests strong support for Ford:   Nearly 50% of Ontarians surveyed ahead of election call would back Progressive Conservatives,Toronto Star,2025-01-28,0
3160302914.0,Ford urged to expand probe of Humber board dispute:   Former executives want examination of ministry's response to complaint,Toronto Star,2025-01-28,3
3160302901.0,"PCs urged to focus on tariff threat, not election",Toronto Star,2025-01-28,0
3160302863.0,Province vows funding to ease doctor shortage:   Health minister also pledges $1.4 billion for expanded primary care health teams,Toronto Star,2025-01-28,1
3160302799.0,Premier's beer boondoggle tab could hardly have arrived at a worse time,Toronto Star,2025-01-28,0
3160302783.0,Rush to sell booze in corner stores cost additional $612M:   Watchdog tallies price of Ford's move to hasten expansion,Toronto Star,2025-01-28,6
3159778130.0,Ford courts disaster with election call,Toronto Star,2025-01-26,0
3159685911.0,Waiting for your $200 Ontario 'tax rebate'? Here's what to do if it hasn't arrived,Toronto Star,2025-01-25,2
3159623514.0,"Ford defends bid for snap election:   Threat of Poilievre victory didn't spark call for early vote, premier insists",Toronto Star,2025-01-25,0
3159623237.0,"Does Ford need a new mandate Doug Ford says a ...[Derived Headline ] :   Doug Ford says a 'clear mandate' from Ontario voters is the best way to deal with Donald Trump, Jan. 20 Toronto says it wants to protect Kensington Market. But city laws mean we'll never have another place like it, Jan. 19",Toronto Star,2025-01-25,0
3159093699.0,Post-secondary funding crisis isn't a big issue to Ford or voters,Toronto Star,2025-01-24,3
3159091069.0,Ford's team set for Feb. 27 election:   Ministers scramble to tout projects ahead of campaign,Toronto Star,2025-01-24,17
3158397173.0,No mandate to call an early election,Toronto Star,2025-01-23,0
3158397143.0,"Province replaces CEO of Health atHome:   Patients, doctors have faced shortages of medical supplies for several months",Toronto Star,2025-01-23,1
3158396433.0,Ford seeks 'very strong mandate':   Premier did not mince words about snap election he is expected to trigger as early as next week,Toronto Star,2025-01-23,0
3157827841.0,Ford eyes election call as soon as next week:   Tories say Trump's tariff threat calls for fresh mandate,Toronto Star,2025-01-22,0
3157827709.0,The real reason Ford wants an election,Toronto Star,2025-01-22,0
3158201969.0,Doug Ford may call Ontario election as early as next week: sources,Toronto Star,2025-01-21,0
3157390985.0,"Ford says 'clear mandate' key to deal with Trump:   In push for election, premier says U.S. president more 'aggressive' toward Canada than last term",Toronto Star,2025-01-21,0
3157113585.0,"City's top doctor slams closure plan:   Province's move to reduce services will be deadly and costly, says acting medical officer of health",Toronto Star,2025-01-20,8
3156952041.0,Ford has always had mandate to invest in Ontario,Toronto Star,2025-01-19,2
3156767298.0,Ontario urged to create new model:   Nurse practitioners want OHIP to cover medical care they provide amid shortage of doctors,Toronto Star,2025-01-18,1
3156767127.0,Ontarians to begin getting their $200:   Minister has started issuing 'rebate' cheques,Toronto Star,2025-01-18,2
3156538004.0,The Ford government's $200 'tax rebate' cheques are coming soon,Toronto Star,2025-01-17,2
3156385506.0,Watchdog won't probe complaint on Therme:   NDP still questions 'shady deal' for spa at Ontario Place,Toronto Star,2025-01-17,16
3156385226.0,Ford hints he may need new 'mandate':   Premier says province may have to spend billions to save economy if Trump's tariffs materialize,Toronto Star,2025-01-17,0
3155986519.0,OSSTF slams Ford with ad campaign:   Teachers' union says system is 'at a breaking point',Toronto Star,2025-01-16,3
3155986044.0,"Port Hope may get nuclear plant:   Ford government's proposed project could power 10 million homes, energy minister says",Toronto Star,2025-01-16,11
3155985876.0,ServiceOntario move to Staples will cost more than estimated:   But watchdog says expanded hours will result in savings,Toronto Star,2025-01-16,19
3155545418.0,"U.S. tariffs could cost Ontario 500,000 jobs: Ford:   Crisis may require billions in stimulus funds, premier says - and early election",Toronto Star,2025-01-15,0
3155061689.0,Opposition parties say premier is looking out for himself,Toronto Star,2025-01-14,0
3154872441.0,"Doug Ford is wrong to use Trump's tariffs to justify an early election, opposition parties say",Toronto Star,2025-01-13,0
3153453794.0,"More than 80,000 people were homeless in 2024:   Report calls for co-operation between governments",Toronto Star,2025-01-10,4
3153453528.0,Metrolinx to study rail bypass to expand GO service,Toronto Star,2025-01-10,17
3152877970.0,Ford pitches energy alliance with U.S.:   Premier hopes partnership will help avert trade war,Toronto Star,2025-01-09,0
3152478924.0,Premier bolsters border security:   Ford urges Ottawa to keep focus on U.S. tariff threats,Toronto Star,2025-01-08,0
3152478770.0,This is no time for a provincial election,Toronto Star,2025-01-08,0
3152476020.0,Ford government offering rebates for home upgrades:   Program to cover up to 30% of energy-saving renovations starting Jan. 28,Toronto Star,2025-01-08,11
3152067770.0,Ford won't rule out snap election:   Premier leaves door open for vote this year despite turmoil in Ottawa,Toronto Star,2025-01-07,0
3151810313.0,'Rebate' cheques coming by February,Toronto Star,2025-01-06,2
3151553097.0,How did the Ontario Liberal party get so bad at politics?,Toronto Star,2025-01-05,0
3151052633.0,Province approves treatment hubs:   Nine banned safe-consumption sites will become 'homelessness and addiction recovery' centres,Toronto Star,2025-01-03,8
3150480076.0,Toll of government inaction in prisons,Toronto Star,2025-01-01,9
3148768626.0,"Ontario Place plan will worsen traffic, city report suggests:   Project would cause 'an intense amount' of congestion downtown, expert says",Toronto Star,2024-12-24,-1
3148768463.0,Province looks to top court on climate challenge:   Group argues lower emissions target violates Charter,Toronto Star,2024-12-24,11
3148337483.0,Supervised injection sites are a failed experiment in this city,Toronto Star,2024-12-23,8
3147378336.0,New Science Centre opening delayed:   Timeline for facility at Ontario Place pushed to 2029,Toronto Star,2024-12-20,12
3146137831.0,Fiscal watchdog warns of $12.7-billion shortfall,Toronto Star,2024-12-18,3
3144528416.0,Crombie is stuck in a shrinking middle ground,Toronto Star,2024-12-15,0
3144528293.0,Ford's encampment crackdown will keep people in institutions,Toronto Star,2024-12-15,4
3144296783.0,Minister touts credit rating:   S & P Global upgrades the province's status for the first time since 2001,Toronto Star,2024-12-14,2
3144285297.0,Ford says energy threat got Trump's attention:   Deputy PM says government needs to 'be candid' with U.S.,Toronto Star,2024-12-14,0
3144284963.0,Ford launches volunteer emergency response teams,Toronto Star,2024-12-14,4
3144284695.0,The Ford Effect is always in motion:   Premier's war on bikes latest example of how a forceful political move can have unintended results,Toronto Star,2024-12-14,5
3143664447.0,Are identity politics really dead and gone?,Toronto Star,2024-12-13,0
3143664396.0,Ford's phoney war against encampments,Toronto Star,2024-12-13,4
3143663921.0,"Cities get more cash for shelters, housing:   Provincial funding tied to crackdown on encampments",Toronto Star,2024-12-13,4
3144166999.0,From tents to jails: Advocates fear new Ontario legislation could worsen conditions for encampment residents,Toronto Star,2024-12-12,4
3143311790.0,Ontario introducing bill to crack down on homeless camps + no chance Canada Post can deliver your packages by X-mas,Toronto Star,2024-12-12,4
3143190470.0,"'Americans are going to feel the pain,' Ford warns:   Canada could cut off energy exports to states in retaliation for Trump tariffs, premier says",Toronto Star,2024-12-12,0
3143189865.0,PCs allow natural gas plants to bid on power plan:   Grid expansion was supposed to use only green energy,Toronto Star,2024-12-12,11
3143189700.0,Is Ford Ontario's worst economic enemy?,Toronto Star,2024-12-12,0
3143188364.0,Bike lane bill faces Charter challenge:   Cycling group says provincial bill 'puts lives at risk',Toronto Star,2024-12-12,5
3143188124.0,"Tories unveil anti-encampment law:   Bill gives cities, police 'enhanced legislative powers' to clear tents",Toronto Star,2024-12-12,4
3143188084.0,"Crombie plan would axe land-transfer tax for first-time buyers:   Non-profit builders are also exempt, Liberal leader says",Toronto Star,2024-12-12,10
3142958681.0,Bonnie Crombie's housing plan would axe land-transfer tax for first-time home buyers,Toronto Star,2024-12-11,10
3142615399.0,The way to defeat Doug Ford is right in front of us,Toronto Star,2024-12-10,0
3142493285.0,"Voters divided over Ford's strategy:   Premier's plan to clear encampments has just 12% support, poll finds",Toronto Star,2024-12-10,4
3142492767.0,Supervised injection site faces layoffs:   Union says 33 positions to be cut after controversial funding cut,Toronto Star,2024-12-10,8
3142290617.0,"Ontarians divided over Doug Ford's get-tough approach on homeless encampments, survey suggests",Toronto Star,2024-12-09,4
3142182681.0,Compassion is taking a back seat,Toronto Star,2024-12-09,4
3142024341.0,"In my next parent meeting, I'll focus on the teacher",Toronto Star,2024-12-08,3
3142024332.0,What kind of a province do we want?,Toronto Star,2024-12-08,0
3142024299.0,Group asks court to save Casa Loma view:   Residents say condo project will harm tourist attraction and destroy a heritage building,Toronto Star,2024-12-08,21
3142024276.0,"Good time for snap election, poll finds:   Pollster says Ford's Tories hold commanding lead, but Trump and Poilievre could affect that",Toronto Star,2024-12-08,0
3141775779.0,"Ford is careless and cavalier with taxpayers money Auditor general ...[Derived Headline ] :   Auditor general slams Ontario Place redevelopment process as unfair, subjective, Dec. 3 How the auditor general's report perfectly sums up The Doug Ford Way of running the province, Dec. 4 The epic failures of Metrolinx are one thing. It's time to give up altogether on the government agency that's responsible for our endless delays, Dec. 4 Metrolinx CEO Phil Verster leaving after seven years, Dec. 2",Toronto Star,2024-12-07,-1
3141774916.0,The doctors defending science:   An unsanctioned overdose prevention site is one way some are pushing back against a rejection of evidence,Toronto Star,2024-12-07,8
3141551420.0,Ontario Trillium Bene fit payments go out on Tuesday. Here's how much you can expect,Toronto Star,2024-12-06,2
3141355998.0,Premier vows tough legislation to help take down encampments:   Says he's willing to use notwithstanding clause if necessary,Toronto Star,2024-12-06,4
3141355995.0,Ford too keen to override rights,Toronto Star,2024-12-06,4
3141355547.0,Behind the province's soaring transit costs:   Four major Metrolinx projects have cost taxpayers more than similar jobs around the world. A study blames poor planning and too many consultants,Toronto Star,2024-12-06,17
3140792529.0,PCs defend advertising strategy:   Opposition slams government for 'spending money to promote themselves',Toronto Star,2024-12-05,-1
3140462097.0,Trudeau's environment minister says he understands why Ontario Liberal leader is distancing herself from 'carbon tax',Toronto Star,2024-12-04,15
3139101871.0,Crombie takes aim at carbon tax:   Liberal leader tries to distance party from Trudeau's levy,Toronto Star,2024-12-04,15
3139101784.0,"'Not fair, transparent or accountable':   Watchdog slams Ford government over Ontario Place redevelopment that will now cost the province more than $2.2 billion",Toronto Star,2024-12-04,16
3139098936.0,The Doug Ford Way of running Ontario,Toronto Star,2024-12-04,-1
3139092735.0,What's next for MZOs in Ontario?:   Ford government used tool 114 times from 2019 to 2023,Toronto Star,2024-12-04,21
3138418534.0,10 highlights from the Ontario auditor general's searing report on the Ford government's performance,Toronto Star,2024-12-03,0
3135044686.0,"Back on track, or going off the rails?",Toronto Star,2024-12-03,17
3135044621.0,Metrolinx boss at end of the line:   Verster leaving transit agency amid frustration over delays on Eglinton Crosstown project,Toronto Star,2024-12-03,17
3135043546.0,Crombie vows to address Ontario's doctor shortage,Toronto Star,2024-12-03,1
3135043093.0,Premier starts ad blitz in U.S. against tariffs:   Pro-trade spot will run in lead-up to Trump inauguration,Toronto Star,2024-12-03,0
3134879864.0,'Wait times have exploded': Bonnie Crombie takes aim at Ontario doctor shortage in campaign promise,Toronto Star,2024-12-02,1
3134626944.0,"PCs urged to pay truckers' tolls:   Proponents say move could quickly reduce gridlock on highways, roads",Toronto Star,2024-12-02,13
3134456008.0,"'We have nothing to lose':   A year after winning Liberal leadership, Crombie struggling to find her footing as election looms",Toronto Star,2024-12-01,0
3134268626.0,news quiz,Toronto Star,2024-11-30,0
3134268207.0,Quiz answers,Toronto Star,2024-11-30,2
3133958167.0,Will another 'new deal' save Toronto?,Toronto Star,2024-11-29,-1
3133958122.0,PCs won't back NDP bill for stat holiday:   Sept. 30 date would recognize abuse at residential schools,Toronto Star,2024-11-29,3
3133627228.0,Bicycle commutes triple Ford's stat:   Study reveals more Torontonians cycle than premier has argued in his battle against bike lanes,Toronto Star,2024-11-28,5
3133627224.0,Ford government mulls three new power plants:   Province to release new energy plan early next year,Toronto Star,2024-11-28,11
3133627044.0,Can Doug Ford really stop cyclists from suing over bike lane removal? Here's what the legal experts say,Toronto Star,2024-11-28,5
3133783921.0,"Ontario colleges, universities 'rebalancing' after cut to international students, says post-secondary minister",Toronto Star,2024-11-27,3
3133405158.0,Ford government looking to build three new power plants to meet electricity demands. Here's where they'd be located,Toronto Star,2024-11-27,11
3133205340.0,"Ford's plan a start, not a long-term solution for opioid crisis",Toronto Star,2024-11-27,8
3133175213.0,Critics slam PCs for nixing public hearings,Toronto Star,2024-11-27,8
3133175058.0,Equity fund gives TMU medical school $5-million donation:   Brampton facility scheduled to open next summer,Toronto Star,2024-11-27,1
3132764255.0,Premier doing his best to distract voters,Toronto Star,2024-11-26,10
3132764148.0,"Ford can fix crisis, but he's making it worse",Toronto Star,2024-11-26,10
3132764126.0,PCs push through law restricting bike lanes:   Province now has power to remove infrastructure,Toronto Star,2024-11-26,5
3132763875.0,PCs slammed for refusing to declare epidemic:   NDP leader says Ford government doesn't want to 'commit the resources' to addressing issue,Toronto Star,2024-11-26,-1
3132521268.0,Fire chief feared bike lanes slow emergency response:   Documents show new paths surprised first responders,Toronto Star,2024-11-25,5
3132521060.0,'War on the car' marred by rhetoric,Toronto Star,2024-11-25,5
3132035774.0,Crombie fires back at Ford with her first campaign ad,Toronto Star,2024-11-23,0
3132035705.0,"Premier Ford don t hide costs from Ontario taxpayers Ford ...[Derived Headline ] :   Ford government disputes Toronto's $48-million bike lane removal cost: 'It can't cost double, Nov. 18 Ford government disputes Toronto's $48-million bike lane removal cost: 'It can't cost double, Nov. 18 There's a growing crisis of young people fleeing the GTA, Nov. 16 Canada must confront history of harbouring Nazis, Nov. 18 Women are leading the way in the Catholic Church, Nov. 19",Toronto Star,2024-11-23,-1
3132034433.0,The first minister of misdirection:   Why Doug Ford is trying so hard to distract you,Toronto Star,2024-11-23,0
3132033921.0,Chow urges Ford to keep cyclists safe:   Mayor speaks about her own experience of being injured while riding her bike on Bloor Street,Toronto Star,2024-11-23,5
3131758655.0,"Eligible businesses to get slice of WSIB's surplus:   Premier says some refunds could be as much as $70,000",Toronto Star,2024-11-22,2
3131758343.0,Province to ban lawsuits after bike lanes removed:   Government would be shielded from injury claims,Toronto Star,2024-11-22,5
3131101855.0,Ford keeps Wynne's fiscal legacy intact,Toronto Star,2024-11-21,2
3131100788.0,Our politicians are failing the homeless,Toronto Star,2024-11-21,4
3131100626.0,Too many people in jails under remand,Toronto Star,2024-11-21,9
3131099903.0,NDP taps former mayor on 'new deal',Toronto Star,2024-11-21,0
3130579434.0,Premier slams $48M estimate:   Ford calls city's tally to remove 22 kilometres of infrastructure 'hogwash',Toronto Star,2024-11-20,5
3129922810.0,Province wants social media giants to protect students' mental health,Toronto Star,2024-11-19,3
3129922798.0,"Ford, Trudeau working from old playbook",Toronto Star,2024-11-19,0
3129922760.0,Tories balk at $48M removal estimate:   Minister says cost to scrap paths 'doesn't add up',Toronto Star,2024-11-19,5
3129922443.0,PCs look to close 'loophole':   Municipalities would need provincial approval to launch new sites under bill,Toronto Star,2024-11-19,8
3129922432.0,Ford ignores real need for shelters,Toronto Star,2024-11-19,4
3129646250.0,The bike lane behind the back lash + the problem with tenanted property sales,Toronto Star,2024-11-18,5
3129466128.0,"Trump to figure in Ford's pitch to voters:   Fears of economic turbulence will help make case for early election, sources say",Toronto Star,2024-11-18,0
3129466104.0,'We all need to push back on this':   Caledon councillors oppose premier's fast-tracking of project after senior's heartfelt plea,Toronto Star,2024-11-18,-1
3129466067.0,Crash victims' families slam premier's bike lane bill at vigil:   Critics contend PCs' new legislation will put more lives at risk,Toronto Star,2024-11-18,5
3128944361.0,Our health care takes a back seat to beer sales ...[Derived Headline ],Toronto Star,2024-11-16,1
3128943337.0,PCs plan to tighten controls:   New rules would bar registered offenders from changing their names,Toronto Star,2024-11-16,-1
3128531123.0,Ontario announces $100M deal with Musk's Starlink,Toronto Star,2024-11-15,0
3128530835.0,Survey suggests cycling rates are higher than cited,Toronto Star,2024-11-15,5
3128530712.0,"Boards warned to watch expenses:   No room for unnecessary or extravagant costs, minister says in call with Ontario school officials",Toronto Star,2024-11-15,3
3128839994.0,Province-led survey suggests higher cycling rates than Ford government numbers: city staff report,Toronto Star,2024-11-14,5
3128300037.0,Doug Ford's bike lane plan has a hefty price tag + Taylor Swift touches down in Toronto,Toronto Star,2024-11-14,5
3128140775.0,What you need to know about people sleeping in tents in parks - they have nowhere else to go,Toronto Star,2024-11-14,4
3128140365.0,"Removing bike lanes will cost taxpayers $48M, city estimates:   Report finds move will lessen road safety",Toronto Star,2024-11-14,5
3128382437.0,Removing Toronto bike lanes will cost an estimated $48 million: City,Toronto Star,2024-11-13,5
3127646439.0,Don't expect Chow to war with Ford over bike lanes + a massive gunfight at a Toronto recording studio,Toronto Star,2024-11-13,5
3127507039.0,Crombie's Liberals pledge income tax breaks,Toronto Star,2024-11-13,2
3127506865.0,"Chow faces roadblocks in fight over bike lanes:   Limited by legal options, mayor may also find it hard to sway public opinion",Toronto Star,2024-11-13,5
3127361707.0,Crombie's Liberals pledge income tax breaks that they say Doug Ford has failed to deliver,Toronto Star,2024-11-12,2
3127361297.0,Bonnie Crombie's plans for a major tax cut + the ugly battle over a new Catholic school,Toronto Star,2024-11-12,2
3126871301.0,Ford wants the car-centric city of yesterday,Toronto Star,2024-11-12,5
3126871263.0,Ontario Liberals to unveil plan to cut taxes:   New proposal comes as premier considers calling an early election in spring instead of in 2026,Toronto Star,2024-11-12,2
3126727463.0,How long it will actually take to build Highway 413 + fiery Tesla crash highlights failures of electronic doors,Toronto Star,2024-11-11,-1
3126679403.0,"Hwy. 413 faces a long road ahead:   Several steps and years to go before rubber hits road, experts say",Toronto Star,2024-11-11,-1
3126483195.0,Hundreds rally to save bike lanes:   Noisy but peaceful protest at Christie Pits urges Ford government to reconsider new restrictions,Toronto Star,2024-11-10,5
3126331381.0,"Premier stop this circus We don t find it amusing ...[Derived Headline ] :   Doug Ford spending nearly half of Ontario's tax windfall on $200 'rebate' cheques, Oct. 30 Ford government aims to fast-track construction of Highway 413, Bradford Bypass and Garden City Skyway, Oct. 17",Toronto Star,2024-11-09,-1
3126331321.0,"Medical school's equity goals were 'aspirational,' not quotas:   President clarifies objective in wake of criticism about lowering standards",Toronto Star,2024-11-09,1
3126331080.0,Water shows 'improvement':   Province speaks about probe into park where whale died last month,Toronto Star,2024-11-09,16
3126042334.0,An audit of all Ontario school boards + his new home was denied a warranty over a baffling 'loophole',Toronto Star,2024-11-08,3
3125954343.0,"Most back bike-lane law, poll finds:   Residents across province support Ford's limits, along with promised $200 'tax rebate' cheques",Toronto Star,2024-11-08,5
3125954319.0,Premier Doug Ford s plan to tear up Toronto bike ...[Derived Headline ],Toronto Star,2024-11-08,5
3125954306.0,Province gives $3M to job training for veterans:   Non-profit helps service members transition to construction sector,Toronto Star,2024-11-08,-1
3125954116.0,Premier Doug Ford has ordered an audit of discretionary spending ...[Derived Headline ],Toronto Star,2024-11-08,3
3125038256.0,Trump won with lies voters wanted to hear,Toronto Star,2024-11-07,5
3125038228.0,Subsidies for political parties will continue,Toronto Star,2024-11-07,2
3123996885.0,"Ex-PC staffer won't share Greenbelt emails:   Minister's former chief of staff used personal account for government business, documents show",Toronto Star,2024-11-05,18
3124165614.0,Housing minister wants former staffer to hand over personal emails related to Greenbelt,Toronto Star,2024-11-04,18
3123785924.0,What's in this former Ford staffer's Greenbelt emails? + inaction on children's aid struggles,Toronto Star,2024-11-04,18
3123658422.0,Province was told of crisis for kids in care:   Memo warned that children were placed in unlicensed settings,Toronto Star,2024-11-04,-1
3123495931.0,Premier's attack on bike lanes feels like a trap,Toronto Star,2024-11-03,-1
3123363152.0,'Star Wars' said it best: Doug Ford's attack on bike lanes is a trap,Toronto Star,2024-11-02,5
3123262064.0,Ford abandons plan to control police boards:   Appointees would have been limited to a supplied list,Toronto Star,2024-11-02,9
3123262035.0,IT proposal sets a 'double standard':   Province seeks vendors who use Amazon services,Toronto Star,2024-11-02,19
3123253203.0,Mayors want tougher laws from Ford:   Leaders of 12 large cities request provincial support to deal with encampments and addictions,Toronto Star,2024-11-02,4
3123057181.0,A mother mourns her teen son killed by police + a federal Indigenous therapy program with problematic therapists,Toronto Star,2024-11-01,8
3122927551.0,"Province targets bicycle lanes for removal:   Mayor blasts move to rip up existing routes on Bloor, Yonge, University",Toronto Star,2024-11-01,5
3122921655.0,"PCs behind on housing, critics say:   NDP leader says Ford government 'not anywhere close' to goal of 1.5 million new homes by 2031",Toronto Star,2024-11-01,10
3122921616.0,"Big cases, big bottles and some confusion:   Costco uncorks Day 1 of alcohol sales as all of its stores pick up licences",Toronto Star,2024-11-01,6
3122921484.0,"Ford is wasting billions of our tax dollars Doug Ford ...[Derived Headline ] :   Doug Ford spending nearly half of Ontario's tax windfall on $200 'rebate' cheques, Oct. 20 I wept in doctors offices, collapsed on ER floors. I used every communication skill I have. And still, Ontario's health care system is a meat grinder, Oct. 28 Doug Ford's bike lane move is steering Toronto toward a dangerous place, Oct. 27 Survivors call on Canada to criminalize residential school denialism, Oct. 31 Charles, the Toronto Zoo's beloved Western lowland silverback gorilla, dies at 52, Oct. 30",Toronto Star,2024-11-01,2
3122610268.0,How Doug Ford is spending Ontario's tax money + hundreds of jobs cut at Manulife,Toronto Star,2024-10-31,2
3122483276.0,Tories use tax windfall to send rebates:   Cheques to cost treasury $3 billion as province reports $6.6-billion deficit,Toronto Star,2024-10-31,2
3122483230.0,Better ways Ford could spend our money,Toronto Star,2024-10-31,4
3122483148.0,Ford's gift is borrowed from all of us:   Premier's cynical attempt to buy votes will add $3 billion to the provincial debt,Toronto Star,2024-10-31,2
3122179846.0,What to expect in Doug Ford's pre-election mini-budget + the Bloc Québécois turn on the Trudeau government,Toronto Star,2024-10-30,2
3121965659.0,Ford tells cities to get tough on encampments:   Premier suggests use of 'notwithstanding clause' to override ruling on rights of unhoused,Toronto Star,2024-10-30,4
3121965482.0,'Rebate' cheques will be mailed next year:   Ford accused of using taxpayers' money to 'buy their vote' as payments set stage for spring election,Toronto Star,2024-10-30,2
3121580980.0,Doug Ford is trying to put on a show of giving our own money back to us,Toronto Star,2024-10-29,2
3121512692.0,Behind Chow's frustrations with Ford,Toronto Star,2024-10-29,5
3121512509.0,Probe urged into lack of medical supplies:   PCs put agency in charge of deliveries last year,Toronto Star,2024-10-29,1
3121050578.0,How Doug Ford's bike lane move is steering Toronto toward a dangerous place,Toronto Star,2024-10-27,4
3120988674.0,Removing major streets' bike lanes will hurt vulnerable,Toronto Star,2024-10-27,5
3120988602.0,"Why Montreal keeps rolling along:   While Toronto cyclists must fight to keep their bike lanes, lessons seem to have been learned in other cities",Toronto Star,2024-10-27,5
3120988590.0,The right direction?:   Do bike lanes really slow traffic? We fact-checked Ford's cycling plan,Toronto Star,2024-10-27,5
3120806475.0,Ford aims to keep med students here:   Offers free tuition and more spots for residents of the province,Toronto Star,2024-10-26,1
3120806125.0,Time for sober second thought,Toronto Star,2024-10-26,6
3120806005.0,Ford insists he's not trying to bribe voters with rebate cheques,Toronto Star,2024-10-26,2
3120341421.0,"Fertility program gets $150M investment:   Proposed tax credit of $5,000 will cover 25% of expenses",Toronto Star,2024-10-25,2
3120340914.0,Ford in an LCBO mess he made himself,Toronto Star,2024-10-25,0
3119911887.0,"'You build safe streets, or people die': protester:   Cyclists rally at Queen's Park over bike lane threat",Toronto Star,2024-10-24,5
3119910847.0,"Ford blasts bike lanes, lauds rebate:   Premier appears to tip hand on themes for a spring election",Toronto Star,2024-10-24,2
3119910791.0,PCs eye more nuclear power to meet rising demand,Toronto Star,2024-10-24,11
3120146132.0,Doug Ford orders LCBO to try again after it orders paper bags from Quebec,Toronto Star,2024-10-23,19
3119506402.0,"Giving 16 million Ontarians $200 isn't so simple:   Privacy laws mean Ford government will have to work with CRA to collect names, addresses",Toronto Star,2024-10-23,2
3119504515.0,Stiles says Jama won't run as NDP candidate,Toronto Star,2024-10-23,14
3119504500.0,Ford's war on bike lanes all about votes,Toronto Star,2024-10-23,5
3119503450.0,"Province secures two temporary sites:   Exhibits at Sherway Gardens and Harbourfront Centre set to open in November, December",Toronto Star,2024-10-23,12
3119063102.0,CHANGING LANES:   Bike lanes could be removed from major Toronto streets under new law that Ford government calls a 'reasonable approach' to easing gridlock,Toronto Star,2024-10-22,5
3119063034.0,Minister slams board trustees over travel,Toronto Star,2024-10-22,3
3119060227.0,Protest targets Ford's plan to close safe injection sites:   Supporters say facilities save lives and provide pathways to recovery,Toronto Star,2024-10-22,8
3119060190.0,"Premier isn't attempting to make sense, just noise",Toronto Star,2024-10-22,5
3119060152.0,Philpott to tackle family doctor shortage:   Former federal Liberal minister will aim to connect every Ontarian to a physician in five years,Toronto Star,2024-10-22,1
3118627139.0,Mocking Ford for trying to buy love,Toronto Star,2024-10-21,2
3118627117.0,Doug Ford is coming after bike lanes. What will he target next?,Toronto Star,2024-10-21,5
3118626260.0,MPPs return after four-month break:   Tories vow to fast-track highway projects as parties brace for possible early election,Toronto Star,2024-10-21,-1
3118447909.0,"Viva Niagara Falls? Don't bet on it:   Instead of trying to recreate Sin City, Ford government should ante up some fresh ideas",Toronto Star,2024-10-20,16
3117868811.0,Doug Ford wants to buy your silence,Toronto Star,2024-10-18,2
3117868204.0,"Ford s cheques seem like a bribe to buy votes ...[Derived Headline ] :   Doug Ford poised to send out pre-election cheques to 16 million Ontarians, Oct. 16 We need more science centres, Oct. 15 Metrolinx shakeup sees departure of senior leaders, head of light-rail transit, Oct. 16 We should only be putting bike lanes in places that make sense, Oct. 13 Ford minister slams trustees' $145,000 trip to Italy to buy artwork for new school, Oct. 16",Toronto Star,2024-10-18,2
3117868122.0,"Municipalities call new bike lane rules 'overreach':   Association says premier should focus on housing, leave bike decisions to local politicians",Toronto Star,2024-10-18,5
3117868081.0,Premier touts tax rebate for Ontarians:   Ford says plan to send cheques to every adult and child in province will 'stimulate the economy',Toronto Star,2024-10-18,2
3117868034.0,NDP calls for spa deal probe,Toronto Star,2024-10-18,16
3117870337.0,'A David vs. Goliath fight':   Court allows appeal from youth in landmark climate case against province,Toronto Star,2024-10-18,11
3117868804.0,"PCs to fast-track highway projects:   Bill sets penalties for holding up work on Hwy. 413, Bradford Bypass",Toronto Star,2024-10-18,-1
3117870059.0,NDP calls on integrity commissioner to look into Doug Ford's Ontario Place spa deal,Toronto Star,2024-10-17,16
3117580924.0,A bike lane in limbo + Doug Ford's pre-election cheques,Toronto Star,2024-10-17,5
3117296900.0,"Emotions high at bike lane meeting:   Local councillor, community members discuss improving cycling infrastructure, traffic issues",Toronto Star,2024-10-17,5
3117295395.0,Electricity demand to soar by 75% in Ontario:   Energy minister says nuclear will be 'anchor' for grid,Toronto Star,2024-10-17,11
3117295342.0,The fate of a years long effort to improve safety ...[Derived Headline ],Toronto Star,2024-10-17,5
3117295159.0,Province to send cheques to every Ontarian:   Tax-free payments of at least $200 come as Ford eyes early election call,Toronto Star,2024-10-17,2
3116960096.0,New plans must get provincial approval:   Chow says she doesn't support Ontario limiting cities' power,Toronto Star,2024-10-16,5
3116941850.0,Ford's move appears to be more about votes than gridlock:   There's little evidence to show that protecting cyclists slows down drivers,Toronto Star,2024-10-16,5
3116941068.0,"Ontario to invest $146M in life sciences:   Province has goal of growing sector to employ 85,000",Toronto Star,2024-10-16,1
3116541974.0,Cities can't be trusted to build housing we need,Toronto Star,2024-10-15,10
3116182212.0,"Ontarians think Ford must do more to help municipalities:   Survey findings a 'real potential liability' for the government, expert says",Toronto Star,2024-10-14,4
3115717678.0,The real problem with Doug Ford's lakefront parking palace,Toronto Star,2024-10-12,16
3115487496.0,Toronto police to reveal details of new helicopters to combat auto theft this morning,Toronto Star,2024-10-11,9
3115312530.0,Chow mulls changes to bike lanes:   Bloor Street West corridors have drawn criticism,Toronto Star,2024-10-11,5
3115312401.0,Ford urged to 'come clean' on land swap:   RCMP's investigation enters its second year,Toronto Star,2024-10-11,18
3114752454.0,Where did the direction come from to remove those lands ...[Derived Headline ],Toronto Star,2024-10-10,18
3114489922.0,Canada's new Nobel Laureate has a warning for us + family shocked by Toronto woman's murder charges,Toronto Star,2024-10-09,12
3114395247.0,New Nobel laureate rips Ford on Science Centre closure,Toronto Star,2024-10-09,12
3114392422.0,Two unions representing more than 8 000 child protection workers ...[Derived Headline ],Toronto Star,2024-10-09,-1
3114391200.0,The Ford government wants sewer pipes that send raw waste ...[Derived Headline ],Toronto Star,2024-10-09,16
3114394474.0,Another type of booze is coming to Ontario corner stores,Toronto Star,2024-10-08,6
3114088523.0,Metrolinx taken to court over trees:   Group says removal amounts to 'environmental racism',Toronto Star,2024-10-08,17
3113047009.0,Architect mourns destruction of tree grove:   Crews cut down more than 800 trees without any notice,Toronto Star,2024-10-05,16
3112846075.0,New details about Ford's Ontario Place plans + high-speed rail finally coming to Canada?,Toronto Star,2024-10-04,16
3112756269.0,Ford has f ailed to balance the budget,Toronto Star,2024-10-04,2
3112756243.0,Charging drivers only way to fix Hwy. 401,Toronto Star,2024-10-04,13
3112756102.0,Province on hook for parking at private spa:   Ontario's 95-year lease with Austrian firm stipulates penalties if parking not ready in time for opening,Toronto Star,2024-10-04,16
3112504420.0,Illegal truck yards popping up across the GTA + another Toronto cop shot,Toronto Star,2024-10-03,13
3112401876.0,Ford boosts limits on 400-series highways,Toronto Star,2024-10-03,-1
3112401677.0,"Tent encampments are 'big problem,' Ford says:   Premier signals Ontario will take action to find homes for those living in public areas",Toronto Star,2024-10-03,4
3112401454.0,Ford undermines system by bungling,Toronto Star,2024-10-03,1
3112401222.0,Ford pledges 'complete audit' of children's aid sector:   Groups 'disappointed' by premier's response to Star series on kids with complex needs,Toronto Star,2024-10-03,-1
3112397965.0,"Eglinton LRT unlikely to open this year:   Province will get involved as 'last resort,' premier says",Toronto Star,2024-10-03,17
3111857783.0,Farmers protest PCs during plowing event,Toronto Star,2024-10-02,21
3111856658.0,"Calls grow for launch of emergency response:   Advocates, MPPs say Ford government's failure to help children with complex needs a 'tragedy'",Toronto Star,2024-10-02,-1
3111855934.0,Public education has always been political,Toronto Star,2024-10-02,3
3111422090.0,Doug Ford's tunnel fantasy gives politics a bad name,Toronto Star,2024-10-01,13
3111422086.0,What Ontario should be spending on,Toronto Star,2024-10-01,13
3111694327.0,Should September 30th be a statutory holiday in Ontario?,Toronto Star,2024-09-30,3
3111069316.0,Inaction harming Ontario's vulnerable,Toronto Star,2024-09-30,20
3111069205.0,"Blueprint to address kids' needs left sitting on shelf:   Province fails to act on plan to improve treatment and care, advocates say",Toronto Star,2024-09-30,-1
3110897035.0,"Before the girl was found in a Rosedale dumpster, Toronto Children's Aid had closed her case. Turns out, they had a history of closing cases too early",Toronto Star,2024-09-29,-1
3110870937.0,Drug disasters bring Ford and Eby closer,Toronto Star,2024-09-29,8
3110653099.0,A history of closing cases too early:   Auditor general says it may be time for a new audit of the provincial child-welfare system,Toronto Star,2024-09-28,-1
3110653082.0,Ford critics say he should buy back the 407:   Premier's opponen ts say using existing highway would be an easier way to ease gridlock in GTA,Toronto Star,2024-09-28,13
3110652715.0,"In praise of bike lanes Ford shoots down criticism of ...[Derived Headline ] :   Ford shoots down criticism of controversial plan to limit bike lanes, Sept. 23",Toronto Star,2024-09-28,5
3110234565.0,Tunnel vision will make traffic worse,Toronto Star,2024-09-27,13
3110234440.0,"Traffic tunnel for Highway 401 ludicrous costly Ford announces proposal ...[Derived Headline ] :   Ford announces proposal for tunnel under Highway 401 to carry more traffic, Sept. 25 'Get off your a-s-s:' Doug Ford scolded for telling homeless people to get jobs, Sept. 24 NDP hasn't ruled out bringing Sarah Jama back into the party for next election, Sept. 25 Auston Matthews iffy to face Canadiens after maintenance day, Sept. 25",Toronto Star,2024-09-27,13
3110478363.0,I am the Chief of Grassy Narrows. Doug Ford's silence in the face of our struggles is deafening,Toronto Star,2024-09-26,-1
3109935396.0,"When Doug Ford gets a big idea in his head, the only thing that can stop him is pretty much anything at all",Toronto Star,2024-09-26,13
3109935388.0,Doug Ford's tunnel proposal to tackle Toronto traffic + a Bloc ultimatum for Trudeau's government,Toronto Star,2024-09-26,13
3109645905.0,Ford only has tunnel vision for Toronto,Toronto Star,2024-09-26,13
3109645902.0,Liberals blast bike lane plan,Toronto Star,2024-09-26,5
3109645888.0,"What will premier's bike lane limits do to city's climate goals?:   Plan to block construction of new lanes a 'poisonous intervention,' expert warns",Toronto Star,2024-09-26,5
3109645887.0,Ontario's homeless work hard at surviving,Toronto Star,2024-09-26,4
3109645834.0,"NDP hasn't ruled out getting Jama back:   MPP kicked out for insubordination, legislature censure",Toronto Star,2024-09-26,14
3109645816.0,Ford proposes tunnel under Hwy. 401:   Critics say idea is a 'distraction' that would cost taxpayers billions and make gridlock even worse,Toronto Star,2024-09-26,13
3109645764.0,Underestimate Ford's wedges at your peril,Toronto Star,2024-09-26,5
3110033635.0,'He's been wasting his time:' Liberal MPs slam Doug Ford's stand on bike lanes,Toronto Star,2024-09-25,5
3109386337.0,Doug Ford thinks homeless people don't work. He couldn't be more wrong,Toronto Star,2024-09-25,4
3109386314.0,Why kids in child protection are staying in unlicensed homes + a shooting victim's mother speaks out,Toronto Star,2024-09-25,-1
3109025183.0,Doug Ford's false promise of convenience in reality promotes dangerous alcohol consumption,Toronto Star,2024-09-25,8
3109020229.0,Restricting bike lanes will make congestion worse,Toronto Star,2024-09-25,5
3109020220.0,Ministry orders probe into field trip:   TDSB under fire after students attended Indigenous rally that included pro-Palestinian supporters,Toronto Star,2024-09-25,3
3109019772.0,Ford blasted for telling homeless to get working:   Experts say precarious status of living on the streets makes employment a challenge,Toronto Star,2024-09-25,4
3109495056.0,'Get off your a-s-s:' Doug Ford scolded for telling homeless people to get jobs,Toronto Star,2024-09-24,4
3109494997.0,Ontario education ministry orders probe into Toronto school board over field trip to protest,Toronto Star,2024-09-24,3
3108752364.0,Doug Ford's beef with bike lanes + an officer on trial for the assault of a Toronto teen,Toronto Star,2024-09-24,5
3108515854.0,Bike lane ban will make traffic worse,Toronto Star,2024-09-24,5
3108515851.0,Ford defends controversial plan to limit bike lanes:   MPP says premier putting 'wedge politics over real solutions',Toronto Star,2024-09-24,5
3108515843.0,The new Bonnie Crombie sounds like the old Doug Ford,Toronto Star,2024-09-24,0
3108515634.0,Ford calls trip to protest 'disgusting':   Premier vows to hold to account those responsible for taking students to pro-Palestinian event,Toronto Star,2024-09-24,3
3107938236.0,"Liberals, teachers starting to mend fences:   Unions attend party meeting after years of strained relations",Toronto Star,2024-09-23,3
3107645864.0,Law forcing patients out of hospitals faces challenge over Charter rights:   Provincial plan designed to free up acute-care beds,Toronto Star,2024-09-22,1
3107645742.0,Liberals vow 'more for you' as Crombie kick-starts party:   Leader promises to restore a sense of opportunity,Toronto Star,2024-09-22,0
3107395806.0,Grits gather to prepare fresh platform:   Liberal leader vows policies will put 'real people first',Toronto Star,2024-09-21,0
3107395780.0,Ford's nephew on leave as MPP,Toronto Star,2024-09-21,0
3107395595.0,What's on the line?:   How developers will benefit from the Yonge subway route change - and why it's raising the spectre of the Ford government's Greenbelt scandal,Toronto Star,2024-09-21,-1
3107395298.0,Tories to restrict new bike lanes:   Mayor says reported limits will have opposite of intended effect and 'make congestion worse',Toronto Star,2024-09-21,5
3107396722.0,Doug Ford's nephew Michael Ford takes leave from cabinet for health reasons,Toronto Star,2024-09-20,0
3106958099.0,"Provincial defict falls to $600M, as revenues rise:   Ministers credit Ford government's economic approach",Toronto Star,2024-09-20,-1
3106957746.0,Ford says PC win 'sends clear message':   Tories keep riding after departure of MPP Smith,Toronto Star,2024-09-20,0
3106627938.0,'We're not going away': Thousands of protesters march with Grassy Narrows First Nation over ongoing mercury poisoning crisis,Toronto Star,2024-09-19,3
3106332038.0,Premier's job numbers don't add up,Toronto Star,2024-09-18,-1
3106331975.0,Cutting red tape doesn't always lead to efficiency,Toronto Star,2024-09-18,10
3105628750.0,Watchdog probes cost of stocking stores early:   Critics say provincial tab could be 3 or 4 times Ford's estimated $225M,Toronto Star,2024-09-17,6
3104952087.0,Province vows supports for women in trades,Toronto Star,2024-09-16,-1
3104427900.0,Zameer case raises tough questions,Toronto Star,2024-09-14,9
3104427847.0,Greenbelt issue impeding other projects:   Poll finds public distrust a hurdle in getting Ontarians onside with ways to speed up infrastructure,Toronto Star,2024-09-14,18
3103746141.0,"After tragic death, it's time for justice and accountability",Toronto Star,2024-09-13,-1
3103745926.0,Ford promises jobs for staff:   Cleaning service employees warned of layoffs Oct. 31,Toronto Star,2024-09-13,12
3103127784.0,Ford shows indifference to his own MPPs,Toronto Star,2024-09-12,2
3103127741.0,'the system failed her':   Ford open to broader examination of what went wrong in case of child found dead in dumpster,Toronto Star,2024-09-12,-1
3102665922.0,Not much to see at Ford's $225-million beer utopia,Toronto Star,2024-09-11,6
3102665741.0,Province taps ex-city budget chief as 'new deal' advisor,Toronto Star,2024-09-11,-1
3102665486.0,Gas plant emissions could affect new housing projects:   Poor air quality threatens scale of development,Toronto Star,2024-09-11,11
3102453998.0,Doug Ford won't let Toronto use cameras to get traffic moving. The city should do it anyway,Toronto Star,2024-09-10,9
3102303863.0,Beer boondoggle is nothing to brag about,Toronto Star,2024-09-10,6
3102303849.0,"Singh 'blowing smoke,' premier says:   Ford says he doesn't believe federal NDP leader will trigger election by voting against Liberals",Toronto Star,2024-09-10,0
3101919050.0,Councillors ask province for stronger powers:   Officials express concern over colleague's alleged 'connection to Nazi sympathizers',Toronto Star,2024-09-09,-1
3101493490.0,"Easing access to a deadly drug:   Ford rejects comparison of booze sales in corner stores to safe injection sites, Sept. 3 Booze is coming to corner stores this week. Who's in charge of policing the new rules? Sept. 3",Toronto Star,2024-09-07,8
3101087739.0,An old promise finally delivered gives Tories something to run on,Toronto Star,2024-09-06,6
3100781950.0,Strip searches of children must stop now,Toronto Star,2024-09-05,-1
3100439733.0,"Ford rejects comparing booze in corner stores to safe-injection sites:   Premier argues vendors have dealt with tobacco, lottery tickets for decades",Toronto Star,2024-09-04,8
3100438568.0,Ford trying to beat the clock to survive:   Premier's re-election depends on getting ahead of RCMP probe of Greenbelt scandal,Toronto Star,2024-09-04,0
3100437806.0,The reason Ontarians still like Ford,Toronto Star,2024-09-04,0
3099790564.0,I've used a Toronto supervised consumption site for a year. What it's really like in these facilities Doug Ford is bent on shuttering,Toronto Star,2024-09-02,8
3099482041.0,Province vows to enforce rules on alcohol sales:   Team of inspectors to monitor rollout to corner stores starting this week,Toronto Star,2024-09-02,6
3099047873.0,"Stray bullet used for Ford's political purposes:   Doug Ford says safe injection sites are a 'failed policy' that harms communities and people with addictions, Aug. 21",Toronto Star,2024-08-31,8
3098788862.0,Is Doug Ford immune to controversy? + the community toll of Ontario Line construction,Toronto Star,2024-08-30,0
3098639697.0,Teflon Ford:   42% Committed voters who say they would vote for Ford's Tories 34% Where Ford polled a year ago after the AG's Greenbelt report last August,Toronto Star,2024-08-30,0
3098162405.0,Ontario to boost power generation:   Province to choose projects based on 'affordability',Toronto Star,2024-08-29,11
3097745995.0,MPP calls for inquest into child's death,Toronto Star,2024-08-28,-1
3097380757.0,Liberals and NDP eye PC stronghold,Toronto Star,2024-08-27,0
3096852756.0,'What does it mean to me? Everything':   Users of Moss Park safe drug site fear losing a lifeline when centre closes,Toronto Star,2024-08-26,8
3096520228.0,"Lives are lost when words fail:   Opposition slams Doug Ford for joke about animal hospital, Aug. 14",Toronto Star,2024-08-24,1
3095626002.0,Why on earth is Doug Ford fighting against undercover videos in a troubled industry?,Toronto Star,2024-08-22,4
3095395693.0,Quinte byelection set for Sept. 19,Toronto Star,2024-08-22,0
3095395315.0,"Ford calls facilities 'failed policy':   Premier dismisses concerns closures will increase overdose deaths, calling them a 'scare tactic'",Toronto Star,2024-08-22,8
3095393843.0,"Reports urged province to keep safe drug site open:   Queen St. E. facility offers needed service, two reviews found in wake of shooting",Toronto Star,2024-08-22,8
3095393717.0,Premier's decision doesn't solve problem,Toronto Star,2024-08-22,8
3095393676.0,Crombie embraces Trudeau critics:   Ontario Liberal leader distances herself from PM,Toronto Star,2024-08-22,0
3095021271.0,Ford to ban safe drug sites near schools:   Health advocates and critics predict more overdose deaths,Toronto Star,2024-08-21,8
3095021162.0,The most galling part of premier's ban,Toronto Star,2024-08-21,8
3095020780.0,"Province releases streamlined plan:   New rules for municipalities aim to boost construction, move focus from single-family homes",Toronto Star,2024-08-21,10
3094811033.0,"Doug Ford's new zoning restrictions could shut down most safe injection sites in Ontario, including 5 in Toronto",Toronto Star,2024-08-20,8
3094810798.0,A change to safe consumption sites + what the Ford government gets wrong about the homelessness crisis,Toronto Star,2024-08-20,8
3094684025.0,Ford expected to announce changes:   Advocates fear province may be planning to pull funding and shutter facilities,Toronto Star,2024-08-20,8
3094683681.0,Premier's Greenbelt woes no laughing matter,Toronto Star,2024-08-20,18
3094678790.0,"Ford touts successes at Ottawa summit:   Critics say cities need more assistance on mental health, addiction, homelessness",Toronto Star,2024-08-20,-1
3094683745.0,Ford government expected to announce restrictions to supervised drug consumption sites,Toronto Star,2024-08-19,8
3093820440.0,Ford Fest returns - with a political spin:   Upbeat premier sounded at times like he was giving a campaign speech at Milton bash,Toronto Star,2024-08-17,0
3093816220.0,"Resignation forces cabinet shuffle:   Education minister Smith quits just 10 weeks into the job, leaving politics for the private sector",Toronto Star,2024-08-17,3
3093427174.0,Ford 'not sold' on safe injection sites:   Premier hints at changes as municipalities urge help for mental health and addiction services,Toronto Star,2024-08-16,8
3093086808.0,"Opposition slams Ford for animal hospital joke:   Premier commented that Ontarians waiting for MRIs, CT scans could find access at new facility",Toronto Star,2024-08-15,1
3092618362.0,Bethlenfalvy calls PCs 'an open book':   Finance minister says RCMP investigators have not yet reached out to him or his past aides,Toronto Star,2024-08-14,18
3091536783.0,Pickering council blasts controversial member,Toronto Star,2024-08-12,-1
3091260644.0,Public gets credit for Whitby hospital plan:   Ford announces funding after being pressured by creative lobbying from town's mayor,Toronto Star,2024-08-11,1
3091093847.0,"Ontario land tribunal:   Environmental and residents groups call new provincial rules barring OLT third-party appeals an attack on 'citizen rights,' Aug. 6",Toronto Star,2024-08-10,21
3091093795.0,Arbiter says MPP staffer was fired without cause:   Mantha was removed from NDP caucus after allegations he sexually harassed now-sacked worker,Toronto Star,2024-08-10,-1
3091092770.0,"'Nothing to hide,' in Greenbelt probe, premier insists:   RCMP interviews witnesses linked to Ford government in criminal probe",Toronto Star,2024-08-10,18
3090837486.0,"One year later, Ford's tone has shifted:   Premier may be ready to move on, but his political opponents aren't and an investigation continues",Toronto Star,2024-08-09,18
3089766910.0,"Rights lost in West Grey Environmental and residents groups call ...[Derived Headline ] :   Harris picks Minnesota Gov. Tim Walz as her running mate in a bid to unite Democrats against Trump, Aug. 6 Keeping Toronto weird - how a group of scrappy indie filmmakers are disrupting the city's movie scene, Aug. 3 Canada has a hospital wait time crisis. Other countries with universal health-care don't. We should follow their lead, Aug. 5 Cases for and against the High Park car ban, Aug. 6, 2024",Toronto Star,2024-08-07,21
3089158837.0,Groups say new law takes away 'public's right to be heard':   Third parties no longer allowed to appeal development decisions to land tribunal,Toronto Star,2024-08-06,21
3087670309.0,Fords' helicopter hopes finally take off:   Both brothers had long advocated for choppers to help police forces combat crime,Toronto Star,2024-08-04,9
3087311395.0,Doug Ford's office ordered Metrolinx to keep quiet + Summer McIntosh on an Olympic gold streak,Toronto Star,2024-08-02,17
3087189065.0,Ford says no one cares about King's Counsel:   Premier vowed to 'fix process' around patronage award,Toronto Star,2024-08-02,9
3087186999.0,Ontario won't adopt new federal riding boundaries:   Ford confirms split from past practices for election maps,Toronto Star,2024-08-02,0
3087186984.0,"Ford's office stopped release of LRT opening date:   Metrolinx was told not to share estimate for Crosstown line, internal emails show",Toronto Star,2024-08-02,17
3085841303.0,"Province offers cash for police choppers:   Helicopters can help avoid deadly chases, experts say, but may not deter auto thieves",Toronto Star,2024-07-30,9
3085840878.0,Elections Ontario awaits direction on riding map:   Province must decide if it will follow Ottawa in redrawing boundaries,Toronto Star,2024-07-30,0
3085668953.0,"Ford government announces $134M for police helicopters to help combat auto theft, carjackings",Toronto Star,2024-07-29,9
3085395194.0,"Province silent on reform of 'King's Counsel' honour:   One year after patronage scandal, future of legal title remains in doubt",Toronto Star,2024-07-29,9
3085201799.0,Ford's misfire on ad policy,Toronto Star,2024-07-28,-1
3085080082.0,"Alcohol sales:   Ford says the 18-day LCBO strike could have been avoided,",Toronto Star,2024-07-27,7
3085074235.0,Libel suit threat against Ford expires,Toronto Star,2024-07-27,14
3085073754.0,Court dismisses bid to halt redesign:   Construction can continue on planned waterfront project,Toronto Star,2024-07-27,16
3085073288.0,'Ford Fest' back as premier considers an early election:   Progressive Conservative party uses event to build brand and raise money,Toronto Star,2024-07-27,0
3084675469.0,LCBO strike gave Ford's Tories a boost:   Poll suggests Ontarians didn't understand reason for work stoppage,Toronto Star,2024-07-26,7
3084675455.0,"Province pushes above-ground parkade to serve Ontario Place:   Below-grade plan far too expensive, official says",Toronto Star,2024-07-26,16
3084675044.0,OPP deal makes officers highest paid cops in province,Toronto Star,2024-07-26,20
3084198533.0,"Gardiner gets a fast track:   Province kicks in $73 million to speed up expressway repairs, but expect gridlock to remain until 2026",Toronto Star,2024-07-25,-1
3084195008.0,Proceed with caution on Ford's cash infusion,Toronto Star,2024-07-25,13
3083998325.0,What's going on with Ontario Place's massive parking lot? + GTA home sales continue to spir al,Toronto Star,2024-07-24,16
3083836326.0,"LCBO stores may be short on some items:   Shortages due to strike not expected to last, expert says",Toronto Star,2024-07-24,7
3083836306.0,Premier casts doubt on parking lot plans:   Ford's suggestion structure may be built above ground draws criticism,Toronto Star,2024-07-24,16
3083835954.0,Premier urges BoC to cut interest rate:   Ford wants figure slashed down to 3% to help build homes,Toronto Star,2024-07-24,10
3083464561.0,Ford blames union for LCBO strike:   Premier says job action could have been avoided via talks,Toronto Star,2024-07-23,7
3083464137.0,"'This law has nothing to do with housing':   Critics question use of new strong-mayor powers to hire, fire city staff",Toronto Star,2024-07-23,4
3083464028.0,"Ford pledges $260M for skills training:   Province boosting fund to help employers fill nearly 300,000 open jobs",Toronto Star,2024-07-23,-1
3082798742.0,LCBO strikers picked a losing battle,Toronto Star,2024-07-20,7
3082292118.0,Doug Ford on the possibility of an early election + how bad is shrinkflation?,Toronto Star,2024-07-18,0
3082121592.0,Ford optimistic as LCBO talks resume,Toronto Star,2024-07-18,7
3082121558.0,"Few Ontarians affected by job action, poll finds:   Nearly half of respondents support union's demands",Toronto Star,2024-07-18,7
3082121399.0,"Ford vows to take on feds:   Change of power in Ottawa wouldn't alter his priorities, premier insists",Toronto Star,2024-07-18,0
3082121363.0,"As a renter in Toronto, I live in fear of being forced out",Toronto Star,2024-07-18,10
3081756667.0,Doug Ford optimistic as contract talks resume in LCBO strike,Toronto Star,2024-07-17,7
3081564478.0,"LCBO, OPSEU back to bargaining table:   Negotiations are set to resume Wednesday as work stoppage approaches two-week mark",Toronto Star,2024-07-17,7
3081564459.0,Ontarians back liberalized booze sales:   Survey commissioned by PCs shows 57% back expansion while 54% support LCBO strike,Toronto Star,2024-07-17,7
3080953337.0,'Ready-to-drink' cocktails can hit shelves Thursday:   Ford's hastening of privatization blasted by LCBO workers,Toronto Star,2024-07-16,7
3080952821.0,"Grocers slow to apply for licences:   Can, bottle returns and recycling cited as major reason",Toronto Star,2024-07-16,6
3080952753.0,"Report warns city couldn't afford to run Science Centre:   Best hope is a deal with province, councillor says",Toronto Star,2024-07-16,12
3080194149.0,Ford backs opponents of Somali centre:   Residents say they weren't consulted on Buttonwood Park plan to give space to community,Toronto Star,2024-07-15,16
3080187999.0,LCBO walks back plan to open stores,Toronto Star,2024-07-15,7
3080187960.0,"East-end rally held to protest closure:   200 residents, politicians unite against move",Toronto Star,2024-07-15,12
3080187536.0,Booze is to Ford as gold was to Midas,Toronto Star,2024-07-15,6
3079738505.0,"Province needs more STEM learning spaces:   By shutting down the Science Centre, Doug Ford strikes another blow to education in Ontario, June 29",Toronto Star,2024-07-13,12
3079737890.0,"Pressure mounting on Ford to resolve LCBO disruption:   Crombie criticizes 'cycle of cronyism,' wants premier to oust liquor board chair",Toronto Star,2024-07-13,7
3079113987.0,Pressure mounting on Doug Ford to resolve LCBO strike,Toronto Star,2024-07-12,7
3078937483.0,Science Centre leaders defend closure:   New report echoes engineers' findings on need for repairs,Toronto Star,2024-07-12,12
3078937419.0,Work stopped at Ontario Place pending hearing,Toronto Star,2024-07-12,16
3078936804.0,LCBO urges union to quickly return to the bargaining table:   OPSEU members share frustrations over lack of movement in talks,Toronto Star,2024-07-12,7
3078680715.0,Inside the chaos at Pickering city council + a second O ntario Science Centre report,Toronto Star,2024-07-11,-1
3078299530.0,Migrant workers demand protection:   Advocates call on Ford government to enact regulations,Toronto Star,2024-07-11,-1
3078299473.0,"Ford puts blame on union:   Premier says workers want deal, claims OPSEU walked away from talks",Toronto Star,2024-07-11,7
3078299219.0,"New report details several issues with building, Ford says",Toronto Star,2024-07-11,12
3078299218.0,Six privatization sins committed by Ford,Toronto Star,2024-07-11,0
3078297824.0,Ford's push to privatize booze will be costly,Toronto Star,2024-07-11,6
3077690556.0,PCs attempt to assure LCBO it has a future:   Union says province's letter to agency doesn't guarantee safety for workers,Toronto Star,2024-07-10,7
3077690401.0,"'Chaos' as bars run low on booze:   Wholesale bulk ordering system not feasible for small pubs, restaurants",Toronto Star,2024-07-10,7
3077141715.0,Doug Ford's new map to get around the LCBO strike + unplugging the Port Lands,Toronto Star,2024-07-09,7
3076928193.0,"Ford touts online map of booze purveyors:   As LCBO strike continues, premier releases promo clip",Toronto Star,2024-07-09,7
3076926839.0,LCBO workers face an uphill battle,Toronto Star,2024-07-09,7
3076368357.0,'This is our line in the sand':   Job action enters its second day with workers and union leaders taking to downtown streets,Toronto Star,2024-07-07,7
3076281407.0,"Will independent stores, restaurants and bars run out of wine and liquor if LCBO strike drags on? Here's what you need to know",Toronto Star,2024-07-06,7
3076227129.0,"LCBO, union ready for long run:   Free home delivery offered, as OPSEU claims it has 'healthy strike fund'",Toronto Star,2024-07-06,7
3075887017.0,"Privatization of Ontario is causing problems Can you blame people ...[Derived Headline ] :   Can you blame people for leaving town? Voters have power to demand more, July 4 Can you blame people for leaving town? Voters have power to demand more, July 4 The lone Liberal MP to call for Justin Trudeau's resignation speaks out about the surprising response, July 2",Toronto Star,2024-07-05,0
3075885347.0,"Talking the road not yet travelled:   With election looming, premier touts controversial Highway 413 in new ad",Toronto Star,2024-07-05,-1
3074971302.0,PM should follow Ford's lead on aid for newspapers,Toronto Star,2024-07-03,-1
3074971223.0,Province gives local media financial boost:   Government agencies ordered to spend 25% of advertising budgets with Ontario news organizations,Toronto Star,2024-07-03,-1
3074971164.0,Ghamari breaks silence on dismissal:   Ex-Tory MPP says she'll keep backing conservative policies,Toronto Star,2024-07-03,-1
3074314524.0,Can buildings not live past 50?,Toronto Star,2024-07-02,12
3073876464.0,"Science Centre needs fixing, not fencing",Toronto Star,2024-07-01,12
3073871852.0,Science Centre and our broken system,Toronto Star,2024-07-01,12
3073869260.0,'It's essential that I'm comfortable':   Man who relies on wheelchair says he's frustrated with service provided by provincial program,Toronto Star,2024-07-01,1
3073643015.0,"Doug Ford would upset nearly half of all Ontarians with an early $150M election, poll suggests",Toronto Star,2024-06-29,0
3073548636.0,MPP ousted from PC caucus:   Removal comes after Ghamari met far-right figure,Toronto Star,2024-06-29,-1
3073545966.0,"Much more than a building:   The Science Centre is the latest casualty of Doug Ford's policy of neglect, Editorial, June 22 The Science Centre was an ugly grey box in Don Mills. We have bigger things to worry about than keeping it alive: Mallick,",Toronto Star,2024-06-29,12
3073545964.0,"Repair without closing, firm suggests:   Architect says immediate fixes could be done in coming months, rest phased in over next decade",Toronto Star,2024-06-29,12
3073539182.0,Ontario Place doesn't need Science Centre,Toronto Star,2024-06-29,16
3073047242.0,Opposition slams PCs over closure:   NDP leader says repairs cheaper than relocation,Toronto Star,2024-06-28,12
3073046531.0,Ford condemns MPP's meeting with far-right figure:   PC member says she didn't know he led anti-Islam group,Toronto Star,2024-06-28,-1
3072638816.0,Jail living conditions top list of complaints,Toronto Star,2024-06-27,9
3072638788.0,Mayor wants premier to keep to terms of lease:   Council scheduled to discuss fate of attraction today,Toronto Star,2024-06-27,12
3072638704.0,Automatic licence plate renewal next week,Toronto Star,2024-06-27,-1
3072196769.0,"Despite outrage, a roof in Don Mills is not the priority",Toronto Star,2024-06-26,12
3072196506.0,Rush to close shows lack of respect,Toronto Star,2024-06-26,12
3072196784.0,Architecture firm that designed Ontario Science Centre offers free repair services to keep it open,Toronto Star,2024-06-25,12
3071774845.0,Simple science and complex politics,Toronto Star,2024-06-25,12
3071773951.0,Roof panels key to Science Centre shutdown:   Technical report outlines years of deferred maintenance while critics want closure reversed,Toronto Star,2024-06-25,12
3071391454.0,The latest casualty of Ford's policy of neglect,Toronto Star,2024-06-24,12
3071391368.0,Ford's Ontario is less yours to discover than yours to fix,Toronto Star,2024-06-24,0
3071391351.0,Ford urged to save Science Centre:   Speakers at rally question province's rationale for closing popular attraction,Toronto Star,2024-06-24,12
3070998472.0,Ontario considers revisions to data:   Municipalities say undercounting homes by CMHC costs them millions in funding,Toronto Star,2024-06-22,10
3070997283.0,Iconic attraction closes for good:   Popular educational centre shuttered after engineers find the roof was in danger of collapsing,Toronto Star,2024-06-22,12
3070997236.0,"Scotland's strategy is saving lives:   2018 policy increased prices, led to a 15% reduction in alcohol-related deaths in just three years",Toronto Star,2024-06-22,8
3069818743.0,"Crombie, Liberals gear up for election:   Ford's Tories have signalled the vote could come early",Toronto Star,2024-06-20,0
3069494338.0,"Province, 4 First Nations sign deal to build roads:   Project would improve access to Ring of Fire region",Toronto Star,2024-06-19,-1
3069039617.0,Critics call out 'flip-flop' after Ford scraps digital wallet plans,Toronto Star,2024-06-18,2
3068547567.0,LCBO workers deliver overwhelming vote to strike:   Union points to a lack of bargaining and privatization as key issues,Toronto Star,2024-06-16,7
3068369327.0,Business case to move science centre cost nearly $1 million:   Critics decry price tag as an expensive sham to justify private spa,Toronto Star,2024-06-15,16
3067798982.0,A promise by Premier Doug Ford s government to include ...[Derived Headline ],Toronto Star,2024-06-14,2
3067797215.0,"Gas plants must stay, new energy minister confirms",Toronto Star,2024-06-14,11
3067422642.0,Ontario's new energy minister rejects 'ideological' push to scrap natural gas-fired power plants,Toronto Star,2024-06-13,11
3067271236.0,Beer Store can apply to sell lottery tickets:   Deal with Ontario allows retailer to expand its offerings,Toronto Star,2024-06-13,6
3066738701.0,Ontario Place challenge rejected:   Court deals setback to group fighting province's redevelopment,Toronto Star,2024-06-12,16
3066738632.0,"Ford, Illinois governor unite on trade and traffic",Toronto Star,2024-06-12,13
3066238784.0,Greenbelt fight is far from over,Toronto Star,2024-06-11,3
3066238680.0,Doug Ford seems to think the Greenbelt scandal is over - it's not,Toronto Star,2024-06-11,-1
3066238646.0,Premier is taking it back to 'axe the tax',Toronto Star,2024-06-11,15
3066238565.0,Ford disbands ministry of legislative affairs:   Department had been tasked with oversight of $1-billion renovation of legislature building,Toronto Star,2024-06-11,12
3065889246.0,Ford ignores lessons of Ontario's past at our peril,Toronto Star,2024-06-10,1
3065889245.0,Trudeau is Ford's 'political sunscreen',Toronto Star,2024-06-10,0
3065585738.0,"Cabinet shuffle reveals rifts among Conservatives, confidence amid probe:   Insiders say surprise kaffiyeh ban led to Ford making house leader change",Toronto Star,2024-06-08,3
3065585219.0,"A hard look at Ford's mind:   Join me on a journey inside the baffling mind of our premier, Doug Ford: Mallick, June 5 Zachary Quinto banned from Toronto restaurant: 'Terrific Spock, terrible customer,' June 3 Here's why Pride offers a place of salvation for this 'Drag Race' star, June 1",Toronto Star,2024-06-08,0
3065577470.0,"'It's breaking everybody's heart':   Yet another Toronto nursing home is slated for closure, as more homes decide to shut down or sell to developers rather than pay the high cost of retro tting to meet new standards",Toronto Star,2024-06-08,1
3065224095.0,"Ford shuffles front ranks:   Key ministers swap jobs, Clark promoted as house rises early for summer break",Toronto Star,2024-06-07,3
3065223363.0,Dehumanizing each other gets us nowhere,Toronto Star,2024-06-07,3
3065467249.0,Doug Ford's Tories end legislative session early and extend break till October,Toronto Star,2024-06-06,-1
3065002730.0,Commuting chaos looms as TTC talks show no progress ahead of midnight strike deadline,Toronto Star,2024-06-06,20
3064875252.0,Ontarians deserve justice,Toronto Star,2024-06-06,3
3064875124.0,Ford lost the plot on antisemitic shootings,Toronto Star,2024-06-06,3
3064515193.0,"We must rethink funding to keep hospitals going How a ...[Derived Headline ] :   How a Doug Ford promise set off a health-care fight in cottage cou ntry, June 3 Man killed in Etobicoke shooting identified as 61-year-old Delroy 'George' Parkes, June 4 Delivery riders on e-bikes are swarming the city's sidewalks: Micallef, June 1 Jonas Brothers named to perform at halftime of 2024 Grey Cup game in Vancouver, June 3 Trump raises $141 million in May, bolstered by guilty verdict, June 3",Toronto Star,2024-06-05,1
3064514982.0,Opposition parties ready for election,Toronto Star,2024-06-05,6
3064514775.0,Inside Ford's puzzling mind,Toronto Star,2024-06-05,0
3064514601.0,"Grassy Narrows sues over mercury pollution:   Ottawa, province put industry ahead of First Nation's health, suit alleges",Toronto Star,2024-06-05,-1
3064070247.0,Crombie slams premier for ' intolerant behaviour':   Liberal leader says it was 'wrong-headed' of Ford to suggest immigrants were behind shooting,Toronto Star,2024-06-04,3
3064070177.0,Watchdog to probe ServiceOntario deal:   Review prompted by Liberal MPP's concerns over financial arrangements,Toronto Star,2024-06-04,19
3064067562.0,Ford slammed over price of booze deal:   Opposition leaders question premier's decision to spend $225M despite health-care concerns,Toronto Star,2024-06-04,6
3064066886.0,"Ford calls on private clinics to help ease MRI, CT backlogs",Toronto Star,2024-06-04,1
3064299320.0,Ford government under fire following teen death after being found unresponsive at Ontario school,Toronto Star,2024-06-03,-1
3063327087.0,Battle brews in Muskoka over new hospitals:   Cottage country towns at odds over allotment of beds,Toronto Star,2024-06-03,1
3062846033.0,"Why is beer Ford's focus?:   Doug Ford says beer and wine are coming to Ontario corner stores, May 24 Tory insiders say fear of a Pierre Poilievre victory has Doug Ford considering an early election call, May 27",Toronto Star,2024-06-01,6
3062846009.0,Ford's thirst for power hu rts taxpayers,Toronto Star,2024-06-01,6
3062844756.0,We need to define affordable housing,Toronto Star,2024-06-01,10
3062844644.0,'I stick with what I said':   Ford unrepentant after furor over remarks linking shooting at Jewish school to immigrants,Toronto Star,2024-06-01,3
3062393040.0,Ford slammed for 'racist' remarks:   Premier asked to apologize after suggesting immigrants to blame for shooting at Jewish school,Toronto Star,2024-05-31,3
3062390520.0,"Easy to reject decriminalization, challenging to solve opioid crisis",Toronto Star,2024-05-31,8
3062390507.0,No need to rush booze to corner stores,Toronto Star,2024-05-31,6
3061993081.0,Why thousands of dentists aren't signing on to Ottawa's dental plan + the flaws in Doug Ford's Beer Store deal,Toronto Star,2024-05-30,1
3061629736.0,Will Beer Store plan pay off?:   Critics say taxpayers could be on the hook for far more than $225M,Toronto Star,2024-05-30,6
3061626424.0,"NDP calls for end to evictions in retirement homes:   Ontario senior's life 'turned upside down,' family says",Toronto Star,2024-05-30,10
3060988873.0,Court dismisses Jama's censure challenge,Toronto Star,2024-05-29,14
3060988851.0,'Strength in speaking our language':   Indigenous MPP makes history becoming first to speak Anishininiimowin on legislature floor,Toronto Star,2024-05-29,0
3060987173.0,"'Stay tuned,' Ford says of possible early vote",Toronto Star,2024-05-29,6
3060710888.0,"Beer Store's days are numbered, experts say:   Retailer says it has plan 'to adapt and thrive' as province opens up market",Toronto Star,2024-05-28,6
3060709755.0,Ford's pledge on housing shortfalls falls short,Toronto Star,2024-05-28,-1
3060709739.0,Report on staff emails delayed:   Watchdog has 19 active freedom-of-information appeal files on subject,Toronto Star,2024-05-28,18
3060709476.0,Tories consider calling early election:   Ford reportedly worried by potential funding cuts under a Conservative PM,Toronto Star,2024-05-28,6
3060709457.0,"We want better access to health care not beer Doug ...[Derived Headline ] :   Doug Ford says beer and wine are coming to Ontario corner stores, May 24 Pro-Palestinian encampment protesters get trespass notices at U of T - but what will Monday bring? May 25 A robot with Scarlett Johansson's voice won't solve loneliness. But this might, May 24 Polls for the EU elections indicate a hard right turn is coming. And these aren't your parents' conservatives, May 26 I never got a chance to make my sporting dreams come true. But things are changing for girls in Toronto, May 26",Toronto Star,2024-05-28,6
3060709424.0,Ford's $225M beer bet buys time:   Premier hopes boosting availability will help win early election - as taxpayers cover the tab,Toronto Star,2024-05-28,6
3060279047.0,Why won't leaders offer real rent control?,Toronto Star,2024-05-27,10
3060279028.0,"Privacy commissioner will release report on Greenbelt, NDP says",Toronto Star,2024-05-27,18
3060278985.0,Doug Ford should put Big Tobacco out of business,Toronto Star,2024-05-27,2
3059815974.0,Housing strategy won't solve crisis,Toronto Star,2024-05-25,10
3059814905.0,"Booze coming to corner stores:   Beer, wine will be available ahead of schedule thanks to $225M payout to privately run Beer Store",Toronto Star,2024-05-25,6
3059207329.0,Mayor wants MZO revoked:   Move would allow housing builds on properties now included in Greenbelt,Toronto Star,2024-05-24,21
3058772596.0,Bonnie Crombie asks RCMP for update on Greenbelt investigation of Ford government,Toronto Star,2024-05-23,18
3058532155.0,Unpredictability has been key for Ford,Toronto Star,2024-05-23,0
3058532098.0,"Province urged to provide better 'heat stress' protection for workers:   Hotter summers making for 'unsafe' working conditions, MPP says",Toronto Star,2024-05-23,20
3057618499.0,We all lose if Ford wages a war on drugs,Toronto Star,2024-05-22,8
3057618455.0,"PCs dip but still ahead of Liberals, NDP:   Survey shows rise in number of undecided voters",Toronto Star,2024-05-22,0
3056155617.0,Province moves to fast-track Ontario Place redevelopment:   Zoning order exempts project from city controls,Toronto Star,2024-05-18,16
3055933544.0,More ServiceOntario locations could move into private retail stores after $10M Staples expansion,Toronto Star,2024-05-17,19
3055933452.0,Doug Ford asks Justin Trudeau to stop approving safe drug supply sites,Toronto Star,2024-05-17,8
3055842579.0,"Tories, city spar over drug exemption request:   Province pans plan to allow narcotics, while health officials refuse to back down",Toronto Star,2024-05-17,8
3055508096.0,Ford government warns Toronto to drop request for drug decriminalization,Toronto Star,2024-05-16,8
3055355251.0,Critics blast impaired driving bill:   Civil liberties advocates warn tougher penalties unlikely to have effect,Toronto Star,2024-05-16,8
3055355069.0,The NDP says it will hold this government to account ...[Derived Headline ],Toronto Star,2024-05-16,-1
3054755870.0,Lifetime driving ban eyed for auto thieves:   Critics of new bill say harsher penalties won't solve crisis,Toronto Star,2024-05-15,9
3054754730.0,Liberals re-evaluating after byelection losses,Toronto Star,2024-05-15,0
3054372569.0,Ottawa rubs Ford's face in affordable housing flub,Toronto Star,2024-05-14,10
3053449546.0,Ontario appeals decision to strike down parts of bill:   Law made it illegal to work undercover on animal farms,Toronto Star,2024-05-11,4
3053024642.0,"Province asked to pay for transition board:   Ford government reversed course last year on separating region into three cities, citing costs",Toronto Star,2024-05-10,-1
3053024447.0,"Family refuses to pay bill as part of nursing home law:   Law allows hospitals to move patients, issue $400 daily fines if refused",Toronto Star,2024-05-10,1
3053024261.0,PCs want encampments gone:   Post-secondary education minister urges schools to clear demonstrators,Toronto Star,2024-05-10,3
3053024180.0,"Province misses gas-plant goal to produce power:   In contrast, Ontario has overshot target for grid-scale renewable energy storage",Toronto Star,2024-05-10,11
3053024039.0,Emails spark Greenbelt questions:   Records show premier's staffer attended private meeting with developer about land in Hamilton,Toronto Star,2024-05-10,18
3052471092.0,"Province warned of school cutbacks:   Per-student funding not keeping up with inflation, boards say",Toronto Star,2024-05-09,3
3052470942.0,Reverse needless kaffiyeh ban.,Toronto Star,2024-05-09,14
3052470331.0,MPP ejected from legislature over kaffiyeh,Toronto Star,2024-05-09,14
3051314011.0,"Ottawa to send money to cities, bypassing PCs:   Federal government says province is no longer willing to co-operate on deal for new homes",Toronto Star,2024-05-07,10
3051313518.0,Ford says schools should clear out protesters:   Premier points to safety concerns raised by parents,Toronto Star,2024-05-07,3
3051313514.0,Banning the kaffiyeh was the wrong call,Toronto Star,2024-05-07,14
3051312626.0,Speaker clarifies kaffiyeh ban:   MPPs asked to leave chamber for wearing scarves,Toronto Star,2024-05-07,14
3050645631.0,Failure to use First Nations bylaws will cause harm,Toronto Star,2024-05-05,4
3050449447.0,How Ford schooled rivals in Milton:   Premier banked on his candidate's name recognition to win close byelection,Toronto Star,2024-05-04,0
3050449168.0,"Education a better solution:   Ontario reveals details of cellphone ban in schools. Here are the new rules for students, April 28 Doug Ford's school cellphone ban is too easy. There's a bigger education problem he needs to fix, April 30 Here's what Ontario students say about Doug Ford's cellphone ban, April 29",Toronto Star,2024-05-04,3
3050053500.0,"Ford's Tories easily win byelections:   PCs retain Milton, Lambton-Kent-Middlesex seats vacated by former cabinet ministers",Toronto Star,2024-05-03,0
3049631539.0,Caledon's mayor tried to fast-track a massive development. Then the province stepped in,Toronto Star,2024-05-02,-1
3049630777.0,"Ontario's new plan fast-tracks trades training for teens:   Grade 11 and 12 students in program can spend 80% of time in co-op, 20% in class",Toronto Star,2024-05-02,3
3049630763.0,Tragedy shows police chases are never worth the risk,Toronto Star,2024-05-02,9
3049630664.0,"Phone ban won't solve issue, but it helps",Toronto Star,2024-05-02,3
3049630663.0,Ford focused on byelection wins:   PC staffers asked to take day off work to help out in tight Milton race,Toronto Star,2024-05-02,14
3049630342.0,"Former PC party VP appointed to bench by Ford government:   Opposition slams move as cronyism, judicial interference",Toronto Star,2024-05-02,9
3049308966.0,Ex-PC party vice-president appointed Ontario judge as opposition slams 'gravy train appointment',Toronto Star,2024-05-01,9
3049202780.0,Highway 413 to begin construction next year:   Announcement comes days before Milton byelection,Toronto Star,2024-05-01,-1
3048834445.0,Doug Ford announces when Highway 413 construction will begin,Toronto Star,2024-04-30,-1
3048340058.0,Ford claims broad support for move:   Premier touts internal government polling that shows backing for new rules is 'overwhelming',Toronto Star,2024-04-30,-1
3047798488.0,Free speech means free scarf,Toronto Star,2024-04-29,14
3047798473.0,The backward step of paper bags for booze,Toronto Star,2024-04-29,19
3047094302.0,"Premier 'didn't need to pick sides':   Behind closed doors, kaffiyeh ban at Queen's Park exposes divisions in Ford's Conservative caucus",Toronto Star,2024-04-27,14
3046380704.0,"Jama refuses order to leave legislature for wearing kaffiyeh:   'My job is to be political, and so I will continue to wear this garment,' Independent MPP says",Toronto Star,2024-04-26,14
3044991994.0,Ontario to relax rules on sick notes,Toronto Star,2024-04-25,1
3044989269.0,Province to raise speed limit on some highways:   Changes to come later this year,Toronto Star,2024-04-25,-1
3044243731.0,NDP fails in second effort to overturn ban on kaffiyeh:   Sarah Jama calls barring of scarves 'completely ridiculous and theatrical',Toronto Star,2024-04-24,14
3044243699.0,Controversial remark by premier based on 'limited information':   Ford denounced Zameer's release on bail in 2021,Toronto Star,2024-04-24,9
3043657710.0,York students get 100% midterm mark after teachers can't be found for class,Toronto Star,2024-04-23,3
3043657651.0,"Private schools selected for international study permits:   Province holding 10,000 applications for flight centres, language schools, religious universities",Toronto Star,2024-04-23,3
3043657541.0,"Honda to unveil 'massive' new EV project:   Sources say deal for Ontario factory has support from Ottawa, province",Toronto Star,2024-04-23,-1
3043656456.0,Politicians also owe Zameer an apology,Toronto Star,2024-04-23,9
3043656455.0,Families push Ford to disband police in Thunder Bay,Toronto Star,2024-04-23,4
3042896711.0,Councillors slam 'outrageous' costs:   $1.5 million billed by provincial board tasked with finding regional efficiencies,Toronto Star,2024-04-22,-1
3042896429.0,Domestic violence is an epidemic,Toronto Star,2024-04-22,-1
3042391674.0,"Tory ad blitz is hurting Crombie:   Poll suggests PC attack commercials, folksy promotions by Ford working against Liberal leader",Toronto Star,2024-04-21,0
3041163472.0,Kaffiyeh ban remains in legislature:   Motion to overturn Speaker's ruling fails to get unanimous consent,Toronto Star,2024-04-19,14
3041162843.0,Contradictions of Doug Ford,Toronto Star,2024-04-19,-1
3040235865.0,Premier's flip-flop on UPX draws mockery,Toronto Star,2024-04-18,17
3040235824.0,Ford against kaffiyeh ban:   Speaker prohibits Palestinian headwear from legislature,Toronto Star,2024-04-18,14
3040235377.0,MPP vows to clear his name:   Ex-minister says giving ethics watchdog wrong dates was 'honest mistake',Toronto Star,2024-04-18,18
3040758761.0,Doug Ford's flip-flop on UP Express draws mockery from opposition,Toronto Star,2024-04-17,17
3039703103.0,Metrolinx walks back UPX cuts:   Transportation minister reverses course on service changes after opposition from thousands,Toronto Star,2024-04-17,17
3039703070.0,Highway 413 construction could begin next year,Toronto Star,2024-04-17,-1
3039101708.0,UP Express service cuts draw ire of local riders:   Province to reduce frequency of two inner-city stops,Toronto Star,2024-04-16,17
3039101417.0,"York University, workers reach tentative deal:   School's academic staff have been on the picket line since Feb. 26 for better wages, job security",Toronto Star,2024-04-16,20
3039101194.0,Ford pushing all-day Milton GO train service,Toronto Star,2024-04-16,17
3038661264.0,Doug Ford promises all-day GO train service in Milton - if Ottawa steps up,Toronto Star,2024-04-15,17
3037783930.0,Ford's new bill amounts to a full reset and redo,Toronto Star,2024-04-13,10
3037783778.0,"Paper Bag Premier pilloried:   Doug Ford forces LCBO to reinstate paper bags for customers, April 8",Toronto Star,2024-04-13,19
3037301482.0,"Ford not flipping on EV chargers in new homes:   Despite supporting battery production here, premier stands by removal of mandatory order",Toronto Star,2024-04-12,11
3037301453.0,"Ford should have bigger priorities than LCBO bags Doug Ford ...[Derived Headline ] :   Doug Ford forces LCBO to reinstate paper bags for customers, April 9 Trudeau tells inquiry he challenged some CSIS intelligence about election meddling, April 10 There are no excuses for dog bites - training is easy and fun, April 6 Dead and injured cyclists are never included in traffic discussions, April 6",Toronto Star,2024-04-12,19
3037301259.0,Health minister won't divulge hospital patient fines:   Province mum on fines levied against 7 people for refusing transfers to long-term-care homes,Toronto Star,2024-04-12,1
3037300261.0,Use evidence in substance policy,Toronto Star,2024-04-12,8
3037299633.0,Ford touts hearings on NDP proposal:   Premier says simply declaring intimate partner violence an epidemic would only be symbolic,Toronto Star,2024-04-12,-1
3035428914.0,"Rent control 'loopholes' have seen Ontario rents rise three times higher than guidel ines, report finds",Toronto Star,2024-04-11,10
3035427969.0,PCs support NDP bill on intimate partner violence:   But Ford government stops short of immediate legal declaration of epidemic that would boost aid,Toronto Star,2024-04-11,-1
3035427840.0,"Tories unveil bill to spur housing starts:   Legislation streamlines permit processes, improves transparency on MZOs",Toronto Star,2024-04-11,10
3035427747.0,Highway 413 hasn't yet hit open road:   Provincial project still requires federal approval on environmentally sensitive sections of route,Toronto Star,2024-04-11,-1
3035427701.0,Sunshine List's base must be updated,Toronto Star,2024-04-11,-1
3035427685.0,Ford's hydro subsidy is counterproductive,Toronto Star,2024-04-11,2
3035427558.0,"Report blames 'loopholes' for rising rents:   'Consumers are being exploited' under Ontario's rent control system, expert says",Toronto Star,2024-04-11,10
3034973388.0,"Key figures yet to be questioned:   Six months into probe, RCMP has yet to contact former housing minister",Toronto Star,2024-04-10,18
3034972889.0,"Changes to new-home data called 'misleading':   Student, retirement units to be counted toward Ontario goal",Toronto Star,2024-04-10,10
3034972883.0,Some quick fixes come quicker than others,Toronto Star,2024-04-10,19
3034628592.0,"LCBO forced to bring back paper bags:   Premier orders reintroduction, saying move will help families 'struggling to make ends meet'",Toronto Star,2024-04-09,19
3034627802.0,Ford fires back after criticism of staff payroll,Toronto Star,2024-04-09,-1
3034134875.0,Elevator problems driving up project's price tag:   Thousands of staff waiting to move into renovated complex,Toronto Star,2024-04-08,12
3034003294.0,Ford's Crombie put-down a smear or just politics?:   Premier's use of nickname for rival raises some eyebrows,Toronto Star,2024-04-07,15
3034003261.0,"Why the big battle over fourplexes?:   Prime minister wants them, premier doesn't. Millions at stake",Toronto Star,2024-04-07,10
3032922642.0,Watchdog clears Ford aide:   Accepts chief of staff's defence that key Greenbelt email was 'overlooked',Toronto Star,2024-04-05,18
3032922571.0,"Crombie slams Ford's 'pocketbook gimmicks':   Liberal leader vows to boost education, health-care funding",Toronto Star,2024-04-05,3
3031567347.0,Premier says Ontario students should get medical school spots:   Ford announces new institution run by York University,Toronto Star,2024-04-04,1
3031567310.0,Ford nods to Greenbelt flip-flop in new TV ad,Toronto Star,2024-04-04,0
3031567164.0,7 hospital patients fined for refusing transfers,Toronto Star,2024-04-04,1
3031567017.0,Premier sets May 2 as date for byelections:   Votes follow cabinet ministers' surprise resignations,Toronto Star,2024-04-04,0
3032768598.0,Doug Ford hints at Greenbelt flip-flop in new ad: 'You can't always get it right',Toronto Star,2024-04-03,0
3031312019.0,"'Amazing day': York University new medical school cause for celebration in Vaughan:   The new medical school will include up to 80 undergraduate seats and up to 102 postgraduate seats starting in September 2028, with up to 240 undergraduate seats and 293 postgraduate seats on an annual basis",Toronto Star,2024-04-03,1
3031024565.0,Group fighting spa plan scores legal victor:   Ford government tried to quash request for review of decision to skip environmental assessment,Toronto Star,2024-04-03,16
3028178454.0,Province won't meet with legal groups over judge row:   Ford's 'like-minded judges' comment raises concern over impartial selection,Toronto Star,2024-04-02,9
3015085093.0,Do Ontario ads cross the line?,Toronto Star,2024-03-30,-1
3015081073.0,Ford's fourplex fumble was a dismal moment:   So much for getting government rules out of the way of solving housing crisis,Toronto Star,2024-03-30,10
3015081045.0,Ontario budget an 'abdication of responsibility':   Critics say province is unprepared to help communities navigate the effects of climate change,Toronto Star,2024-03-30,-1
3015081026.0,"Environmental reviews exist for important reasons In win for Doug ...[Derived Headline ] :   In win for Doug Ford, Ottawa drops environmental assessment for Ontario's Highway 413, March 21",Toronto Star,2024-03-30,-1
3015080963.0,Ford's housing promise is unravelling,Toronto Star,2024-03-30,10
3013971881.0,"Ontario's Sunshine List tops 300,000 for first time:   OPG executives top provincial list of $100K-plus earners",Toronto Star,2024-03-29,-1
3013971691.0,"City manager warns of funding challenge:   Without replacement for developer fees, efforts to build affordable housing could be hindered",Toronto Star,2024-03-29,10
3013971641.0,Ford tells boards to 'focus on the kids',Toronto Star,2024-03-29,3
3013971640.0,Ford government makes a deal with city of Ottawa,Toronto Star,2024-03-29,-1
3013971151.0,"Rules will put strain on colleges, critics say:   Loss of partnerships with private schools kills revenue stream for public system",Toronto Star,2024-03-29,3
3003345996.0,Ford really should support fourplexes,Toronto Star,2024-03-28,10
3012643338.0,"'Overworked, undervalued': Elementary and high school academic workers rally for York University's month-long strike",Toronto Star,2024-03-27,20
2988141396.0,Ontario's deficit soars as tax revenues plunge + the dog that mauled a Toronto boy had a history of violence,Toronto Star,2024-03-27,2
2986991473.0,Home and community care to get $2B boost,Toronto Star,2024-03-27,1
2986944963.0,"Ontario will surviv e, but it won't thrive",Toronto Star,2024-03-27,2
2986926997.0,"Ontario sets sights on auto theft:   Province to cut some mandatory insurance coverage, boost police funding in bid to crack down on crime",Toronto Star,2024-03-27,2
2986919767.0,Ontario's deficit soars to $9.8B:   Revenue shortfall costs coffers more than $7B Provincial budget grows to a record $214.5 billion Extra $2B earmarked for home and community care,Toronto Star,2024-03-27,2
2994789922.0,8 highlights from the Ontario budget - and 2 things all drivers will want to know,Toronto Star,2024-03-26,2
2985587613.0,PCs defend their provincial carbon levy:   Ford criticizes Ottawa while Ontario program aimed at industrial emitters set to go up next year,Toronto Star,2024-03-26,15
2985587564.0,Higher density to help amid housing crisis,Toronto Star,2024-03-26,10
2985587533.0,"Ford extending gas tax cut to Dec. 31:   Premier, finance minister urge federal government to pause April 1 increase of carbon price",Toronto Star,2024-03-26,2
2973893613.0,"Ontario schools facing budget deficits:   Despite new funds, third of universities remain in the red",Toronto Star,2024-03-25,3
2973893364.0,"Forget the optics, the carbon tax works",Toronto Star,2024-03-25,15
2973660441.0,"There's one government in Canada that's actually beating back the housing crisis, and it's not Trudeau's Liberals or Ford's Conservatives",Toronto Star,2024-03-24,10
2973622191.0,"Poilievre's popularity helps Ford, poll finds:   At the same time, displeasure with PM is dragging down Liberal Leader Crombie",Toronto Star,2024-03-24,0
2973622169.0,B.C. shows NDP solutions can help fix housing crisis,Toronto Star,2024-03-24,10
2973396039.0,Ottawa may cancel housing funds:   Federal minister says $357M may be withheld if Ontario doesn't revise plan,Toronto Star,2024-03-23,10
2973393675.0,Unhappy about federal carbon tax? Thank Doug Ford,Toronto Star,2024-03-23,15
2973076042.0,Ford promises $1.8B for housing:   Next week's provincial budget will include municipal funding for roads and other infrastructure,Toronto Star,2024-03-22,1
2973075873.0,In a win for Premier Doug Ford there s a ...[Derived Headline ],Toronto Star,2024-03-22,-1
2973075854.0,"Why so down on fourplexes, Doug?",Toronto Star,2024-03-22,10
2972743191.0,Indigenous leaders call for OPP to enforce First Nations law:   Community Safety and Policing Act to take effect in Ontario on April 1,Toronto Star,2024-03-21,4
2972742840.0,"Province denies 'secret plan' to pave part of Lake Ontario:   Revamp to go ahead as unveiled last year, says infrastructure minister",Toronto Star,2024-03-21,16
2972742796.0,Our tribunals under attack,Toronto Star,2024-03-21,9
2972742794.0,"Gas plant use has tripled under PCs:   Increase temporary while cleaner sources are being built, minister says",Toronto Star,2024-03-21,11
2972742783.0,PCs mull new medical school:   Plans for Vaughan facility come amid doctor shortage,Toronto Star,2024-03-21,1
2968931037.0,"Ontario Liberals propose tax credit for children's sports, after-school activities",Toronto Star,2024-03-20,2
2968778336.0,Crombie distances party from federal carbon levy,Toronto Star,2024-03-20,15
2968777989.0,Legislature renovation likely to be delayed:   Parking spaces underground may be added to project,Toronto Star,2024-03-20,12
2968777857.0,Ford has a history of reckless actions,Toronto Star,2024-03-20,9
2967006923.0,Crombie promises no provincial carbon tax:   Ontario Liberal leader also announces new panel to develop party's climate-change policies,Toronto Star,2024-03-19,15
2957706300.0,Ontario needs to rein in spending,Toronto Star,2024-03-16,2
2957700380.0,"His word is law:   'The best on any court': A stern, 'terrifying' judge who made a giant impact on Canadian justice retires - with parting words for Doug Ford",Toronto Star,2024-03-16,9
2957098427.0,"It is clear that Ford does not understand Ford warns ...[Derived Headline ] :   Ford warns Trudeau's Liberals they'll be 'annihilated' if they raise the carbon price, March 13",Toronto Star,2024-03-15,15
2957097632.0,"Ford implores Trudeau to 'collaborate':   Premier's letter seeks aid for transit, highways, housing",Toronto Star,2024-03-15,-1
2956617091.0,"Head of union is 'lying,' Ford says:   Premier trying to gradually privatize booze, leader claims",Toronto Star,2024-03-14,7
2956616577.0,Finance minister stuck in Ford's muddle,Toronto Star,2024-03-14,2
2956057045.0,Ford's finance minister hints at extension of gas tax break:   Province's temporary cut of 5.7 cents per litre set to expire on June 30,Toronto Star,2024-03-13,2
2955210546.0,Cracking down on shady landlords,Toronto Star,2024-03-12,-1
2955209971.0,When Ford earned a judge's rebuke:   Comments during jury selection in 2014 raised concern over presumed innocence,Toronto Star,2024-03-12,9
2955208216.0,When Doug Ford tried to get out of jury duty - and earned himself a lecture on the rule of law,Toronto Star,2024-03-12,9
2954715658.0,"Teachers, province found right formula:   Despite strains between government and unions, four agreements were reached without job action",Toronto Star,2024-03-11,20
2954419262.0,Ontario's system of naming judges is well-respected,Toronto Star,2024-03-10,9
2954146451.0,"We lost accountability, vision with Ontario Hydro's demise",Toronto Star,2024-03-09,11
2954145826.0,Ford fires back at critical Tory MP:   Premier says Jivani 'wouldn't even be where he is if I didn't give him' past role at Queen's Park,Toronto Star,2024-03-09,0
2942080888.0,Female MPPs seek apology:   Group was denied time to speak about International Women's Day,Toronto Star,2024-03-08,-1
2938201089.0,Failed wage cap bill costs province $4B:   Government continues to make catch-up payments to public sector workers,Toronto Star,2024-03-07,20
2938199898.0,Ford's comments alarm top ex-judges:   Former chief justices deliver public rebuke over premier's call for 'like-minded' jurists,Toronto Star,2024-03-07,9
2937588174.0,Premier's byelection pick has Liberal past,Toronto Star,2024-03-06,0
2937587487.0,Tory tensions flare after byelection win:   New Durham MP rails against 'liberal elites' - including Ford minister,Toronto Star,2024-03-06,0
2937267906.0,"Tories defeat motion to halt 407 tolls for trucks:   NDP say move would ease congestion and pollution, but minister points out highway is privately owned",Toronto Star,2024-03-05,13
2937267634.0,Ford names local councillor as PC candidate in Milton,Toronto Star,2024-03-05,0
2934403438.0,Doug Ford names Milton byelection candidate,Toronto Star,2024-03-04,0
2933898862.0,North York General fought the ER crisis - and won:   How one of the city's busiest hospitals has cut down on patient wait times Photos by Nick Lachance Toronto Star,Toronto Star,2024-03-03,1
2933744082.0,"Judges should be apolitical:   'I am going to make sure we have like-minded judges,' Doug Ford doubles down amid Ontario court outcry, Feb. 26 Why Doug Ford's plan for ""like-minded"" judges is a terrible move, Editorial, Feb. 27 There's no doubt where Doug Ford stands - and it's not good, Phillips, Feb. 27",Toronto Star,2024-03-02,9
2933743056.0,Ontario courts trouble with its judiciary,Toronto Star,2024-03-02,0
2933743012.0,"Ford wrong to stack courts, ex aide says:   Former Harper adviser suggests premier doesn't get public safety",Toronto Star,2024-03-02,9
2933372924.0,Ford's judicial wish a risky endeavour,Toronto Star,2024-03-01,9
2933368860.0,"Closing schools for the eclipse unfair, Lecce says:   Working families need more notice to arrange child care",Toronto Star,2024-03-01,3
2933368778.0,"Ontario invests $1.6B in CAMH expansion:   Project includes research centre, secure space for 214 in-patients",Toronto Star,2024-03-01,8
2932836982.0,Where will MPPs go while Queen's Park gets repaired?:   New chambers expected to be in place nearby following 2026 election,Toronto Star,2024-02-29,12
2932835902.0,"Former judge slams Ford's comments:   Appointing 'like-minded' officials will lead to erosion of judicial independence, says retired jurist",Toronto Star,2024-02-29,9
2932835873.0,How premier squeezes higher education,Toronto Star,2024-02-29,3
2932383709.0,Ford 'tripling down' on judge rec ruitment:   Critics warn premier's stance a 'threat' to judicial independence,Toronto Star,2024-02-28,9
2932383528.0,"Minister rips claims Ontario was in dark:   Miller points to meetings between federal, provincial governments on foreign student cap",Toronto Star,2024-02-28,3
2932382001.0,Ford's sneaky act pushes sprawl,Toronto Star,2024-02-28,10
2932167584.0,Doug Ford wants 'like-minded' judges. Here's how to understand the controversy rocking Ontario courts,Toronto Star,2024-02-27,9
2931931229.0,"$1B boost not enough, schools say:   Funding falls short of what province's own expert panel recommended",Toronto Star,2024-02-27,3
2931930992.0,Dangers of a 'like-minded' judiciary,Toronto Star,2024-02-27,9
2931927569.0,Ford taints judicial process,Toronto Star,2024-02-27,9
2931927500.0,"York workers eye higher pay:   3,000 staff walk off job as union pushes university for wage increase, job security",Toronto Star,2024-02-27,20
2931927455.0,Ford reiterates call for 'like-minded judges':   Premier's comments come amid outcry from opposition and legal experts,Toronto Star,2024-02-27,9
2931758424.0,"Doug Ford's call for 'like-minded' people picking judges is 'substantial threat' to Ontario courts, lawyers tell him",Toronto Star,2024-02-26,9
2931758357.0,"3,000 academic workers at York University on strike",Toronto Star,2024-02-26,20
2931524210.0,Ford government announces details of billion-dollar boost to colleges and universities,Toronto Star,2024-02-26,3
2931524126.0,"Ford's Tories surging, new poll suggests:   Data shows PCs' gains coming at expense of New Democrats, while Liberals sit in between",Toronto Star,2024-02-26,0
2931110104.0,Ontario repeals wage cap law:   Bill 124 limited pay increases for most public-sector workers to 1% per year,Toronto Star,2024-02-24,20
2931110019.0,Ford defends 'patronage' appointments:   Premier wants 'like-minded people' selecting Ontario judges,Toronto Star,2024-02-24,9
2931109963.0,"Province to boost funding for colleges, universities",Toronto Star,2024-02-24,3
2930423560.0,Teacher unions slam province:   Leaders blame Ford government for staffing shortage felt across Ontario,Toronto Star,2024-02-23,3
2930422728.0,City gets $114M for hitting housing target:   New-home starts last year exceeded objective by 51%,Toronto Star,2024-02-23,10
2930422714.0,Ex-Ford staffers now pick judges:   'Blatant examples of patronage' among charges as critics fear perception of politicized process,Toronto Star,2024-02-23,9
2930422664.0,Why are Ford's Tories obsessed with Crombie?:   Liberal leader is under attack by Conservatives in the legislature,Toronto Star,2024-02-23,15
2930422657.0,The Ontario government will provide more than a billion dollars ...[Derived Headline ],Toronto Star,2024-02-23,3
2930422625.0,Bill aims to overturn gas rate ruling:   Critics of province's move say energy board decision would encourage installation of heat pumps,Toronto Star,2024-02-23,11
2929400462.0,"Cap on students will hurt economy, province suggests",Toronto Star,2024-02-22,3
2929400181.0,PCs plan to enshrine anti-harassment law,Toronto Star,2024-02-22,-1
2929386758.0,'We knew it was going to be bafflegab':   Sault Ste. Marie residents without clinic disappointed by Tories' reaction,Toronto Star,2024-02-22,1
2929385145.0,Belleville needs business case for health hub,Toronto Star,2024-02-22,8
2929384859.0,Omnibus bill is political theatre,Toronto Star,2024-02-22,-1
2928800326.0,"Ford refuses to apologize:   Nurse, teacher, public servant wages were capped under controversial law",Toronto Star,2024-02-21,-1
2928510800.0,Ford government set to return with Get It Done Act:   Leaders dismiss premier's legislation as a 'performative' distraction,Toronto Star,2024-02-20,15
2927815516.0,Ford's Tories want to fast-track projects:   Critics warn Greenbelt shows government can't be trusted with 'harmful' policies,Toronto Star,2024-02-17,-1
2927815114.0,More funding is needed for health-care ills,Toronto Star,2024-02-17,1
2927101383.0,"Province to ban new tolls, freeze driver's licence fees:   Law to prohibit levies on provincial freeways except 407",Toronto Star,2024-02-16,13
2927644066.0,Here's how many international student applications Ontario universities want,Toronto Star,2024-02-15,3
2926411150.0,Partisan politics leaves tenants out in cold,Toronto Star,2024-02-15,-1
2925929198.0,Ford vows Belleville aid amid overdose crisis,Toronto Star,2024-02-14,8
2925928539.0,Province to scrap renewal of licence plates:   Registration will be automatic for those 'in good standing',Toronto Star,2024-02-14,-1
2925928369.0,'I'm at a loss for words':   Ford government faces lawsuit over expansion of Pickering home where dozens died during COVID-19,Toronto Star,2024-02-14,1
2925579931.0,Doug Ford government scrapping licence plate renewals,Toronto Star,2024-02-13,-1
2925411539.0,In a victory for nurses teachers and thousands of unionized ...[Derived Headline ],Toronto Star,2024-02-13,20
2925380691.0,Post- secondary chaos comes courtesy of Ford,Toronto Star,2024-02-13,3
2925082274.0,"Doug Ford's wage restraint legislation is unconstitutional, appeal court finds",Toronto Star,2024-02-12,20
2924894817.0,A transgender policy rooted in politics,Toronto Star,2024-02-12,0
2924894745.0,Are your vehicle's licence plates up to date?:   More than a million risking nes over expired permits,Toronto Star,2024-02-12,-1
2924182926.0,Arbitrator awards 2.75% pay hike to Ontario teachers:   Retroactive bump compensates for province's 1% cap,Toronto Star,2024-02-10,20
2923765623.0,"Ford's actions bring sigh of relief:   Premier deserves kudos for keeping distance from Smith, Poilievre, other right-wing populists",Toronto Star,2024-02-09,0
2923260436.0,Why Ford's PCs won't follow Smith on trans rights: 'This isn't Alberta',Toronto Star,2024-02-08,0
2923258989.0,Public banks should serve the public,Toronto Star,2024-02-08,1
2923117673.0,Toronto Western Hospital getting more beds and operating rooms to help tackle wait times,Toronto Star,2024-02-06,1
2922392576.0,TTC joins single-fare payment system,Toronto Star,2024-02-06,17
2922391636.0,Ford hails ruling on mandate letters,Toronto Star,2024-02-06,-1
2921666927.0,Ford takes aim at 'queen of the carbon tax':   Premier's campaign-style speech to the Tory troops focuses on new Liberal leader Crombie,Toronto Star,2024-02-04,0
2921460797.0,"Children learn through play:   Doug Ford government to revamp full-day kindergarten curriculum, Jan. 23",Toronto Star,2024-02-03,3
2921458619.0,Top court supports mandate letter secrecy:   Ruling protects Ford's directives to his cabinet ministers,Toronto Star,2024-02-03,-1
2921083344.0,Supreme Court rules Doug Ford's mandate letters for cabinet ministers can be kept secret,Toronto Star,2024-02-02,-1
2920454133.0,Ontario's new odd couple may save Toronto,Toronto Star,2024-02-01,10
2920443763.0,Ford dismisses need for tuition hike:   Postsecondary schools haven't seen increase since 2019,Toronto Star,2024-02-01,3
2920436071.0,Province misfires on ServiceOntario,Toronto Star,2024-02-01,19
2920226916.0,"Under pressure from universities, Doug Ford says it's 'not the time' for a tuition increase",Toronto Star,2024-01-31,3
2920057553.0,Province eyes plan to revamp Pickering reactors:   Costly project raises questions as price of green energy falls,Toronto Star,2024-01-31,11
2920279488.0,"Colleges, universities warn of 'long-lasting consequences' from international student cap",Toronto Star,2024-01-30,3
2919808157.0,Ontario seeks approval to refurbish 4 Pickering nuclear reactors,Toronto Star,2024-01-30,11
2919759457.0,Ford approves three MZOs - with Chow's OK,Toronto Star,2024-01-30,21
2919137471.0,"10,000 Ontario patients cut loose because of staffing shortages",Toronto Star,2024-01-28,1
2918963102.0,"Trouble lurking for Ford's Tories?:   New poll suggests party in lead, but undecided voters could change things",Toronto Star,2024-01-28,0
2918722124.0,New measures to 'protect students':   Ontario restores ban on public-private college partnerships amid international student cap,Toronto Star,2024-01-27,3
2918611961.0,Pierre Poilievre poaches Doug Ford cabinet minister to run federally,Toronto Star,2024-01-26,0
2918481602.0,Harassment law to punish politicians:   Ford says legislation will force local officials out of roles if they have behaved inappropriately,Toronto Star,2024-01-26,-1
2917776405.0,Reforms on international students were long past due,Toronto Star,2024-01-24,3
2917499588.0,Rural Ontario to get piece of housing pie:   Ford letting smaller towns share in $1.2B program to boost construction,Toronto Star,2024-01-23,10
2917498490.0,Ford's office denies claims of inconsistencies in testimony:   NDP says emails show government was 'far more involved' in land removal,Toronto Star,2024-01-23,18
2917178462.0,"Ford's office knew earlier of land swap plan, internal email suggests:   Message to aide contradicts testimony to ethics watchdogMessage to aide contradicts testimony to ethics watchdog",Toronto Star,2024-01-22,18
2916625213.0,Municipalities back bill rejected by Ford's Tories:   Sexual harassment legislation would see guilty local politicians kicked out of office,Toronto Star,2024-01-20,-1
2916356959.0,"Ontario expanding Hazel McCallion LRT:   Plan to add to route in Mississauga, Brampton comes amid criticism over other delayed projects",Toronto Star,2024-01-19,17
2916356950.0,Province slammed for use of temporary nurses:   Agencies charge high rates amid staffing shortages,Toronto Star,2024-01-19,1
2916356585.0,It's Big Tech versus little minds,Toronto Star,2024-01-19,3
2915913479.0,"Private-clinic plan to begin in spring:   Non-profit to oversee provincial program allowing companies to offer CT scans, MRIs and more",Toronto Star,2024-01-18,1
2915912917.0,MPPs' salaries stuck at 2008 levels:   Insiders worry wages may limit candidate pool,Toronto Star,2024-01-18,-1
2915522498.0,Former PC minister in political limbo:   Independent MPP must wait for RCMP Greenbelt investigation to finish before ethics review,Toronto Star,2024-01-17,18
2914889870.0,Young Ontario activists' climate lawsuit against province goes to Court of Appeal on Monday,Toronto Star,2024-01-15,11
2914567835.0,"Ontario Crombie's to discover, win",Toronto Star,2024-01-15,0
2914557378.0,"Lawsuit heads to appeals court:   Province's handling of crisis breached Charter rights, young activists say",Toronto Star,2024-01-15,11
2913405180.0,Need a health card? Go to Staples:   Some ServiceOntario spots are closing and moving into stores,Toronto Star,2024-01-12,19
2913404925.0,Small caucus but a big paycheque for Crombie:   Liberal leader will make more than head of official Opposition despite just 9 MPPs,Toronto Star,2024-01-12,0
2912222611.0,Flip-flop won't undo damage by Ford,Toronto Star,2024-01-10,11
2910806496.0,"Ontario needs a meaningful plan A welcome about face on ...[Derived Headline ] :   A welcome about-face on green energy, Editorial, Dec. 20",Toronto Star,2024-01-06,11
2910127871.0,Greenbelt mess may scuttle lucrative fundraising event:   Leader's dinner raised a record $6 million for Conservative party last year,Toronto Star,2024-01-05,18
2909041081.0,Crombie smashes fundraising target as Liberals collect $1.2M,Toronto Star,2024-01-03,0
2908074345.0,Ford extends gas tax cut:   Provincial government rings in new year with new laws and regulations,Toronto Star,2024-01-01,2
3171912951.0,WARMINGTON: Crombie vows to free Sir John A. Macdonald statue if she wins election,The Toronto Sun,2025-02-26,0
3171906491.0,WARMINGTON: Will premier hopeful Bonnie Crombie's gamble pay off?,The Toronto Sun,2025-02-26,0
3171528414.0,Is this seat taken?; 8 ridings to watch on election day,The Toronto Sun,2025-02-26,0
3171307741.0,Ontario Liberal Leader Bonnie Crombie endorses Mark Carney,The Toronto Sun,2025-02-25,0
3171101403.0,Stiles touts stronger health care at Windsor stop,The Toronto Sun,2025-02-25,0
3171100385.0,Grits: It's Ford's fault; Crombie blames Tories for poorly vetted Liberal candidates,The Toronto Sun,2025-02-25,0
3171099601.0,Pills that kill; Ontario cops looking for fentanyl; at border - and finding plenty of it,The Toronto Sun,2025-02-25,0
3170919154.0,Bonnie Crombie blames PCs for poorly vetted Ontario Liberal candidates,The Toronto Sun,2025-02-24,0
3170651728.0,Ford in poll position; PC leader is dominating on top issues for Ontario voters,The Toronto Sun,2025-02-24,0
3169876650.0,BATRA'S BURNING QUESTIONS: Is the election in the bag for Doug Ford and does it matter?,The Toronto Sun,2025-02-23,0
3169666863.0,Playing long game; Ford's U.S. charm offensive could pay off,The Toronto Sun,2025-02-22,0
3169580980.0,LILLEY: Ford plays the long game in charm offensive against Trump,The Toronto Sun,2025-02-21,0
3169286320.0,"Scrappin' for silver; NDP, Grits locked in battle to see which party can look most foolish",The Toronto Sun,2025-02-21,-1
3169231534.0,LILLEY: Strange days as Ontario election campaign winds down,The Toronto Sun,2025-02-20,-1
3169001602.0,OPINION: Boilermakers endorse Doug Ford to power Ontario's future,The Toronto Sun,2025-02-20,11
3168919277.0,Crombie rips absent Ford; 'Have the balls to say it to my face',The Toronto Sun,2025-02-20,0
3168786455.0,"'Have the balls to say it to my face,' Crombie challenges Ford over campaign criticism",The Toronto Sun,2025-02-19,0
3168138077.0,More Canadians willing to take hard line on crime,The Toronto Sun,2025-02-18,9
3168137734.0,The great berate; Ford survives 3-on-1 attack in provincial election debate,The Toronto Sun,2025-02-18,0
3168117029.0,LILLEY: Ford survives 3-on-1 attack during provincial election debate,The Toronto Sun,2025-02-18,0
3167430283.0,Injection of hope; Brampton politicians laud province for shuttering drug use site,The Toronto Sun,2025-02-16,8
3167341616.0,"OPINION: Thank you, Minister Sylvia Jones, for protecting Brampton families from unsafe drug policies",The Toronto Sun,2025-02-15,8
3166373395.0,Harsh lesson in economics; Colleges' funding crisis can no longer be ignored,The Toronto Sun,2025-02-13,3
3166029650.0,'Fortress am-can'; Ford takes tariff fight to U.S. capital,The Toronto Sun,2025-02-12,0
3165912613.0,"LILLEY: Ford takes tariff fight to U.S. capital, proposes 'Fortress Am-Can'",The Toronto Sun,2025-02-11,0
3165544126.0,Drop and Gimme 20.; Grit issues pushup challenge to Ford,The Toronto Sun,2025-02-11,0
3165543348.0,Labour groups uniting behind PCs,The Toronto Sun,2025-02-11,-1
3165467083.0,Crombie issues pushup challenge to Ford during campaign stop,The Toronto Sun,2025-02-10,0
3165223898.0,Election Season,The Toronto Sun,2025-02-10,0
3165223710.0,Uper-size ads; Ontario election over Trump spills over to gridiron broadcast,The Toronto Sun,2025-02-10,0
3164742094.0,Tariff turmoil,The Toronto Sun,2025-02-08,0
3164741695.0,"Indeed, these are interesting times; Runaway taxes, slow approvals, political inertia will need to be addressed",The Toronto Sun,2025-02-08,10
3164509996.0,Long-term health struggle; No quick fix coming for Ontario doctor shortage,The Toronto Sun,2025-02-07,1
3164440279.0,LILLEY: No quick fix coming for Ontario doctor shortage,The Toronto Sun,2025-02-06,1
3164416132.0,"PCs promise trains, Liberals promise doctors, NDP promise rent relief",The Toronto Sun,2025-02-06,17
3163613725.0,Ford vows to upload Ottawa's LRT system,The Toronto Sun,2025-02-05,17
3163613714.0,More unions back Tories,The Toronto Sun,2025-02-05,-1
3163613689.0,"Stuck in neutral; Despite reprieve, tariffs will eventually hit Ontario's vulnerable auto industry",The Toronto Sun,2025-02-05,0
3163613086.0,"Fix Ontario's schools, hire more staff: NDP's Stiles",The Toronto Sun,2025-02-05,3
3163570732.0,"LILLEY: Despite reprieve, tariffs will eventually hit Ontario's auto industry",Other,2025-02-05,0
3163550347.0,"LILLEY UNLEASHED: Trump tariff threats gone, for now, is Ford going to pivot?",The Toronto Sun,2025-02-04,0
3163527179.0,"Fix Ontario's schools, hire more staff: NDP's Marit Stiles",The Toronto Sun,2025-02-04,3
3163297152.0,Trade war boosts PC popularity; Trade war boosts PC popularity,The Toronto Sun,2025-02-04,0
3163235317.0,WATCH: Ford takes questions about Trump's tariffs,The Toronto Sun,2025-02-03,0
3163190460.0,Trump trade war doubles Ford PC lead in Ontario election race: Poll,The Toronto Sun,2025-02-03,0
3163150559.0,Ontario firefighters' union backs Ford Tories,The Toronto Sun,2025-02-03,-1
3163046607.0,Firefighters' union backs Tories,The Toronto Sun,2025-02-03,-1
3163046596.0,Grit: Ford's 'failed'; Crombie has question for PCs' boss: Where's rest of your tariff plan?,The Toronto Sun,2025-02-03,0
3163046575.0,Say bye-bye to U.S. booze; Want American wine or bourbon? Stock up before Tuesday,The Toronto Sun,2025-02-03,0
3163046445.0,"""national Unity""",The Toronto Sun,2025-02-03,0
3162655371.0,Unifor local endorses PCs,The Toronto Sun,2025-02-02,-1
3162580511.0,Ontario PCs net first-ever Unifor endorsement,The Toronto Sun,2025-02-01,-1
3162423208.0,Ford Versus Trump,The Toronto Sun,2025-02-01,0
3162023330.0,Bonnie unboxed; Sir John A. may breathe again if Crombie's premier,The Toronto Sun,2025-01-31,0
3161999375.0,WARMINGTON: Provincial election heats up,The Toronto Sun,2025-01-31,0
3161990075.0,WARMINGTON: John A. Macdonald may be resurrected if Bonnie Crombie becomes premier,The Toronto Sun,2025-01-31,0
3161956923.0,"WATCH: ""There is a bullet aimed straight at the heart of our auto sector""- Ford",The Toronto Sun,2025-01-30,0
3161622910.0,Leaders launch election campaigns,The Toronto Sun,2025-01-30,0
3161365640.0,LILLEY: Provincial party leaders make case to voters with Trump tariffs at forefront,The Toronto Sun,2025-01-29,0
3161312312.0,'Political gain'; Ford exploiting tariff threat and Ottawa's lack of leadership. Expect it to work,The Toronto Sun,2025-01-29,0
3160670773.0,Going out on top; Ford has flurry of announcements before election call,The Toronto Sun,2025-01-28,-1
3160670644.0,NDP rejects Jama's bid to rejoin caucus,The Toronto Sun,2025-01-28,14
3159749017.0,'Pray we get elected'; Seeks new mandate from voters 'to fight Trump tariffs',The Toronto Sun,2025-01-25,0
3159692863.0,WATCH: Premier Ford confirms he will call an election,The Toronto Sun,2025-01-24,0
3159014577.0,"It's up to you, the voter; Ford calling an early election because it helps him",The Toronto Sun,2025-01-23,0
3158276955.0,'The sooner the better'; Ontario election set to roll on Trump's tariff threat,The Toronto Sun,2025-01-22,0
3158133125.0,LILLEY UNLEASHED: Premier Doug Ford is heading to the polls soon,The Toronto Sun,2025-01-21,0
3157760975.0,'They will feel the; pain'; Ford threatens to pull American booze in response to Trump's tariffs bombshell,The Toronto Sun,2025-01-21,0
3157719754.0,"WARMINGTON: Thank bourbon, Doug Ford and Danielle Smith for tariff reprieve",The Toronto Sun,2025-01-21,0
3157052725.0,Canada 'not for sale'; Canucks must stand together and deliver message to Trump,The Toronto Sun,2025-01-19,0
3156964305.0,KINSELLA: Let's stand together and tell Trump we're 'not for sale',The Toronto Sun,2025-01-18,0
3156295822.0,Ford's 'Canada is not for sale'cap a big hit,The Toronto Sun,2025-01-16,0
3155460846.0,Ford may have no choice now; Tariffs could force early election call,The Toronto Sun,2025-01-14,0
3155376436.0,WATCH: Doug Ford gives clearest sign yet that he'll consider an early election to battle Trump,The Toronto Sun,2025-01-13,0
3153146122.0,WATCH: Premier Doug Ford is clear that Canada will never be for sale,The Toronto Sun,2025-01-08,0
3151311041.0,New policy has HART; 9 drug consumption sites approved as new treatment centres,The Toronto Sun,2025-01-03,8
3150480940.0,LILLEY: Opposition leaders could benefit if Premier Ford doesn't call early vote,The Toronto Sun,2024-12-31,0
3150442351.0,"Wait gain for opposition; Liberals, NDP could benefit if Ford doesn't call early election",The Toronto Sun,2024-12-31,0
3150267916.0,LILLEY: Don't expect Doug Ford to call an early election this spring,The Toronto Sun,2024-12-30,0
3150201026.0,Vote springs eternal; Don't expect provincial gov't to melt away with the snow,The Toronto Sun,2024-12-30,0
3148980372.0,Doug the halls; Santa Ford says PCs are sticking solutions under Ontario's tree,The Toronto Sun,2024-12-24,-1
3144230300.0,Ontario introduces measures to clear out encampments,The Toronto Sun,2024-12-13,4
3144230054.0,"With us or against us; 'Stand with Beijing or stand with Washington,'Ford tells Mexico",The Toronto Sun,2024-12-13,0
3144229889.0,Another provincial Grit leader defects on Trudeau's carbon tax,The Toronto Sun,2024-12-13,15
3143900488.0,"'Stand with Beijing or stand with Washington,' Premier Ford tells Mexico",The Toronto Sun,2024-12-12,0
3143874344.0,"Ontario introduces new measures to end homeless encampments, provide support",The Toronto Sun,2024-12-12,4
3143578613.0,Ford: I'll pull plug; Says he's ready to cut off power exports to U.S,The Toronto Sun,2024-12-12,0
3143434262.0,WARMINGTON: Ford decrees he's ready to 'cut off' power exports to U.S,The Toronto Sun,2024-12-12,0
3143075221.0,Trump tariff proposal would devastate Ontario economy,The Toronto Sun,2024-12-11,0
3141993221.0,Term limits,The Toronto Sun,2024-12-07,5
3141993178.0,Blaming Ford all wrong; Getting subway built in Toronto no small feat,The Toronto Sun,2024-12-07,-1
3141993172.0,"Ford's promise finds support; Vows to crack down on public drug use, encampments",The Toronto Sun,2024-12-07,4
3141923362.0,"EDITORIAL: Doug Ford's push to modernize transit, ease congestion will be his legacy",The Toronto Sun,2024-12-06,-1
3141162487.0,"Focus of Trump tariffs should be China, Mexico - not Canada: Ford",The Toronto Sun,2024-12-05,0
3138994248.0,Straight to the moon; Big energy push by Ford gov't generates astronomical interest in nuclear reactors,The Toronto Sun,2024-12-03,11
3138993548.0,Moving on; Metrolinx boss finally off train as Ford tries to get Crosstown on track,The Toronto Sun,2024-12-03,17
3138992003.0,A tale of two cyclists; Good Rider and Bad Rider,The Toronto Sun,2024-12-03,5
3134225230.0,Change brewing in Ontario; Craft beer industry may win tax cut,The Toronto Sun,2024-11-29,6
3133389771.0,WATCH: Doug Ford responds to Donald Trump's tariff threat,The Toronto Sun,2024-11-26,0
3131561428.0,"CAUGHT ON CAMERA: Ford says Premiers want two trade deals, one with the U.S. and one with Mexico",The Toronto Sun,2024-11-21,0
3129734398.0,"Council to Premier Ford: Respect us, stay in your lane",The Toronto Sun,2024-11-17,5
3128892576.0,'Tragedy waiting to happen'; 'Inflated'$48M estimate to remove bike lanes double cost of installation,The Toronto Sun,2024-11-15,5
3128475190.0,Wasteful Boards,The Toronto Sun,2024-11-14,3
3127662029.0,LILLEY UNLEASHED: Ontario Premier fighting Mexico on free trade issues,The Toronto Sun,2024-11-12,0
,"LILLEY: Ford sends message to Americans, should have been Trudeau",The Toronto Sun,2024-11-12,0
3127419136.0,"Sanity takes a holiday; School boards own worst enemy, splurging on trips and conferences",The Toronto Sun,2024-11-12,3
3126045853.0,"Gardiner construction project to be completed one year early, province says",The Toronto Sun,2024-11-07,-1
3123589608.0,LCBO CEO screwing up paper bags,The Toronto Sun,2024-11-03,19
3123462233.0,"Way to go, doug",The Toronto Sun,2024-11-02,5
3123462056.0,Donate your $200,The Toronto Sun,2024-11-02,2
3123197960.0,Booze comes to the big-box store,The Toronto Sun,2024-11-01,6
3122827774.0,Plenty Of Dough; Ford gov't has more money than it can spend,The Toronto Sun,2024-10-31,2
3122827650.0,Opposition slams fall economic statement,The Toronto Sun,2024-10-31,2
3122694857.0,"Opposition slams Ontario's fall economic statement, while industry groups offer praise",The Toronto Sun,2024-10-30,2
3122605277.0,"Few surprises, but big investments, in Ontario fall economic statement",The Toronto Sun,2024-10-30,2
3122437908.0,Tory bribe money?; Ford hopes 'Dougie Dollars' will keep taxpayers happy,The Toronto Sun,2024-10-30,2
3122229747.0,LILLEY: Ford h opes 'Dougie Dollars' will keep taxpayers happy,The Toronto Sun,2024-10-29,2
3121698899.0,WATCH: Ford announces savings to Ontario residents ahead of Fall Economic Statement,The Toronto Sun,2024-10-28,2
3121113835.0,Bag blunders mount; LCBO CEO may find himself out of a job pretty soon,The Toronto Sun,2024-10-27,19
3121050871.0,LILLEY: LCBO CEO screwing up paper bags symbolic of problems,The Toronto Sun,2024-10-26,19
3120960431.0,Doctor's Orders; 'Learn and Stay'program aims to help Ontarians access physicians,The Toronto Sun,2024-10-26,1
3120910580.0,BATRA'S BURNING QUESTIONS: Ford goes after Toronto bike lanes,The Toronto Sun,2024-10-25,5
3120726146.0,"Spinning their wheels; Ford's bike lane promise so popular, opposition won't attack",The Toronto Sun,2024-10-25,5
3120640804.0,"LILLEY: Ford's bike lane promise so popular, opposition won't attack",The Toronto Sun,2024-10-24,5
3119346388.0,Power for hire; Ford gov't looks to make province a major energy exporter,The Toronto Sun,2024-10-22,11
3123777372.0,LILLEY: Ford government looks to make Ontario energy exporter,The Toronto Sun,2024-10-21,11
3118992398.0,Ford thwarts leftists'agenda,The Toronto Sun,2024-10-21,5
3118121864.0,Nearing time to end Ontario's political welfare regime,The Toronto Sun,2024-10-18,2
3113259476.0,401 tunnel study must not be an afterthought,The Toronto Sun,2024-10-05,13
3113133268.0,LILLEY UNLEASHED: Doug Ford is the best option on the table,The Toronto Sun,2024-10-04,0
3112981950.0,Ford failing upward?; Poor marks on job performance - but soars in poll,The Toronto Sun,2024-10-04,0
3112981431.0,Long road ahead,The Toronto Sun,2024-10-04,13
3111742697.0,On the att-tax; Crombie musing about more of your money gives Ford plenty of fodder,The Toronto Sun,2024-10-01,2
3111009917.0,Traffic problems,The Toronto Sun,2024-09-29,13
3110581997.0,Ontarians deserve taxpayer protection legislation,The Toronto Sun,2024-09-27,2
3110453175.0,BATRA'S BURNING QUESTIONS: Is Doug Ford's 'big dig' feasible or not?,The Toronto Sun,2024-09-26,13
3110151574.0,"Tunnel Vision; Idea is big, bold and might even be bad - but Ontario needs daring solutions",The Toronto Sun,2024-09-26,13
3110029168.0,"LILLEY: Dig Doug, dig! Why we should consider Ford's tunnel idea",The Toronto Sun,2024-09-25,13
3109558452.0,Ford a man of the people; Premier's call to 'get off your ass'and work is correct,The Toronto Sun,2024-09-25,4
3108881988.0,"'Discriminatory, hateful'; Education minister blames 'activist teachers'for anti-Israel field trip",The Toronto Sun,2024-09-24,3
3107623863.0,Tories'wheelie good idea; Let's hope Ford gov't limits bike lanes,The Toronto Sun,2024-09-21,5
3107513804.0,LILLEY: Let's hope Ford government limits bike lanes,The Toronto Sun,2024-09-20,5
3107353259.0,Preem's cut above; Docs show Ford isn't slashing spending - quite the opposite,The Toronto Sun,2024-09-20,2
3107249989.0,LILLEY: Official record shows Ford increased Ontario spending,The Toronto Sun,2024-09-19,2
3106111863.0,CAUGHT ON CAMERA: Premier Ford on how Liberal leader Crombie wants to add to cost of booze,The Toronto Sun,2024-09-16,6
3104584472.0,"LILLEY: Crombie seeks job security, changes to Liberal constitution",The Toronto Sun,2024-09-13,0
3104376934.0,Time for charter schools is now,The Toronto Sun,2024-09-13,3
3101427187.0,Ford's finance minister's record bad and getting worse,The Toronto Sun,2024-09-06,2
3101026838.0,We'll drink to that!; Ontario adopts civilized world's approach to alcohol sales,The Toronto Sun,2024-09-05,8
3100567938.0,CAUGHT ON CAMERA: Premier Ford on crime; enough with the bleeding hearts,The Toronto Sun,2024-09-03,9
3100524396.0,OPINION: Action needed now on Canadian-Ontario Housing Benefit,The Toronto Sun,2024-09-03,4
3098986654.0,Fake budgets are hiding a debt spike,The Toronto Sun,2024-08-30,2
3098516093.0,'Prime'protection; Tories: Key agricultural land to be safeguarded amid energy expansion,The Toronto Sun,2024-08-29,11
3097489806.0,CAUGHT ON CAMERA: Ford says safe supply doesn't work,The Toronto Sun,2024-08-26,8
3097391098.0,LILLEY: Left clings to 'safe' injection sites as opioid deaths double,The Toronto Sun,2024-08-26,8
3097351782.0,"C'Mon ford, express yourself; PC gov't seems to be helping Metrolinx hide incompetence",The Toronto Sun,2024-08-26,17
3096780196.0,"Time to treat addicts, not enable them",The Toronto Sun,2024-08-25,8
3096480068.0,Ford's massive cabinet reflects lack of respect for taxpayers,The Toronto Sun,2024-08-23,3
3095843699.0,'Relieved and grateful'; Closure of injection sites near schools long overdue: MP,The Toronto Sun,2024-08-22,8
3095843648.0,We're all fed up with Fred; Minister's grilling of disgraceful labour leader was spot on,The Toronto Sun,2024-08-22,14
3095724277.0,LILLEY: Doug Ford calls snap byelection,The Toronto Sun,2024-08-21,0
3095334400.0,Ford is the joke,The Toronto Sun,2024-08-21,1
3094884171.0,"LILLEY: Ontario spends least on health, gets better results",The Toronto Sun,2024-08-19,1
3094628699.0,Putting on a clinic; Ford's full-scale makeover of health-care system nearly here,The Toronto Sun,2024-08-19,1
3094100500.0,Lefties'pet peeves; Easier to get an MRI for a dog than a person - but they like it that way,The Toronto Sun,2024-08-18,1
3093968405.0,In dogged pursuit of better Ontario health care,The Toronto Sun,2024-08-17,1
3093686900.0,Gas-tax cut needs to be made permanent,The Toronto Sun,2024-08-16,2
3093013461.0,Ontario economic plan anything but 'fiscally prudent',The Toronto Sun,2024-08-14,2
3091229719.0,"Bottoms up at 7-Eleven; Beer, wine soon available",The Toronto Sun,2024-08-10,6
3091164063.0,You'll be able to enjoy a beer with your 7-Eleven taquito this fall,The Toronto Sun,2024-08-09,6
3087469757.0,Bonnie the liberal,The Toronto Sun,2024-08-02,0
3087362417.0,LILLEY UNLEASHED: Ford frustrated that Trudeau won't change bail legislation,The Toronto Sun,2024-08-01,9
3087068097.0,Blue budget in the red; Ford spending like Wynne: Report,The Toronto Sun,2024-08-01,2
3086840121.0,DEASLEY: Ontario Liberals are telling the wrong story. It's time to change direction,The Toronto Sun,2024-07-31,0
3086610268.0,Judges in the dock?; Premier seeks data on prisoner release amid out-of-control bail,The Toronto Sun,2024-07-31,9
3086428357.0,LILLEY: Ford right to want accountability from Ontario's judges,The Toronto Sun,2024-07-31,9
3086073652.0,CAUGHT ON CAMERA: Doug Ford says he wants judges to be accountable for letting people out,The Toronto Sun,2024-07-29,0
3085319070.0,Polls painful for grits; PCs well ahead while NDP flounders in 3rd,The Toronto Sun,2024-07-28,0
3085230867.0,"LILLEY: Latest poll good for Ford, painful for Stiles and Crombie",The Toronto Sun,2024-07-27,0
3085026557.0,New Brunswickers get tax cut commitment - while Ontarians face mountain of debt,The Toronto Sun,2024-07-26,2
3084633513.0,LCBO just a bully; Facing lawsuit over alleged predatory practices,The Toronto Sun,2024-07-25,-1
3083046679.0,Pour me a cold one; LCBO strike finally limping toward end,The Toronto Sun,2024-07-21,7
3082954425.0,LILLEY: LCBO strike finally limping towards the end,The Toronto Sun,2024-07-20,7
3082878112.0,"Drunk with power; LCBO union boss fights Ford, hurts workers",The Toronto Sun,2024-07-20,7
3082844236.0,LILLEY: LCBO union boss fights Ford and hurts workers,The Toronto Sun,2024-07-19,7
3082835510.0,LILLEY: LCBO workers score wage hike but lose overall,The Toronto Sun,2024-07-19,7
3082051451.0,PC plan has ad-ed bonus; Support for news without subsidies groundbreaking,The Toronto Sun,2024-07-17,-1
3081840007.0,"Shoppers shocked as beer, wine fly off grocery store shelves",The Toronto Sun,2024-07-16,7
3080030360.0,Drinking tales,The Toronto Sun,2024-07-14,7
3079890235.0,Spirits are low; Only thing hurt by LCBO strike is your local watering hole,The Toronto Sun,2024-07-13,7
3079692565.0,Political science; Centre's decline makes it beyond repair,The Toronto Sun,2024-07-12,12
3079345525.0,LILLEY: Science Centre's decline makes it beyond repair,The Toronto Sun,2024-07-11,12
3079101816.0,JAY GOLDBERG: Ford must allow grocery stores to sell all alcohol during LCBO strike,The Toronto Sun,2024-07-11,7
3078862353.0,"What a hangover!; If Ford won't sell the LCBO, then he must fix it",The Toronto Sun,2024-07-11,7
3078240117.0,Still 'plenty of options'for booze,The Toronto Sun,2024-07-10,7
3077591405.0,Strike shows it's time to end liquor store monopoly,The Toronto Sun,2024-07-09,7
3076855003.0,Liberal leader,The Toronto Sun,2024-07-08,0
3076497851.0,To the bottom of the bottle; LCBO strike all about political ambitions of union leaders,The Toronto Sun,2024-07-07,7
3076354485.0,"LCBO staffers, booze buyers adjust",The Toronto Sun,2024-07-06,7
3076354238.0,Dry summer or dried up?; LCBO strike puts privatization on agenda,The Toronto Sun,2024-07-06,7
3075549427.0,'Meaningful moment'; Ford gov't makes major investment in Ontario-based news publishers,The Toronto Sun,2024-07-03,-1
3075549330.0,Ontario helping sustain quality journalism,The Toronto Sun,2024-07-03,-1
3075549197.0,Tories take a stand; Ford government makes bold move to support journalism,The Toronto Sun,2024-07-03,-1
3073307058.0,Ontario funding program to provide 'critical' mental-health support to cops,The Toronto Sun,2024-06-28,8
3071672340.0,Summer fun at the bluffs?; Speculation about election date has opposition running hot,The Toronto Sun,2024-06-24,0
3071344733.0,'We know what this is all about'; Ford critics set to rally after Ontario Science Centre padlocked,The Toronto Sun,2024-06-23,12
3071163725.0,Decades of decay to blame; Ford right to close Ontario Science Centre over faulty roof,The Toronto Sun,2024-06-22,12
3071163023.0,"On alcohol, it's time to truly treat Ontarians as adults",The Toronto Sun,2024-06-22,6
3071106470.0,"GOLDBERG: On alcohol, it's time to truly treat Ontarians as adults",The Toronto Sun,2024-06-21,6
3069734103.0,LCBO workers ready to uncork strike,The Toronto Sun,2024-06-19,7
3068510545.0,$1M paid for 'sham'case for moving Science Centre,The Toronto Sun,2024-06-15,16
3065794504.0,Stapled Down,The Toronto Sun,2024-06-09,19
3065527617.0,Ford's words unhelpful,The Toronto Sun,2024-06-07,3
3065527600.0,Graduating to energy; Ford shuffles Lecce out of education to take on Trudeau in Ottawa,The Toronto Sun,2024-06-07,3
3065229648.0,LILLEY: Ontario taxpayers paying millions in political party subsidies,The Toronto Sun,2024-06-06,2
3064879176.0,LILLEY: Is Ontario run by elected officials or appointed bureaucrats?,The Toronto Sun,2024-06-05,19
3064412373.0,"Hey Doug, what's the rush?; NDP, Grits aghast as waiting times for surgeries drop",The Toronto Sun,2024-06-04,1
3064411995.0,Way to go doug,The Toronto Sun,2024-06-04,6
3062799179.0,Bonnie's in-tax-icated; Liberal booze claims include $300M pink elephant,The Toronto Sun,2024-05-31,-1
3062799161.0,"Terrorizers, 'don't come'; Preem speaks passionately, plainly - and correctly",The Toronto Sun,2024-05-31,3
3061561660.0,Less than enthusiastic about ford,The Toronto Sun,2024-05-29,0
3061460726.0,LILLEY UNLEASHED: Don't believe the hype on a booze inspired early Ontario provincial election,The Toronto Sun,2024-05-28,6
3061327844.0,"LILLEY: No, Doug Ford isn't about to call an early election",The Toronto Sun,2024-05-28,0
3060954956.0,Red robes to Red Rocket; Court's politicking could ruin your commute,The Toronto Sun,2024-05-28,20
3060954386.0,Speedy booze sales for an early election?,The Toronto Sun,2024-05-28,6
3060783111.0,JAY GOLDBERG: Doug Ford's fiscal flop,The Toronto Sun,2024-05-27,2
3060096306.0,Ford's on the case; Preem delivers on beer and wine promise - but with a catch,The Toronto Sun,2024-05-25,6
3059707267.0,"Preem, give 'em the hard stuff; Leader should take even firmer stance on 'safe supply'",The Toronto Sun,2024-05-24,8
3059316108.0,ZIVO: Doug Ford's pushback on 'safer supply' should go farther,The Toronto Sun,2024-05-23,8
3058508930.0,Travelling in circles; Ford gov't blocks release of info on UP Express reversal,The Toronto Sun,2024-05-22,17
3050010146.0,Magical power of a 'piece of cloth',The Toronto Sun,2024-05-02,14
3049094093.0,Kick 'em out,The Toronto Sun,2024-04-30,14
3049000117.0,CAUGHT ON CAMERA: Premier implores Trudeau Liberals not to let drug 'nightmare' come east,The Toronto Sun,2024-04-29,8
3047745832.0,NDP vows to defy 'unjust' keffiyeh rule,The Toronto Sun,2024-04-28,14
3047458403.0,Duty to challenge,The Toronto Sun,2024-04-27,0
3045494836.0,"LILLEY: Doug Ford secures Honda investment, sets sights on Toyota deal",The Toronto Sun,2024-04-24,-1
3044887238.0,'Can't cancel us',The Toronto Sun,2024-04-24,14
3044887174.0,"Going after premier, chief after jury's decision just ugly politics",The Toronto Sun,2024-04-24,9
3044887090.0,'Very Sensitive Topic'; Keffiyeh debate rages on as motion fails again,The Toronto Sun,2024-04-24,14
3044075747.0,"Pandering to hate; In Milton's byelection, Gaza is dominating, not local issues",The Toronto Sun,2024-04-23,14
3041686695.0,"Unplug Ford; After one rough week, premier needs all the cottage time he can get",The Toronto Sun,2024-04-19,0
3041499259.0,LILLEY: Doug Ford needs to take a time out after a rough week,The Toronto Sun,2024-04-18,0
3041219423.0,LILLEY: Ford jumps on contentious keffiyeh issue with both feet,The Toronto Sun,2024-04-18,14
3039681935.0,"Everyone, let's GO!; 300 more train trips added to GTA service",The Toronto Sun,2024-04-16,17
3037733622.0,All about booze,The Toronto Sun,2024-04-12,19
3037733604.0,"Ford's PCs forty-fied; Poll numbers good, but Grits growing",The Toronto Sun,2024-04-12,0
3037400779.0,LILLEY UNLEASHED: Bonnie Crombie thinks your money is the government's money,The Toronto Sun,2024-04-11,15
3034604885.0,Folding on paper; Ford orders LCBO to bring back brown bags,The Toronto Sun,2024-04-08,19
3032863596.0,"Doctor's orders; York U's new med school should help Ontario train, keep more health professionals",The Toronto Sun,2024-04-04,1
3032760378.0,LILLEY: York University's new medical school offers prescription for sustainability,The Toronto Sun,2024-04-03,0
3020293679.0,Tapping taxpayers; Ford gives every caucus member - but one - a raise with latest shuffle,The Toronto Sun,2024-03-30,-1
3018651010.0,LILLEY: Ford's bloated government gives every PC MPP but one a raise,The Toronto Sun,2024-03-29,-1
3004424030.0,SWIFT: The war on natural gas in Ontario needs to stop,The Toronto Sun,2024-03-27,11
3001524737.0,"Ford talks like a Tory, spends like a Liberal",The Toronto Sun,2024-03-27,2
3001523353.0,Inflation fixation; Budget attempts to balance need for growth with high cost of living,The Toronto Sun,2024-03-27,2
2986629750.0,"Political Spending; With upcoming Ontario budget, preem plots course for radical centre",The Toronto Sun,2024-03-26,15
2973795531.0,Crombie knows NIMBY; Liberal leader flip-flops on Ontario housing problem,The Toronto Sun,2024-03-24,-1
2973651116.0,LILLEY: Crombie's Liberals fighting NIMBYism but they know it works,The Toronto Sun,2024-03-23,-1
2973587087.0,That's not very neighbourly; Want a 4-storey building next to you?,The Toronto Sun,2024-03-23,10
2973465308.0,LILLEY: Do you want a four-storey building next to your suburban home?,The Toronto Sun,2024-03-22,10
2969264412.0,Premier 'smoking'mad over federal carbon tax increase,The Toronto Sun,2024-03-20,15
2968633770.0,"Crombie come lately; Responds to last month's tax tumult, but silent on today's hike worries",The Toronto Sun,2024-03-19,15
2967663820.0,"LILLEY: Crombie says no to Ontario carbon tax, stays quiet on federal hike",The Toronto Sun,2024-03-18,15
2956918440.0,"'WILL NEVER, EVER SELL': Premier accuses union leader of lying about LCBO's future",The Toronto Sun,2024-03-14,7
2954282814.0,CAUGHT ON CAMERA: Ford tells Trudeau cancel the carbon tax,The Toronto Sun,2024-03-08,15
2952444441.0,Grit shooting blanks; Liberals at Queen's Park show ignorance on guns and justice,The Toronto Sun,2024-03-08,9
2943998332.0,LILLEY: Liberals at Queen's Park show ignorance on guns and justice,The Toronto Sun,2024-03-07,9
2932311641.0,"Zero-chill freeze; Amazingly, opposition both agitated by and supportive of PCs'tuition move",The Toronto Sun,2024-02-27,3
2931866464.0,"As of today, it's only 1 fare",The Toronto Sun,2024-02-26,17
2931866401.0,'Very clear where I stand'; Appointing 'like-minded'judges just part of our political system,The Toronto Sun,2024-02-26,9
2931164536.0,CAUGHT ON CAMERA: Premier Ford doesn't want NDP or Liberals to appoint judges,The Toronto Sun,2024-02-23,9
2931055788.0,'Out to lunch'; Preem wonders where fed's head's at,The Toronto Sun,2024-02-23,0
2931055633.0,"Reading, writing and racial grievances; Divisive politics must be pushed out of the education system for good",The Toronto Sun,2024-02-23,3
2930960685.0,LILLEY: Radical politics must be pushed out of education system for good,The Toronto Sun,2024-02-23,3
2929296819.0,Political mismatch; Ford benefiting from opposition leaders' weak start to session,The Toronto Sun,2024-02-21,15
2929166150.0,LILLEY: Ford benefitting from opposition leaders' weak start to session,The Toronto Sun,2024-02-20,15
2928717190.0,Preem's gripped by Grit; Gimmicky new bills signal Ford fixation on Liberal rival,The Toronto Sun,2024-02-20,13
2928610874.0,LILLEY: Ford's gimmicky new bills sign he's focused on Bonnie Crombie,The Toronto Sun,2024-02-19,15
2927760267.0,Carbon Tax Futures,The Toronto Sun,2024-02-16,0
2926957845.0,"Why now, doug?",The Toronto Sun,2024-02-15,15
2926641430.0,JAY GOLDBERG: FAO report a scathing indictment of Ford's fiscal management,The Toronto Sun,2024-02-14,2
2922687900.0,Scrambled eglinton; It's 2024 (!) and we still have no idea when Crosstown LRT will finally open,The Toronto Sun,2024-02-06,17
2922626685.0,LILLEY: Still no word from Metrolinx on when Eglinton Crosstown will open,The Toronto Sun,2024-02-06,17
2922543121.0,HEIMPEL: Why Bonnie Crombie is betting against Justin Trudeau,The Toronto Sun,2024-02-05,15
2921319294.0,"Preem: You're going to jail; Crime so bad, Ford's pals have a bat by the bed",The Toronto Sun,2024-02-02,9
2919760268.0,Wiltin'in Milton?; Riding next door to Liberal leader may not be sure thing some expect,The Toronto Sun,2024-01-29,0
2914986231.0,A new gov't staple; Expanding ServiceOntario into retail hardly cause for 'serious concerns',The Toronto Sun,2024-01-15,19
2914891633.0,LILLEY: Expanding ServiceOntario into retail locations good for customers,The Toronto Sun,2024-01-14,19
2913213217.0,Province to close unspecified number of ServiceOntario locations: Report,The Toronto Sun,2024-01-11,19
2909351113.0,Ontario NDP's spending plans ignore fiscal realities,The Toronto Sun,2024-01-03,10
3042387409.0,Windsor and Tecumseh transit get $4.6M funding boost from province,The Windsor Star,2024-04-20,17
3035371603.0,"Bring back paper bags, premier orders LCBO; In brief",The Windsor Star,2024-04-10,19
3001523616.0,Minister touts budget as 'prudent and responsible',The Windsor Star,2024-03-27,2
2972949431.0,"Ford slams carbon tax in speech to farmers; 'Don't know what the guy is smoking up there, 'in apparent dig at PM Trudeau",The Windsor Star,2024-03-21,15
2968687531.0,"Funding for SafePoint needed now, MPP says; Gretzky urges province to move faster as local drug crisis worsens",The Windsor Star,2024-03-19,8
2955954021.0,Interchange will be 'game-changer'; City ecstatic as Ford announces $50M for big Banwell Road-E.C. Row project,The Windsor Star,2024-03-12,-1
2954419703.0,Brown-John: Premier Ford is tainting our judiciary,The Windsor Star,2024-03-09,9
2954415215.0,Premier Ford tainting judiciary,The Windsor Star,2024-03-09,9
2933868290.0,City police launch initiative aimed at reducing auto theft,The Windsor Star,2024-03-02,9
2933270440.0,Deal could add doctors in region,The Windsor Star,2024-02-29,1
2920910665.0,"Funding for women's shelter urged; Stiles demands funding, declaration intimate partner violence is epidemic",The Windsor Star,2024-02-01,-1
2913828911.0,Service Ontario closures ahead: report; In brief,The Windsor Star,2024-01-13,19
2910903007.0,Ontario's new Liberal leader faces perilous political journey,The Windsor Star,2024-01-06,0
3171834429.0,Ontario Election: Not your typical campaign - Windsor area voters hit the polls Thursday,The Windsor Star,2025-02-26,0
3171527057.0,"Low turnout for advance voting; Ontario election 2025 Provincewide apathy no surprise after snap election call, says prof",The Windsor Star,2025-02-26,0
3171526989.0,"Ontario PCs make $40B in promises, vow to axe minimum price for alcohol",The Windsor Star,2025-02-26,0
3171526696.0,NDP leader pledges to invest in Windsor school repairs and transit; Ontario election 2025 Stiles attacks Ford on Trump tariff battle in only non-Tory riding west of London,The Windsor Star,2025-02-26,0
3171099548.0,Ford unclear on how province would pay for billions in PC promises,The Windsor Star,2025-02-25,0
3171025240.0,Ontario Election 2025: NDP leader rallies support in Windsor during final campaign push,The Windsor Star,2025-02-24,0
3169615621.0,"Windsor-Essex PC candidates dodge debates; 'It's undemocratic, and hopefully they'll reconsider,' city councillor says",The Windsor Star,2025-02-22,0
3169615359.0,"Who are the 8 candidates on the ballot in Essex?; Ontario election 2025 Health care, education, 'backroom deals' and tariffs listed among primary issues",The Windsor Star,2025-02-22,0
3169615276.0,Crombie says Grits would extend OHIP to mental health,The Windsor Star,2025-02-22,0
3169286441.0,"Health care, housing key priorities for candidates in Windsor-Tecumseh; Ontario Election Incumbent Dowie captured riding for PC party in 2022 with nearly half the total vote",The Windsor Star,2025-02-21,0
3168913071.0,Poll shows Ford in lead as voting day nears,The Windsor Star,2025-02-20,0
3168913000.0,"Wha t are Windsor area's key issues in this election?; Trade and tariffs, health care and cost of living emerge as concerns",The Windsor Star,2025-02-20,0
3168494770.0,Can New Democrats hold on in Windsor West?; Ontario Election 2025 Progressive Conservatives see strong opportunity to flip riding,The Windsor Star,2025-02-19,0
3168493561.0,Riding had poor turnout in 2022's provincial vote; Ontario Election NDP hopes to hang onto Windsor West with withdrawal of Liberal candidate,The Windsor Star,2025-02-19,0
3168136375.0,"Election debates cancelled amid lack of participants, PC candidates' boycott",The Windsor Star,2025-02-18,0
3168135822.0,"Labour council backs NDP slate, but unions like Ford; Tough-talking Tory leader's image gains traction with Trump tariffs on horizon",The Windsor Star,2025-02-18,-1
3166850656.0,Trade minister expects job losses,The Windsor Star,2025-02-14,0
3165967535.0,"Liberals, Greens name candidates in Essex; Ontario election",The Windsor Star,2025-02-12,0
3165552539.0,"Will Ford snap vote gamble pay off?; Ontario election PCs could ride Trump wave to win, but experts will watch seat count",The Windsor Star,2025-02-11,0
3165552330.0,Ford promises Windsor a helicopter; NDP pledges 'grocery rebate'; Ontario election,The Windsor Star,2025-02-11,2
3164731965.0,"Tories offer trains, Grits pledge MDs, while NDP vows support for renters",The Windsor Star,2025-02-08,17
3164712061.0,"PCs promise trains, Liberals promise doctors, NDP promises rent relief",The Windsor Star,2025-02-07,17
3164626192.0,"Ontario Election 2025: Candidates talk up jobs, healthcare, affordability",The Windsor Star,2025-02-07,0
3164497566.0,"Election campaign swings back to affordability; With tariffs on back burner, candidates focus on social supports, taxes and tolls",The Windsor Star,2025-02-07,4
3164497547.0,School trustee to run for NDP; Election Mother of five campaigning in Chatham-Kent -Leamington,The Windsor Star,2025-02-07,0
3164117528.0,Ford touts his Tories as party for workers - some feel 'it's a gimmick'; Analysis,The Windsor Star,2025-02-06,-1
3164117302.0,"Liberals, Greens largely quiet so far in region",The Windsor Star,2025-02-06,0
3163804731.0,Ontario Election 2025: What's the main campaign issue now that Trump tariffs are on hold?,The Windsor Star,2025-02-05,0
3163599745.0,A deepening doctor shortage is now 'more than a crisis'; Ontario Election,The Windsor Star,2025-02-05,1
3163465354.0,"Ontario Election 2025: A temporary tariff reprieve, but is it for candidates?",The Windsor Star,2025-02-04,0
3163298067.0,Trump trade war doubles Ford PC lead in Ontario election race: Poll; Trump trade war doubles Ford PC lead in Ontario election race: Poll,The Windsor Star,2025-02-04,0
3163297824.0,"Ontario cancels Starlink deal, bars U.S. firms from government contracts; Ontario cancels Starlink deal, bars U.S. firms from government contracts",The Windsor Star,2025-02-04,0
3163230558.0,Ontario election: What you need to know to vote,The Windsor Star,2025-02-03,0
3163220720.0,Trump trade war doubles Ford PC lead in Ontario election race: Poll,The Windsor Star,2025-02-03,0
3163190243.0,Ontario Election 2025: Trump tariffs hitting as election picks up steam,The Windsor Star,2025-02-03,0
3162419531.0,"'We are going to fight like hell'; NDP Leader chastises Ford, vows to stand up to U.S. over tariffs",The Windsor Star,2025-02-01,0
3162419336.0,A $200 cheque won't buy my vote,The Windsor Star,2025-02-01,0
3162419254.0,My $200 goes to Downtown Mission,The Windsor Star,2025-02-01,0
3162419197.0,Where The Leaders Stand; Ontario Tariff Tactics,The Windsor Star,2025-02-01,0
3162419192.0,Time to show exit door to Mr. Ford,The Windsor Star,2025-02-01,0
3162022216.0,"Rebate or bribe? Cheque is in mail; Ontario $200 will come, province says",The Windsor Star,2025-01-31,2
3161607420.0,Ford kicks off campaign under Ambassador Bridge; Conservative Leader vows to fight tariffs after calling snap election,The Windsor Star,2025-01-30,0
3161607164.0,"Advocates laud $6.3M in funding for new hub to address addiction, mental illness",The Windsor Star,2025-01-30,8
3161458503.0,Premier Doug Ford uses Windsor's Ambassador Bridge as backdrop for campaign launch,The Windsor Star,2025-01-29,0
3160933988.0,Premier Doug Ford heading to Windsor after calling snap election,The Windsor Star,2025-01-28,0
3160670828.0,What to know about Ontario's election; Explainer,The Windsor Star,2025-01-28,0
3159727670.0,"Strong mandate needed to fight Trump, say Tory MPPs; Ontario election",The Windsor Star,2025-01-25,0
3155882711.0,"Chatham-Lakeshore hydro line comes in under budget; Project finished a year ahead of schedule, adding capacity for industry, agri-food",The Windsor Star,2025-01-15,11
3155460905.0,Proposed Trump tariffs an 'existential threat': NDP,The Windsor Star,2025-01-14,0
3151475565.0,Opposition leaders could benefit if Ford doesn't call early election,The Windsor Star,2025-01-04,0
3148911478.0,Acute care hospital on track for tenders ahead of schedule,The Windsor Star,2024-12-24,1
3147264522.0,Who pulls election plug first: Trudeau or Ford?; Analysis,The Windsor Star,2024-12-19,0
3147022765.0,Chatham mayor flip-flops on using Charter to tackle homeless camps,The Windsor Star,2024-12-18,4
3144437440.0,"Windsor mayor, police chief hope Ford's helicopter promise lifts off; Premier asks solicitor general to procure choppers for Windsor, Niagara borders",The Windsor Star,2024-12-14,0
3143063993.0,Signs that Ford may call early election accumulate,The Windsor Star,2024-12-11,0
3141979603.0,Ford leads the way on transit; Opinion; Ontario premier working to get Toronto moving,The Windsor Star,2024-12-07,-1
3141979395.0,"Mayor lauds Ford's vow to crack down on public drug use, encampments",The Windsor Star,2024-12-07,4
3134182501.0,"Mayor should find solutions to root causes of homelessness; Dismantling homeless camps, forcing treatment won't help, Kathy Moreland says",The Windsor Star,2024-11-29,4
3129054874.0,$200 tax rebates not so conservative,The Windsor Star,2024-11-16,2
3128888527.0,Health-care CEO opposes involuntary treatment; Strongly worded open letter challenges mayor's public stance,The Windsor Star,2024-11-15,4
3128430064.0,Ford presses Mexico to tackle 'backdoored'products from China,The Windsor Star,2024-11-14,0
3126407285.0,'Spending fiasco' - Premier orders school board audits amid travel scandals: MPP,The Windsor Star,2024-11-08,3
3123169792.0,"Ford hopes dougi e dollars will keep taxpayers happy; Premier says inflation gave province sales-tax windfall, Brian Lilley writes",The Windsor Star,2024-11-01,2
3123169759.0,"Ontario plots $191B, 10-year infrastructure spending plan",The Windsor Star,2024-11-01,2
3123059723.0,Guest column: Ford hopes 'Dougie Dollars' will keep taxpayers happy,The Windsor Star,2024-10-31,2
3123012334.0,"Few surprises, but big investments, in Ontario fall economic statement",The Windsor Star,2024-10-31,2
3122810743.0,Premier says $200 for each taxpayer unrelated to potential spring election,The Windsor Star,2024-10-31,2
3120935179.0,'Car-first'agenda kicks cyclists to the curb,The Windsor Star,2024-10-26,5
3118390771.0,"Stiles fights involuntary treatment; NDP leader takes a stand opposite from mayor, calls for more supports",The Windsor Star,2024-10-19,8
3117220111.0,"Windsor gets one of three car innovation hubs; Mercedes-Benz, ovin partnering on developing ai, software, batteries",The Windsor Star,2024-10-16,-1
3110861343.0,"Farmland should be prioritized over industry; Bulldozing barns to attract investors short-sighted, writes Robin Baranyai",The Windsor Star,2024-09-28,21
3106583813.0,"Hospital construction may start ahead of schedule; But with inflation, $2B price tag is expected to climb even higher",The Windsor Star,2024-09-18,1
3106583703.0,"Province to help train 2,300 Windsor workers; Premier commits $9M to level up area's manufacturing, construction workforce",The Windsor Star,2024-09-18,-1
3087666606.0,"It's time for the Ontario Liberals to change the storyline; Crombie should pivot instead to tale of optimism, writes Taylor Deasley",The Windsor Star,2024-08-03,0
3084143562.0,Premier bullish on LCBO's future,The Windsor Star,2024-07-24,7
3082885152.0,Does Ford's plan really threaten many LCBO jobs?,The Windsor Star,2024-07-20,6
3082884980.0,Premier helps Enbridge break ground on $358M gas pipeline; 19-km line will run next to Panhandle pipeline and feed into greenhouses,The Windsor Star,2024-07-20,11
3082710688.0,"With supplies dwindling, local bars, restaurants feel pain of LCBO strike",The Windsor Star,2024-07-19,7
3082056581.0,Ontario's groundbreaking journalism plan; Local media needs support at all levels,The Windsor Star,2024-07-17,-1
3079905603.0,"Randall Denley: The LCBO union will lose, but Ford's anti-monopoly crusade remains incomplete",The Windsor Star,2024-07-13,7
3079696212.0,"LCBO union will lose, but Ford's crusade isn't finished",The Windsor Star,2024-07-12,7
3076315619.0,Ford government could use a math refresher,The Windsor Star,2024-07-06,6
3075544790.0,Ontario ad funds to boost media; $25M per year; 25% to support Ontario-Based news sources,The Windsor Star,2024-07-03,-1
3075544729.0,Ontario helping sustain quality journalism; Powerful policy,The Windsor Star,2024-07-03,-1
3075544448.0,PM should follow ford on ad funds; Local Journalism,The Windsor Star,2024-07-03,-1
3071165928.0,Ford calls for 100 per cent tariffs on Chinese EVs,The Windsor Star,2024-06-22,0
3070944753.0,"Pass intimate partner violence law now, NDP urges Ford government",The Windsor Star,2024-06-21,-1
3070944711.0,Kids skip class to escape sweltering temperatures; NDP demands Ford government install emergency AC in schools,The Windsor Star,2024-06-21,3
3065533248.0,"Beer will muscle aside food in corner stores; Isolated people will lose easy access to necessities, writes Robert Fox",The Windsor Star,2024-06-07,6
3063000372.0,MPP's bid to protect urban green areas gains momentum,The Windsor Star,2024-06-01,-1
3063000094.0,MPP renews call for 'epidemic'declaration; Gretzky says Ford government dragging its feet on Intimate Partner Violence Act,The Windsor Star,2024-06-01,-1
3058508963.0,"High school receives $3.7M to build eight classrooms; Made for 1,100 students, St. Joseph's current enrolment is roughly 1,300",The Windsor Star,2024-05-22,3
3052948832.0,Health-care workers hand petition to Dowie for 'fair wage increase'; Home and community support staff rally in Windsor as part of provincewide push,The Windsor Star,2024-05-09,20
3050617786.0,Lambton-Kent-Middlesex remains a Tory riding,The Windsor Star,2024-05-04,0
3047040249.0,Ford reversals remind us our voices have power,The Windsor Star,2024-04-26,-1
3046214734.0,"Honda to build EVs in Ontario: analyst; Plan will require multiple plants, thousands of workers, expert says",The Windsor Star,2024-04-25,-1
